0.00000,0.02794,0.00309,-0.00903,0.01091,-0.01694,0.00569,0.99978
0.31091,1.06915,0.00449,0.03456,-0.01443,0.01710,0.00084,-0.99975
0.62171,2.02748,0.00658,0.05692,-0.01760,0.01968,-0.00081,-0.99965
0.72521,2.36996,0.00631,0.06873,-0.01703,0.01981,-0.00801,-0.99963
0.82892,2.71413,0.01366,0.07883,-0.01477,0.02004,-0.01775,-0.99953
0.93250,3.08707,0.00723,0.07536,-0.01275,0.02122,-0.02790,-0.99930
1.03610,3.44253,0.05783,0.08960,-0.01241,0.02153,-0.03797,-0.99897
1.13986,3.80730,0.10537,0.12420,-0.01294,0.02055,-0.05025,-0.99844
1.24351,4.17806,0.17087,0.14804,-0.01332,0.01990,-0.06073,-0.99787
1.34735,4.58424,0.20967,0.14544,-0.01281,0.02049,-0.07145,-0.99715
1.45112,4.99472,0.29049,0.16920,-0.01201,0.02008,-0.07947,-0.99656
1.55510,5.39777,0.39226,0.20243,-0.01147,0.01977,-0.08691,-0.99595
1.65923,5.84223,0.45656,0.21805,-0.01238,0.02039,-0.09374,-0.99531
1.76289,6.29366,0.54970,0.23272,-0.01392,0.02157,-0.09915,-0.99474
1.86709,6.75452,0.66136,0.25644,-0.01336,0.02248,-0.10137,-0.99450
1.97096,7.22189,0.77406,0.26784,-0.01278,0.02370,-0.10464,-0.99415
2.07639,7.69724,0.86938,0.29241,-0.01306,0.02499,-0.10786,-0.99377
2.17912,8.19357,0.99725,0.32598,-0.01461,0.02551,-0.11161,-0.99332
2.28310,8.68845,1.11089,0.35376,-0.01765,0.02581,-0.11427,-0.99296
2.49110,9.71092,1.37547,0.40651,-0.01524,0.02945,-0.12106,-0.99209
2.59523,10.24298,1.52541,0.43808,-0.01351,0.03113,-0.12588,-0.99147
2.69921,10.79458,1.66590,0.47719,-0.01452,0.03170,-0.13004,-0.99090
2.80319,11.35799,1.84555,0.52039,-0.01568,0.03247,-0.13397,-0.99033
2.90723,11.91191,1.99700,0.55420,-0.01532,0.03402,-0.13848,-0.98966
3.01125,12.50036,2.18835,0.60339,-0.01428,0.03569,-0.14239,-0.98906
3.21957,13.70439,2.57651,0.68813,-0.01419,0.04235,-0.14898,-0.98783
3.32357,14.32077,2.78998,0.73762,-0.01400,0.04641,-0.15114,-0.98732
3.42747,14.93036,2.99029,0.79460,-0.01301,0.05073,-0.15319,-0.98681
3.53159,15.56049,3.19642,0.85298,-0.01189,0.05539,-0.15547,-0.98622
3.63547,16.22139,3.44556,0.92303,-0.01054,0.05915,-0.15717,-0.98574
3.74203,16.88029,3.69205,1.02122,-0.00878,0.06230,-0.15955,-0.98518
3.84352,17.55407,3.92781,1.09090,-0.00782,0.06572,-0.16212,-0.98455
4.05138,18.92266,4.45441,1.27243,-0.00442,0.07076,-0.16678,-0.98344
4.15529,19.62610,4.71495,1.38220,-0.00358,0.07149,-0.16959,-0.98291
4.25927,20.34566,4.99321,1.49391,-0.00333,0.07107,-0.17261,-0.98242
4.46780,21.78218,5.56779,1.72506,-0.00333,0.06930,-0.17934,-0.98134
4.67637,23.24567,6.13737,1.94914,-0.00257,0.06512,-0.18838,-0.97993
4.98648,25.45567,7.12324,2.27367,0.00137,0.06039,-0.20185,-0.97755
5.19424,26.95944,7.83072,2.47597,0.00222,0.05964,-0.21089,-0.97569
5.29815,27.71104,8.20845,2.58202,0.00286,0.05888,-0.21513,-0.97480
5.50588,29.23870,8.98052,2.77937,0.00235,0.05559,-0.22365,-0.97308
5.60976,30.01511,9.40891,2.87659,0.00358,0.05353,-0.22742,-0.97232
5.71362,30.78491,9.77645,2.98862,0.00406,0.05146,-0.23154,-0.97145
5.81748,31.61563,10.25155,3.08055,0.00303,0.05039,-0.23553,-0.97055
5.92135,32.43232,10.72981,3.16105,0.00224,0.04967,-0.23886,-0.96978
6.02528,33.27141,11.21835,3.25923,0.00280,0.04898,-0.24192,-0.96905
6.12910,34.07757,11.64238,3.35148,0.00154,0.04786,-0.24510,-0.96832
6.23313,34.94263,12.18670,3.45523,0.00163,0.04796,-0.24738,-0.96773
6.33692,35.76621,12.62633,3.53971,0.00051,0.04789,-0.24985,-0.96710
6.44110,36.66761,13.19274,3.64917,0.00166,0.04832,-0.25068,-0.96686
6.54551,37.57512,13.73907,3.73736,0.00131,0.04796,-0.25117,-0.96675
6.64873,38.47341,14.26976,3.85214,0.00205,0.04717,-0.25108,-0.96681
6.85650,40.30575,15.34502,4.05238,0.00062,0.04704,-0.25202,-0.96658
7.06431,42.20690,16.44469,4.26090,-0.00103,0.04590,-0.25518,-0.96580
7.27186,44.05732,17.56728,4.47646,-0.00135,0.04174,-0.25972,-0.96478
7.47948,45.88025,18.72534,4.69532,-0.01889,0.03486,-0.29082,-0.95596
7.68703,47.46887,19.82522,4.84398,-0.01850,0.03720,-0.34104,-0.93913
7.89462,49.06320,21.23655,5.04043,-0.01605,0.03299,-0.33431,-0.94175
8.10240,50.71647,22.65538,5.21444,-0.01647,0.03591,-0.31163,-0.94938
8.31011,52.39716,23.91569,5.42231,-0.01755,0.03970,-0.31753,-0.94725
8.51786,54.08268,25.24058,5.59367,-0.01595,0.03617,-0.32281,-0.94564
8.72574,55.70490,26.55368,5.78801,-0.01492,0.03511,-0.32762,-0.94404
8.93355,57.36492,27.94350,5.98838,-0.01701,0.03636,-0.33364,-0.94184
9.14111,58.98676,29.33164,6.18193,-0.01733,0.03601,-0.34015,-0.93952
9.34878,60.62090,30.76626,6.38153,-0.01744,0.03616,-0.34778,-0.93672
9.55632,62.23684,32.23106,6.58260,-0.01856,0.03666,-0.35575,-0.93368
9.65997,63.03331,32.96201,6.69058,-0.01878,0.03701,-0.35992,-0.93206
9.76486,63.80940,33.69878,6.78610,-0.01941,0.03748,-0.36408,-0.93041
9.86900,64.60868,34.48292,6.90089,-0.01963,0.03726,-0.36816,-0.92881
9.97113,65.43004,35.27708,7.01183,-0.01915,0.03673,-0.37238,-0.92716
10.07493,66.21278,36.12816,7.12005,-0.01965,0.03616,-0.37624,-0.92561
10.28236,67.81029,37.74763,7.31626,-0.02123,0.03690,-0.38517,-0.92186
10.38618,68.59653,38.56923,7.41634,-0.02076,0.03724,-0.38919,-0.92017
10.48986,69.40422,39.41318,7.52472,-0.02072,0.03658,-0.39311,-0.91853
10.59363,70.19197,40.27715,7.62845,-0.02021,0.03717,-0.39622,-0.91718
10.69740,70.97290,41.14866,7.73350,-0.02037,0.03765,-0.39930,-0.91582
10.80111,71.73866,42.03167,7.84809,-0.02049,0.03895,-0.40237,-0.91442
10.90498,72.51297,42.91366,7.95794,-0.02131,0.04004,-0.40551,-0.91296
11.00877,73.31359,43.81474,8.07137,-0.02161,0.04038,-0.40916,-0.91131
11.11248,74.05281,44.73007,8.19730,-0.02134,0.03960,-0.41166,-0.91023
11.21624,74.82414,45.63248,8.31132,-0.02157,0.03914,-0.41489,-0.90877
11.32003,75.57072,46.51813,8.43606,-0.02191,0.03900,-0.41812,-0.90729
11.52765,77.07863,48.41028,8.66114,-0.02309,0.03881,-0.42333,-0.90485
11.63142,77.82049,49.35668,8.77980,-0.02355,0.03846,-0.42567,-0.90375
11.83905,79.31386,51.28079,9.02960,-0.02723,0.03892,-0.43017,-0.90150
12.04627,80.79574,53.25196,9.30035,-0.01249,0.04823,-0.43614,-0.89850
12.25360,81.85371,54.65380,9.50239,-0.01636,0.04536,-0.43759,-0.89788
12.46099,83.33571,56.69967,9.76860,-0.01533,0.04413,-0.44997,-0.89182
12.66839,84.72993,58.70284,10.02312,-0.01603,0.04537,-0.46173,-0.88571
12.87573,86.10795,60.81321,10.28524,-0.01751,0.04417,-0.47231,-0.88015
13.08311,87.37602,62.89020,10.53033,-0.01801,0.04328,-0.48218,-0.87482
13.29073,88.59038,64.93053,10.76678,-0.01767,0.04440,-0.49298,-0.86873
13.49801,89.80418,67.14464,11.02637,-0.01688,0.04542,-0.50526,-0.86160
13.70551,90.96558,69.40878,11.29829,-0.01551,0.04309,-0.51505,-0.85594
13.91290,92.11107,71.75460,11.55344,-0.02232,0.03898,-0.52501,-0.84991
14.01665,92.63406,72.87835,11.67665,-0.02413,0.03919,-0.52809,-0.84794
14.12027,93.17211,74.02252,11.80544,-0.02538,0.03960,-0.53103,-0.84605
14.22450,93.69943,75.15310,11.93321,-0.02735,0.04004,-0.53381,-0.84422
14.32763,94.23299,76.27278,12.08588,-0.02802,0.03899,-0.53632,-0.84265
14.43126,94.77653,77.38987,12.26018,-0.02702,0.03680,-0.53879,-0.84120
14.53838,95.25996,78.52905,12.38610,-0.02721,0.03472,-0.54018,-0.84039
14.63863,95.75639,79.66779,12.52395,-0.02713,0.03376,-0.54186,-0.83935
14.74239,96.25087,80.80432,12.64648,-0.02757,0.03290,-0.54337,-0.83840
14.84612,96.74186,81.87792,12.80085,-0.02672,0.03173,-0.54469,-0.83761
15.05374,97.67422,84.21632,13.01632,-0.02845,0.03027,-0.54634,-0.83653
15.15749,98.09506,85.44905,13.13393,-0.02928,0.02959,-0.54626,-0.83658
15.26123,98.56479,86.50154,13.26581,-0.02967,0.02778,-0.54763,-0.83573
15.36503,99.00888,87.57855,13.37993,-0.03075,0.02628,-0.54861,-0.83510
15.46885,99.40807,88.67320,13.49774,-0.03135,0.02579,-0.54862,-0.83509
15.57268,99.84332,89.80188,13.60379,-0.03264,0.02563,-0.54894,-0.83483
15.67651,100.29301,90.87796,13.72281,-0.03249,0.02641,-0.54918,-0.83465
15.78037,100.72928,91.95865,13.83684,-0.03265,0.02689,-0.54908,-0.83470
15.88410,101.17387,92.99063,13.97479,-0.03105,0.02758,-0.54832,-0.83523
15.98800,101.60269,94.05382,14.06562,-0.03122,0.02891,-0.54642,-0.83643
16.09190,102.03308,95.09525,14.17944,-0.03068,0.02976,-0.54411,-0.83793
16.19570,102.46513,96.12021,14.27734,-0.03089,0.03035,-0.54145,-0.83962
16.29950,102.92159,97.13872,14.39085,-0.02997,0.03046,-0.53868,-0.84143
16.40337,103.36846,98.15806,14.49035,-0.02949,0.03071,-0.53504,-0.84375
16.50726,103.81252,99.17877,14.59268,-0.02961,0.03078,-0.53087,-0.84638
16.61111,104.27633,100.17126,14.69495,-0.02974,0.03108,-0.52678,-0.84891
16.71499,104.74011,101.17030,14.80206,-0.02966,0.03215,-0.52199,-0.85183
16.81885,105.26696,102.11784,14.94058,-0.02924,0.03338,-0.51814,-0.85414
16.92274,105.75793,103.12220,15.02501,-0.02938,0.03537,-0.51249,-0.85746
17.02673,106.25680,104.09643,15.13653,-0.02821,0.03600,-0.50654,-0.86100
17.13053,106.77844,105.10376,15.25590,-0.02694,0.03596,-0.50018,-0.86476
17.23425,107.29702,106.05768,15.36824,-0.02590,0.03552,-0.49390,-0.86841
17.33811,107.86988,107.01839,15.49044,-0.02562,0.03544,-0.48839,-0.87153
17.44238,108.43842,107.96422,15.58812,-0.02526,0.03636,-0.48259,-0.87472
17.54579,108.98826,108.89931,15.71509,-0.02552,0.03679,-0.47660,-0.87798
17.64936,109.57057,109.80451,15.82762,-0.02655,0.03688,-0.47108,-0.88092
17.75312,110.14854,110.69680,15.94911,-0.02678,0.03664,-0.46543,-0.88392
17.85705,110.72964,111.57475,16.05556,-0.02574,0.03650,-0.45968,-0.88696
17.96053,111.31900,112.43176,16.16708,-0.02534,0.03511,-0.45448,-0.88970
18.06414,111.93074,113.27627,16.27745,-0.02416,0.03518,-0.44925,-0.89238
18.16789,112.53044,114.10306,16.38493,-0.02300,0.03633,-0.44369,-0.89515
18.27164,113.13614,114.92269,16.48651,-0.02238,0.03751,-0.43840,-0.89772
18.37542,113.74247,115.69322,16.62413,-0.02107,0.03757,-0.43325,-0.90024
18.47910,114.34596,116.48224,16.73232,-0.02045,0.03677,-0.42788,-0.90286
18.58290,114.96886,117.26022,16.83866,-0.01972,0.03598,-0.42290,-0.90525
18.79026,116.21408,118.78501,17.03291,-0.01938,0.03631,-0.41349,-0.90958
18.89408,116.84520,119.52302,17.12322,-0.01089,0.02367,-0.39662,-0.91761
19.10151,117.97959,120.76886,17.24044,-0.00797,0.02245,-0.41242,-0.91068
19.20527,118.58765,121.46179,17.30650,-0.00723,0.02234,-0.40581,-0.91365
19.30914,119.19701,122.16611,17.36697,-0.00687,0.02254,-0.39530,-0.91825
19.41289,119.78330,122.81467,17.42274,-0.00547,0.02274,-0.38724,-0.92168
19.62050,121.05451,124.17188,17.56563,-0.00276,0.02077,-0.37234,-0.92786
19.82825,122.34375,125.46624,17.67455,-0.00122,0.02183,-0.35644,-0.93406
20.03595,123.41237,126.47071,17.77115,-0.00146,0.02282,-0.33668,-0.94134
20.24355,124.56775,127.44920,17.87466,-0.00001,0.02126,-0.31660,-0.94832
20.34736,125.25735,128.02315,17.92595,0.00014,0.02044,-0.30777,-0.95124
20.45130,125.82515,128.46566,17.97944,0.00048,0.01925,-0.29612,-0.95496
20.55501,126.44234,128.89290,18.02716,0.00072,0.01837,-0.28848,-0.95731
20.76270,127.63660,129.73827,18.11213,0.00028,0.01754,-0.27660,-0.96082
20.86859,128.67413,130.51517,18.23322,0.00105,0.01773,-0.26914,-0.96294
20.97000,129.39589,131.02277,18.27595,0.00183,0.01777,-0.26298,-0.96464
21.17762,130.83441,131.95798,18.36639,0.00218,0.01786,-0.25948,-0.96558
21.38501,132.27546,132.86267,18.45190,0.00146,0.01867,-0.25100,-0.96781
21.69684,134.54898,134.13601,18.57769,0.00439,0.01527,-0.24044,-0.97054
22.11113,138.00011,135.96326,18.74325,0.00813,0.01109,-0.22687,-0.97383
22.31874,139.80716,136.90140,18.80139,0.00798,0.00983,-0.21870,-0.97571
22.52637,141.64695,137.80231,18.85371,0.00641,0.00978,-0.20964,-0.97771
22.83789,144.50388,139.12215,18.93231,0.00613,0.01232,-0.19221,-0.98126
22.94174,145.48024,139.53925,18.95370,0.00783,0.01240,-0.18388,-0.98284
23.14981,147.69065,140.41051,19.01625,0.01066,0.01122,-0.16431,-0.98629
23.35762,149.86051,141.19819,19.08893,0.01207,0.01076,-0.14258,-0.98965
23.46162,151.10569,141.55810,19.12612,0.01242,0.00967,-0.13177,-0.99116
23.66949,153.41269,142.25834,19.17912,0.01427,0.00666,-0.10899,-0.99392
23.98124,157.03977,143.10454,19.24765,0.01542,0.00686,-0.07594,-0.99697
24.08511,158.36102,143.34046,19.28278,0.01533,0.00749,-0.06574,-0.99769
24.39661,162.33078,143.90191,19.32283,-0.00848,0.00129,-0.00794,-0.99993
24.60424,162.83597,144.05375,19.34146,-0.00768,0.00000,0.05745,-0.99832
24.81187,165.32690,143.80980,19.34944,-0.00601,0.00091,0.05362,-0.99854
25.01937,167.87946,143.55155,19.39843,-0.00471,0.00286,0.05655,-0.99838
25.22686,170.26185,143.32622,19.44781,-0.00506,0.00522,0.06437,-0.99790
25.43425,172.97796,143.04800,19.53189,-0.00355,0.01041,0.08028,-0.99671
25.64164,175.65485,142.69563,19.58762,-0.00205,0.01482,0.09757,-0.99512
25.84899,178.43637,142.19199,19.69121,-0.00164,0.01580,0.10835,-0.99399
26.05649,181.63622,141.91641,19.97619,-0.00290,0.01751,0.13527,-0.99065
26.16024,183.12876,141.56420,20.04170,-0.00269,0.01946,0.14360,-0.98944
26.26401,184.56766,141.27586,20.11693,-0.00119,0.01914,0.15325,-0.98800
26.47149,187.69219,140.44412,20.36093,0.00163,0.01956,0.17201,-0.98490
26.67901,190.79422,139.24699,20.50075,0.00224,0.02236,0.18918,-0.98168
26.88664,193.65925,138.15918,20.71421,0.00265,0.02703,0.20821,-0.97771
27.09436,196.88217,136.74861,20.90761,0.00542,0.02860,0.23179,-0.97233
27.30214,199.91775,135.36887,21.11523,0.01021,0.03008,0.26007,-0.96507
27.50993,202.90484,133.72949,21.36543,0.01555,0.02032,0.29341,-0.95564
27.71750,203.09081,133.81243,21.41649,0.01595,0.02316,0.33962,-0.94014
27.82125,204.30208,132.89262,21.52026,0.01664,0.02528,0.34323,-0.93877
27.92502,205.30883,132.09541,21.61958,0.01737,0.02645,0.34907,-0.93656
28.02875,206.43607,131.11956,21.71591,0.01805,0.02774,0.35509,-0.93425
28.13263,207.53036,130.22491,21.84348,0.01799,0.02828,0.36193,-0.93160
28.23653,208.90897,129.12297,22.02607,0.01828,0.02872,0.36869,-0.92893
28.34005,210.07989,128.03601,22.20883,0.01789,0.02976,0.37611,-0.92592
28.44375,211.21460,127.03791,22.35766,0.01782,0.03088,0.38524,-0.92213
28.65115,213.52394,124.70476,22.62561,0.01844,0.03437,0.39909,-0.91608
28.75498,214.69721,123.57748,22.77811,0.01920,0.03431,0.40837,-0.91197
28.85855,215.76542,122.43613,22.91819,0.01973,0.03407,0.41740,-0.90787
28.96231,216.75282,121.28675,23.04618,0.02100,0.03283,0.42677,-0.90352
29.06591,217.74734,120.12074,23.20592,0.02249,0.03095,0.43611,-0.89908
29.16963,218.64370,118.99137,23.35668,0.02430,0.02926,0.44556,-0.89444
29.27328,219.60355,117.85055,23.52275,0.02581,0.02900,0.45510,-0.88959
29.48064,221.35017,115.48661,23.79383,0.02831,0.02852,0.47353,-0.87986
29.58441,222.23182,114.25585,23.94699,0.02852,0.02694,0.48398,-0.87420
29.68805,223.01525,113.08841,24.09131,0.02840,0.02512,0.49473,-0.86822
29.79176,223.76621,111.88871,24.21489,0.02881,0.02384,0.50433,-0.86270
29.89550,224.49916,110.69045,24.34678,0.02882,0.02305,0.51446,-0.85672
29.99928,225.22200,109.40586,24.49113,0.02915,0.02254,0.52418,-0.85081
30.10288,225.92196,108.15569,24.63287,0.02908,0.02211,0.53442,-0.84443
30.20674,226.49707,106.91495,24.74988,0.02866,0.02326,0.54417,-0.83816
30.31046,227.04244,105.72738,24.87485,0.02736,0.02424,0.55334,-0.83215
30.41418,227.58991,104.54021,24.99200,0.02662,0.02382,0.56337,-0.82543
30.51790,228.06374,103.39493,25.09794,0.02712,0.02365,0.57257,-0.81906
30.62190,228.60192,102.08467,25.23321,0.02899,0.02521,0.58200,-0.81228
30.72544,229.01549,100.86395,25.34490,0.03254,0.02829,0.59055,-0.80585
30.82918,229.44612,99.63770,25.49771,0.03592,0.02987,0.59943,-0.79906
30.93290,229.82162,98.43228,25.64893,0.03848,0.02988,0.60744,-0.79287
31.03669,230.21373,97.22888,25.77781,0.03993,0.02916,0.61415,-0.78764
31.14038,230.59159,95.91275,25.95431,0.04193,0.02694,0.62178,-0.78160
31.24413,230.87964,94.72993,26.09987,0.04306,0.02601,0.62797,-0.77661
31.34787,231.22157,93.42303,26.25702,0.04298,0.02514,0.63565,-0.77037
31.45171,231.47042,92.25322,26.39205,0.04331,0.02476,0.64159,-0.76542
31.55540,231.74955,91.00412,26.53844,0.04421,0.02474,0.64857,-0.75947
31.65917,231.97298,89.80031,26.67431,0.04708,0.02411,0.65502,-0.75375
31.76289,232.15379,88.77820,26.79275,0.04789,0.02481,0.66265,-0.74698
31.86662,232.32676,87.49188,26.96033,0.02355,0.04103,0.67146,-0.73953
31.97039,232.39995,86.28795,27.10007,0.02160,0.03992,0.67662,-0.73493
32.17781,232.63454,84.01558,27.34678,0.01910,0.03704,0.68646,-0.72597
32.38517,232.78665,81.82002,27.63454,0.01957,0.03663,0.69327,-0.71948
32.69616,232.98030,78.48542,27.97634,0.02575,0.04074,0.69944,-0.71306
33.00725,233.11893,75.34304,28.35402,0.02011,0.03479,0.70386,-0.70920
33.31844,233.20357,72.18301,28.66275,0.02011,0.03498,0.70416,-0.70889
33.52577,233.27700,70.11000,28.85512,0.02303,0.03447,0.70283,-0.71015
33.73312,233.35626,68.07714,29.05131,0.02476,0.03433,0.70064,-0.71226
33.83686,233.38054,67.05681,29.14068,0.02599,0.03441,0.69845,-0.71436
33.94091,233.44072,66.05667,29.24071,0.02583,0.03388,0.69661,-0.71618
34.04485,233.47902,65.09347,29.34446,0.02501,0.03349,0.69414,-0.71862
34.14788,233.55603,64.10540,29.47250,0.02321,0.03400,0.69191,-0.72081
34.25163,233.62538,63.17908,29.54295,0.02383,0.03456,0.68961,-0.72296
34.45914,233.77617,61.19306,29.74363,0.02341,0.03376,0.68477,-0.72760
34.66681,233.94267,59.23309,29.94197,0.02231,0.03200,0.67980,-0.73236
34.97790,234.24577,56.31202,30.20796,0.02319,0.03429,0.67238,-0.73905
35.18551,234.49030,54.38111,30.40668,0.02506,0.03359,0.66769,-0.74326
35.39308,234.75247,52.50370,30.59662,0.02408,0.03228,0.66294,-0.74759
35.60066,235.04040,50.62482,30.79294,0.02250,0.03151,0.65806,-0.75197
35.80813,235.35133,48.76109,30.96409,0.02182,0.03335,0.65304,-0.75627
36.01563,235.69048,46.91764,31.14087,0.02226,0.03587,0.64638,-0.76185
36.22324,236.03163,45.04951,31.32320,0.02245,0.03563,0.63939,-0.76773
36.43069,236.42533,43.24602,31.50115,0.02362,0.03345,0.63602,-0.77059
36.63814,236.83080,41.39422,31.67440,0.02437,0.03486,0.63396,-0.77220
36.84583,237.25556,39.51210,31.86039,0.02312,0.03582,0.63176,-0.77399
36.94959,237.47015,38.57568,31.95213,0.02311,0.03639,0.63053,-0.77497
37.15703,237.91857,36.66424,32.13858,0.02232,0.03603,0.62774,-0.77727
37.26077,238.14529,35.70078,32.23215,0.02000,0.03594,0.62649,-0.77834
37.36451,238.37597,34.75915,32.32537,0.01949,0.03564,0.62489,-0.77966
37.46826,238.62044,33.75343,32.42594,0.01888,0.03694,0.62272,-0.78134
37.57200,238.86991,32.76461,32.52012,0.01900,0.03834,0.62016,-0.78331
37.67575,239.12032,31.79597,32.61624,0.01868,0.03809,0.61769,-0.78527
37.88431,239.63095,29.82337,32.79500,0.01710,0.03863,0.61128,-0.79029
38.09097,240.17161,27.99189,33.02281,0.01471,0.04085,0.60333,-0.79631
38.29828,240.76463,26.07520,33.20252,0.01372,0.04020,0.59444,-0.80302
38.50575,241.38260,24.19274,33.39284,0.01439,0.04001,0.58544,-0.80960
38.71330,242.07399,22.29305,33.58549,0.01618,0.04033,0.57671,-0.81580
38.92077,242.80212,20.43639,33.78604,0.02623,0.04097,0.56038,-0.82680
39.12841,243.61750,18.57070,34.02942,0.02467,0.03981,0.55365,-0.83143
39.33593,244.30145,17.10953,34.20511,0.02499,0.03853,0.54683,-0.83598
39.54357,245.17201,15.34831,34.40986,0.02623,0.03942,0.54018,-0.84022
39.75116,246.01523,13.61151,34.62468,0.02501,0.03896,0.53248,-0.84517
39.95867,246.90136,11.95823,34.82692,0.02344,0.03662,0.52511,-0.84992
40.16615,247.77723,10.30114,35.01674,0.02352,0.03435,0.51682,-0.85508
40.37376,248.70758,8.66007,35.19576,0.02367,0.03317,0.50905,-0.85977
40.58135,249.66212,7.05755,35.36990,0.02383,0.03280,0.50121,-0.86437
40.78880,250.61738,5.46078,35.55621,0.02359,0.03315,0.49264,-0.86928
40.99628,251.61451,3.87932,35.72983,0.02281,0.03187,0.48485,-0.87372
41.20395,252.61889,2.34784,35.90415,0.02143,0.02957,0.47888,-0.87712
41.41154,253.67921,0.82322,36.05717,0.02071,0.02649,0.47556,-0.87904
41.61917,254.76976,-0.71747,36.21140,0.01961,0.02414,0.47380,-0.88008
41.82680,255.85864,-2.29677,36.35028,0.02037,0.02532,0.47191,-0.88105
42.03443,256.97395,-3.89043,36.48971,0.01970,0.02569,0.47014,-0.88200
42.13818,257.54401,-4.68993,36.57111,0.01778,0.02534,0.46942,-0.88243
42.24188,258.11233,-5.47841,36.64437,0.01656,0.02416,0.46907,-0.88268
42.34576,258.68994,-6.26407,36.70688,0.01542,0.02350,0.46895,-0.88278
42.44969,259.24562,-7.06829,36.77251,0.01455,0.02186,0.46780,-0.88344
42.55387,259.80412,-7.84433,36.83032,0.01428,0.02205,0.46772,-0.88349
42.65705,260.35427,-8.63211,36.88949,0.01399,0.02158,0.46686,-0.88396
42.76091,260.90106,-9.40305,36.95726,0.01429,0.02082,0.46655,-0.88413
42.86465,261.45618,-10.18153,37.02316,0.01409,0.01974,0.46646,-0.88421
42.96842,262.00055,-10.93932,37.08074,0.01378,0.01831,0.46601,-0.88448
43.07213,262.57677,-11.72392,37.14136,0.01327,0.01722,0.46610,-0.88447
43.17610,263.22903,-12.57130,37.20007,0.01253,0.01653,0.46623,-0.88442
43.27975,263.82211,-13.42116,37.25141,0.01264,0.01607,0.46544,-0.88484
43.48727,265.03903,-15.10537,37.36712,0.01154,0.01410,0.46408,-0.88561
43.59117,265.63767,-15.93053,37.42528,0.01070,0.01334,0.46300,-0.88619
43.69479,266.23738,-16.74993,37.46360,0.01092,0.01327,0.46160,-0.88692
43.90217,267.40722,-18.38201,37.56197,0.00928,0.01135,0.45821,-0.88872
44.00589,268.03970,-19.18533,37.62636,0.00776,0.00987,0.45653,-0.88962
44.21330,269.26274,-20.77252,37.70540,0.00563,0.01037,0.45048,-0.89271
44.42179,270.47212,-22.33888,37.78108,0.00441,0.00483,0.44399,-0.89601
44.52428,270.80538,-22.74559,37.79898,0.00382,0.00357,0.45126,-0.89238
44.73196,271.99788,-24.25902,37.85462,0.00138,0.00174,0.44189,-0.89707
44.83567,272.58681,-24.98985,37.87000,0.00074,0.00278,0.43709,-0.89941
44.94027,273.19477,-25.71705,37.88955,0.00008,0.00307,0.43191,-0.90191
45.04306,273.81322,-26.46370,37.90668,-0.00047,0.00330,0.42648,-0.90449
45.14848,274.43437,-27.17135,37.92579,0.00142,-0.00300,-0.42085,0.90712
45.35434,275.80557,-28.65748,37.96098,0.00158,-0.00050,-0.40948,0.91232
45.45805,276.49679,-29.35185,37.98204,0.00193,-0.00010,-0.40395,0.91478
45.56177,277.14644,-30.07532,37.98946,0.00246,0.00083,-0.39751,0.91759
45.76926,278.61240,-31.48866,38.04966,0.00614,0.00538,-0.38578,0.92256
45.87302,279.34505,-32.18706,38.06303,0.00833,0.00610,-0.38017,0.92486
46.08069,280.86286,-33.59285,38.04638,0.01232,0.00456,-0.36648,0.93033
46.28779,282.43616,-34.95220,38.03804,0.01469,0.00655,-0.35222,0.93578
46.39146,283.22500,-35.61100,38.03139,0.01587,0.00734,-0.34451,0.93862
46.49521,284.03868,-36.25936,38.01259,0.01606,0.00745,-0.33730,0.94123
46.59892,284.87706,-36.91760,38.01178,0.01780,0.00838,-0.33073,0.94352
46.70265,285.70426,-37.55917,38.00155,0.01751,0.00881,-0.32337,0.94607
46.80640,286.59275,-38.18921,37.98253,0.01726,0.00918,-0.31799,0.94789
46.91014,287.42497,-38.78594,37.96856,0.01594,0.00973,-0.31276,0.94965
47.01390,288.29481,-39.39382,37.95789,0.01472,0.01080,-0.30817,0.95116
47.22165,290.07595,-40.60997,37.91047,0.01202,0.01010,-0.29900,0.95412
47.32551,290.97224,-41.19764,37.88862,0.01079,0.01142,-0.29453,0.95551
47.42922,291.87924,-41.77180,37.89070,0.00975,0.01429,-0.29036,0.95676
47.63682,293.72791,-42.91236,37.85842,0.00616,0.01687,-0.28320,0.95889
47.74058,294.66692,-43.48071,37.82573,0.00393,0.01850,-0.27998,0.95982
47.84447,295.63221,-44.05418,37.80161,0.00293,0.01923,-0.27767,0.96048
47.94827,296.59618,-44.62111,37.77517,0.00108,0.01759,-0.27608,0.96097
48.15601,298.51903,-45.75652,37.73681,-0.00292,0.01376,-0.27411,0.96159
48.25993,299.45998,-46.31092,37.72226,-0.00331,0.01363,-0.27351,0.96177
48.36433,300.45502,-46.87553,37.72212,-0.00366,0.01466,-0.27341,0.96178
48.46757,301.40051,-47.42814,37.70649,-0.00338,0.01491,-0.27300,0.96189
48.57142,302.38096,-48.01035,37.68722,-0.00284,0.01439,-0.27252,0.96204
48.67520,303.33873,-48.55630,37.67840,-0.00262,0.01391,-0.27213,0.96216
48.98644,306.33004,-50.28812,37.62861,-0.00056,0.01220,-0.26914,0.96302
49.19376,308.46908,-51.47143,37.63728,0.00035,0.01312,-0.26415,0.96439
49.40117,310.50165,-52.59273,37.60535,0.00162,0.01278,-0.25485,0.96689
49.60864,312.55267,-53.67409,37.58348,0.00128,0.01294,-0.24295,0.96995
49.81601,314.62307,-54.70181,37.55724,0.00072,0.01432,-0.22989,0.97311
50.02326,316.70168,-55.67326,37.54058,0.00179,0.01526,-0.21701,0.97605
50.12701,317.76589,-56.13107,37.52327,0.00200,0.01529,-0.21057,0.97746
50.23076,318.83604,-56.57428,37.50365,0.00154,0.01565,-0.20420,0.97880
50.43829,320.95555,-57.41820,37.46299,-0.00014,0.01278,-0.18524,0.98261
50.54201,322.03052,-57.80706,37.45135,0.00238,-0.01300,0.17956,-0.98366
50.74977,323.68839,-58.35922,37.45209,0.00577,-0.01413,0.17155,-0.98506
50.85364,324.72924,-58.70064,37.43420,0.00575,-0.01361,0.16874,-0.98555
51.06126,326.82518,-59.39135,37.43530,0.00379,-0.01345,0.16398,-0.98636
51.16514,327.88749,-59.71548,37.41910,0.00253,-0.01284,0.16162,-0.98677
51.26891,328.93560,-60.03667,37.41777,0.00149,-0.01221,0.15899,-0.98720
51.37264,329.97540,-60.35155,37.39918,0.00151,-0.01104,0.15657,-0.98760
51.58014,332.07178,-60.97676,37.40488,0.00250,-0.01021,0.15050,-0.98855
51.78764,334.23827,-61.55890,37.39810,0.00324,-0.01279,0.14355,-0.98956
51.89129,335.28907,-61.83527,37.39062,0.00330,-0.01369,0.14042,-0.98999
51.99501,336.33787,-62.11208,37.37995,-0.00310,0.01307,-0.13750,0.99041
52.09876,337.37555,-62.37192,37.40771,-0.00125,0.01175,-0.13531,0.99073
52.20239,338.40223,-62.61938,37.38534,-0.00062,0.01063,-0.13377,0.99096
52.30614,339.44666,-62.88367,37.35727,0.00124,0.01024,-0.13251,0.99113
52.51390,341.55437,-63.38158,37.36800,-0.00329,0.01189,-0.13593,0.99064
52.61777,342.56250,-63.64472,37.36409,0.00584,-0.01249,0.14074,-0.98995
52.82564,344.64555,-64.18443,37.38307,0.00779,-0.01381,0.15257,-0.98816
52.92951,345.62804,-64.47228,37.37943,-0.00709,0.01428,-0.15744,0.98740
53.03327,346.59147,-64.75838,37.38189,-0.00590,0.01440,-0.16142,0.98676
53.13702,347.55785,-65.04927,37.37770,-0.00579,0.01392,-0.16423,0.98631
53.24064,348.49904,-65.34925,37.37019,-0.00510,0.01271,-0.16577,0.98607
53.34439,349.43391,-65.65331,37.37173,-0.00454,0.01179,-0.16563,0.98611
53.44801,350.35423,-65.94692,37.36153,-0.00337,0.01092,-0.16404,0.98639
53.55178,351.28708,-66.23523,37.37384,-0.00174,0.01083,-0.16064,0.98695
53.75902,353.12126,-66.78577,37.37969,0.00199,0.00963,-0.15016,0.98861
53.96627,354.94418,-67.29328,37.38542,0.00503,0.00954,-0.13433,0.99088
54.06989,355.85227,-67.52654,37.39323,0.00752,0.00939,-0.12452,0.99214
54.17352,356.77406,-67.73654,37.39021,0.00915,0.00866,-0.11405,0.99340
54.27714,357.67305,-67.91864,37.38643,0.00928,0.00781,-0.10246,0.99466
54.38077,358.57572,-68.08280,37.38308,0.00918,0.00734,-0.09013,0.99586
54.48440,359.48649,-68.22761,37.38348,0.00974,0.00630,-0.07692,0.99697
54.58802,360.41432,-68.34936,37.39108,0.01014,0.00491,-0.06323,0.99794
54.69164,361.32946,-68.44020,37.39258,0.00778,0.00479,-0.04232,0.99906
54.79539,361.90859,-68.48344,37.40351,0.00788,0.00457,-0.02169,0.99972
54.89902,362.82344,-68.48172,37.41435,0.00903,0.00522,-0.00841,0.99991
55.00276,363.71879,-68.47281,37.41211,0.00803,0.00422,0.00353,0.99995
55.10652,364.62582,-68.43738,37.42016,-0.00820,-0.00356,-0.01778,-0.99980
55.21027,365.47603,-68.36012,37.42975,-0.00801,-0.00293,-0.02992,-0.99952
55.41802,367.35176,-68.17870,37.44660,-0.00526,-0.00116,-0.05255,-0.99860
55.52202,368.29626,-68.04554,37.45267,-0.00347,-0.00240,-0.06181,-0.99808
55.73005,370.12932,-67.73309,37.46672,0.00174,-0.00451,-0.06964,-0.99756
55.93827,372.01256,-67.41163,37.46212,0.00445,0.00152,-0.07125,-0.99745
56.14640,373.95439,-67.07271,37.48576,0.00559,0.00227,-0.06863,-0.99762
56.45852,376.92590,-66.59703,37.53834,0.00344,0.00493,-0.06439,-0.99791
56.66639,378.95969,-66.29479,37.57312,0.00166,0.00854,-0.06266,-0.99800
56.87427,381.05025,-65.98243,37.63501,0.00343,0.00678,-0.06151,-0.99808
57.08189,383.17584,-65.67066,37.68625,0.00566,0.00619,-0.06142,-0.99808
57.18578,384.25188,-65.49946,37.70132,0.00717,0.00669,-0.06117,-0.99808
57.39327,386.44426,-65.17287,37.74998,0.00778,0.00782,-0.06211,-0.99801
57.60064,388.65769,-64.81882,37.80415,0.00582,0.01035,-0.06381,-0.99789
57.80802,390.85707,-64.48875,37.88456,0.00117,0.00898,-0.06985,-0.99752
58.01542,393.06757,-64.13852,37.97280,-0.00224,0.00913,-0.07979,-0.99677
58.22277,395.25688,-63.71425,38.04504,-0.00407,0.01048,-0.08891,-0.99598
58.43027,397.45513,-63.25783,38.13736,-0.00476,0.00969,-0.09848,-0.99508
58.63789,399.66602,-62.73028,38.21834,-0.00499,0.01045,-0.10705,-0.99419
58.84540,401.81251,-62.19730,38.30034,-0.00488,0.01212,-0.11544,-0.99323
59.05290,403.89323,-61.64011,38.38878,-0.00479,0.01261,-0.12274,-0.99235
59.26053,405.95827,-61.07232,38.48643,-0.00798,0.01324,-0.12896,-0.99153
59.46802,407.99425,-60.49781,38.57385,-0.01238,0.01757,-0.13496,-0.99062
59.67553,410.15032,-59.85361,38.68664,0.00568,0.02248,-0.14032,-0.98983
59.88315,412.34944,-59.14709,38.81633,0.00546,0.02232,-0.14391,-0.98932
60.09078,414.44972,-58.45788,38.94182,0.00604,0.02088,-0.14653,-0.98897
60.29840,416.56119,-57.75261,39.07142,0.00330,0.01714,-0.14771,-0.98888
60.40227,417.61912,-57.39969,39.11050,0.00101,0.01716,-0.14823,-0.98880
60.50606,418.70396,-57.03886,39.14866,-0.00240,0.01639,-0.14880,-0.98873
60.60993,419.74487,-56.70588,39.20878,-0.00369,0.01642,-0.14957,-0.98861
60.81753,421.85140,-56.02496,39.33299,-0.00528,0.01561,-0.15109,-0.98838
60.92130,422.90012,-55.65908,39.37523,-0.00624,0.01519,-0.15154,-0.98831
61.12899,425.03124,-54.93112,39.47705,-0.00449,0.01341,-0.15284,-0.98815
61.33650,427.17214,-54.19804,39.56674,-0.00206,0.01155,-0.15340,-0.98809
61.54393,429.28809,-53.45554,39.64523,-0.00028,0.01074,-0.15210,-0.98831
61.64780,430.34875,-53.09021,39.68791,0.00017,0.00981,-0.15104,-0.98848
61.85529,432.43633,-52.36061,39.76541,0.00049,0.00762,-0.14955,-0.98873
62.06280,434.47993,-51.69727,39.84286,0.00277,0.00591,-0.14828,-0.98892
62.37404,437.59895,-50.68850,39.93557,0.00213,0.00549,-0.14664,-0.98917
62.68532,440.73622,-49.65528,40.02411,-0.00023,0.00134,-0.14524,-0.98940
62.89278,442.74516,-48.98519,40.07376,-0.00253,0.00091,-0.14376,-0.98961
63.10039,444.72021,-48.35742,40.13239,-0.00622,-0.00039,-0.14359,-0.98962
63.30771,446.72416,-47.70142,40.17060,-0.00757,-0.00019,-0.14356,-0.98961
63.51527,448.62762,-47.09092,40.21223,-0.00823,-0.00274,-0.14402,-0.98954
63.72253,450.65031,-46.41412,40.24477,-0.00071,-0.00609,-0.14531,-0.98937
64.03359,453.59570,-45.45538,40.25516,-0.00157,-0.00668,-0.14590,-0.98928
64.34477,456.42246,-44.52497,40.27707,-0.00136,-0.00734,-0.14666,-0.98916
64.65623,459.20975,-43.60294,40.28713,0.00058,-0.00915,-0.14637,-0.98919
64.96745,461.95046,-42.71804,40.28946,0.00154,-0.01336,-0.14681,-0.98907
65.27891,464.70497,-41.77782,40.26033,0.00038,-0.01831,-0.14877,-0.98870
65.58979,467.36986,-40.93358,40.23243,-0.00115,-0.02080,-0.15199,-0.98816
65.90104,470.00007,-40.04917,40.19026,-0.00154,-0.02188,-0.15251,-0.98806
66.31595,473.44185,-38.88356,40.11729,-0.00455,-0.02322,-0.15088,-0.98827
66.62705,475.80217,-38.07310,40.06717,-0.00585,-0.02099,-0.14972,-0.98849
67.04203,478.91018,-37.03970,40.00435,-0.00711,-0.01945,-0.14812,-0.98875
67.45725,481.90705,-36.04316,39.98624,-0.00669,-0.01827,-0.13881,-0.99013
67.76921,484.21779,-35.34349,39.93892,-0.00250,-0.02281,-0.12089,-0.99240
68.08071,486.64685,-34.72720,39.87290,-0.00055,-0.02547,-0.09290,-0.99535
68.39267,489.07165,-34.28476,39.80646,0.00133,-0.02738,-0.05613,-0.99805
68.70454,491.50497,-34.02282,39.70401,-0.00017,-0.02351,-0.01602,-0.99960
68.91219,493.12478,-33.96401,39.66876,0.00108,0.02386,-0.01024,0.99966
69.11981,494.79241,-33.98550,39.61601,0.00358,0.02430,-0.03582,0.99906
69.43129,497.34250,-34.17087,39.53759,0.00586,0.02345,-0.07351,0.99700
69.63891,499.01643,-34.41616,39.47799,0.03753,0.03109,-0.11005,0.99273
69.95011,501.02400,-34.79373,39.35200,0.03877,0.02992,-0.15660,0.98645
70.26120,503.44153,-35.57117,39.21705,0.03888,0.02852,-0.16759,0.98468
70.57236,505.85041,-36.41304,39.08755,0.04104,0.02903,-0.18935,0.98062
70.88330,508.25065,-37.36442,38.95315,0.04163,0.02871,-0.21048,0.97629
71.19440,510.64061,-38.41383,38.79753,0.03784,0.02584,-0.23409,0.97113
71.50571,512.98689,-39.60377,38.68441,0.03659,0.02977,-0.26958,0.96182
71.81705,515.24240,-40.98243,38.52839,0.03709,0.03077,-0.30381,0.95151
72.02467,516.70561,-42.00377,38.42834,0.03772,0.03089,-0.33024,0.94264
72.33568,518.75046,-43.66353,38.26120,0.04045,0.03174,-0.37307,0.92638
72.54309,520.03156,-44.86949,38.14256,0.04076,0.03099,-0.39752,0.91616
72.75044,521.21469,-46.14448,38.00800,0.04196,0.03289,-0.40890,0.91102
72.95766,522.37906,-47.38310,37.89651,0.04118,0.03240,-0.42491,0.90372
73.26893,524.11656,-49.39215,37.69377,0.04266,0.03671,-0.45418,0.88913
73.58027,525.69303,-51.57817,37.45973,0.04273,0.03787,-0.48458,0.87288
73.89155,527.17475,-53.90029,37.21965,0.04582,0.03623,-0.51358,0.85605
74.20279,528.49613,-56.36331,36.96790,0.04816,0.03587,-0.54711,0.83491
74.41037,529.24374,-58.02845,36.79172,0.04614,0.03516,-0.56778,0.82113
74.61785,529.91216,-59.76878,36.64662,0.04371,0.03689,-0.59006,0.80533
74.82518,530.55934,-61.63100,36.46386,0.04305,0.03795,-0.61187,0.78887
75.03263,531.06799,-63.52000,36.27945,0.04410,0.03715,-0.63300,0.77200
75.24009,531.46817,-65.43957,36.09055,0.04546,0.03681,-0.65222,0.75577
75.34368,531.64357,-66.43537,35.99283,0.04537,0.03574,-0.66156,0.74766
75.44746,531.78682,-67.41892,35.89179,0.04485,0.03546,-0.67013,0.74004
75.55107,531.92535,-68.39938,35.80516,0.04492,0.03538,-0.67894,0.73196
75.65469,532.02014,-69.40941,35.70024,0.04521,0.03661,-0.68791,0.72346
75.75845,532.08173,-70.42535,35.60197,0.04610,0.03760,-0.69672,0.71487
75.86220,532.12983,-71.44477,35.50142,0.04620,0.03842,-0.70533,0.70633
75.96581,532.15757,-72.48711,35.39376,0.04543,0.03819,-0.71407,0.69755
76.06954,532.14989,-73.53506,35.28228,0.04406,0.03855,-0.72265,0.68873
76.17316,532.11616,-74.58486,35.17067,0.04297,0.03820,-0.73173,0.67917
76.27699,532.06828,-75.63454,35.06350,0.04234,0.03830,-0.74022,0.66993
76.38060,531.96209,-76.69310,34.95961,0.04284,0.03772,-0.74896,0.66015
76.48435,531.84961,-77.77405,34.85477,0.04387,0.03768,-0.75660,0.65131
76.58810,531.72243,-78.83828,34.75012,0.04499,0.03574,-0.76398,0.64267
76.69175,531.55669,-79.91623,34.64388,0.04405,0.03432,-0.77062,0.63484
76.79532,531.36801,-80.98446,34.52583,0.04321,0.03417,-0.77711,0.62695
76.89907,531.16194,-82.02145,34.42844,0.04288,0.03470,-0.78366,0.61874
77.10642,530.68754,-84.11327,34.22702,0.03983,0.03380,-0.79615,0.60284
77.31383,530.12092,-86.26726,34.03422,0.03699,0.03529,-0.80876,0.58591
77.52117,529.45590,-88.33594,33.85112,0.03675,0.03636,-0.82150,0.56786
77.72849,528.69794,-90.41451,33.66668,0.03804,0.03679,-0.83184,0.55249
77.83214,528.27088,-91.51732,33.58050,0.04187,0.03452,-0.83524,0.54719
77.93570,527.83367,-92.55541,33.46568,0.04209,0.03162,-0.83777,0.54348
78.03935,527.37890,-93.60097,33.37916,0.04379,0.02961,-0.83951,0.54076
78.14293,526.92307,-94.67870,33.27464,0.04552,0.02785,-0.84090,0.53855
78.35030,526.00559,-96.77703,33.08142,0.04892,0.02618,-0.84234,0.53608
78.45402,525.54127,-97.83615,32.97195,0.04953,0.02656,-0.84268,0.53548
78.55785,525.07338,-98.89493,32.86532,0.05026,0.02744,-0.84294,0.53496
78.66145,524.61989,-99.95144,32.77022,0.05139,0.02906,-0.84324,0.53429
78.76563,524.14275,-101.02966,32.65736,0.05252,0.03039,-0.84351,0.53367
78.86880,523.69075,-102.07750,32.52966,0.05250,0.03056,-0.84408,0.53276
78.97243,523.20891,-103.15064,32.39970,0.05116,0.03004,-0.84437,0.53247
79.08178,522.70140,-104.27437,32.27005,0.05112,0.02830,-0.84458,0.53223
79.17992,522.20306,-105.36672,32.15296,0.05106,0.02741,-0.84496,0.53169
79.28357,521.70856,-106.48208,32.03450,0.05125,0.02727,-0.84527,0.53118
79.38733,521.21026,-107.59132,31.91049,0.05153,0.02791,-0.84570,0.53044
79.49108,520.69870,-108.69600,31.79722,0.05249,0.02911,-0.84584,0.53005
79.59492,520.19956,-109.79535,31.68899,0.05349,0.03018,-0.84618,0.52935
79.80233,519.17069,-112.00258,31.43630,0.05388,0.03112,-0.84668,0.52846
79.90613,518.65324,-113.13288,31.30195,0.05349,0.03150,-0.84692,0.52808
80.00979,518.13213,-114.27194,31.17400,0.05349,0.03009,-0.84722,0.52768
80.11343,517.59499,-115.42499,31.03732,0.05318,0.02850,-0.84739,0.52754
80.21717,517.07474,-116.56217,30.91805,0.05357,0.02945,-0.84734,0.52752
80.32102,516.54109,-117.72041,30.79544,0.05466,0.02988,-0.84726,0.52752
80.42474,515.99500,-118.88349,30.65720,0.05407,0.03086,-0.84715,0.52770
80.52844,515.43015,-120.07258,30.49949,0.05202,0.02933,-0.84720,0.52790
80.63223,514.91799,-121.20841,30.37799,0.05034,0.02842,-0.84707,0.52834
80.73585,514.37288,-122.39619,30.23618,0.04940,0.02744,-0.84710,0.52842
80.94353,513.29020,-124.73643,29.97615,0.05219,0.02842,-0.84714,0.52803
81.15083,512.21833,-127.11019,29.73650,0.05182,0.02896,-0.84734,0.52772
81.35835,511.08883,-129.51868,29.46579,0.05189,0.02990,-0.84726,0.52779
81.56586,509.95875,-131.97976,29.18780,0.05184,0.02908,-0.84755,0.52737
81.77337,508.79551,-134.47160,28.89535,0.05129,0.02861,-0.84783,0.52701
81.87695,508.20952,-135.70935,28.75790,0.05212,0.02847,-0.84773,0.52709
82.08444,507.05919,-138.20744,28.46590,0.05143,0.02959,-0.84793,0.52677
82.29179,505.89072,-140.71972,28.19243,0.04812,0.03305,-0.84816,0.52651
82.39563,505.29604,-142.01014,28.04658,0.05117,0.03326,-0.84809,0.52633
82.49934,504.67593,-143.34204,27.88653,0.05087,0.03243,-0.84818,0.52626
82.60306,504.06849,-144.61165,27.74091,0.05155,0.03095,-0.84802,0.52654
82.70690,503.47092,-145.89670,27.59102,0.05257,0.02907,-0.84801,0.52656
82.81045,502.88654,-147.12457,27.45795,0.05441,0.02737,-0.84769,0.52699
82.91421,502.28866,-148.42154,27.31418,0.05538,0.02715,-0.84782,0.52668
83.01801,501.70261,-149.69104,27.16582,0.05547,0.02804,-0.84774,0.52676
83.22546,500.50714,-152.26529,26.87175,0.05556,0.02836,-0.84751,0.52710
83.32921,499.89529,-153.55988,26.72551,0.05577,0.02644,-0.84754,0.52712
83.43293,499.31925,-154.82188,26.57125,0.05583,0.02532,-0.84759,0.52710
83.64043,498.10787,-157.38670,26.27747,0.05584,0.02216,-0.84695,0.52826
83.74418,497.51789,-158.67673,26.14299,0.05676,0.02574,-0.84652,0.52869
83.84793,496.93844,-159.92311,25.99533,0.05842,0.02757,-0.84603,0.52920
83.95167,496.40814,-161.16448,25.82798,0.05617,0.02962,-0.84571,0.52985
84.05558,495.85614,-162.39062,25.69809,0.05557,0.02850,-0.84525,0.53071
84.15919,495.26999,-163.67325,25.53538,0.05423,0.02858,-0.84457,0.53193
84.36657,494.13155,-166.23811,25.24605,0.05272,0.02733,-0.84403,0.53300
84.57414,492.99892,-168.75837,24.95891,0.05342,0.02941,-0.84349,0.53367
84.78178,491.85958,-171.30063,24.67722,0.05260,0.02957,-0.84346,0.53379
84.88545,491.29804,-172.59365,24.53420,0.05209,0.02870,-0.84417,0.53277
84.98950,490.71810,-173.85305,24.39026,0.05149,0.02746,-0.84447,0.53242
85.09305,490.14686,-175.11798,24.25445,0.05177,0.02626,-0.84501,0.53158
85.19677,489.59456,-176.35419,24.11990,0.05228,0.02598,-0.84571,0.53043
85.40410,488.43586,-178.86207,23.85437,0.05375,0.02709,-0.84720,0.52786
85.50785,487.90174,-180.05347,23.73970,0.05465,0.02681,-0.84816,0.52624
85.71520,486.77082,-182.48156,23.47055,0.05406,0.02434,-0.84976,0.52383
85.92269,485.62312,-184.89434,23.20711,0.05291,0.02422,-0.85147,0.52116
86.13011,484.45372,-187.27843,22.94369,0.05269,0.02680,-0.85281,0.51886
86.44131,482.71955,-190.80910,22.56023,0.05273,0.02978,-0.85473,0.51553
86.64871,481.60417,-193.01848,22.29816,0.05224,0.03119,-0.85556,0.51412
86.85606,480.46256,-195.30384,22.04026,0.04979,0.03330,-0.85646,0.51273
87.06346,479.38660,-197.42169,21.80090,0.04880,0.03523,-0.85636,0.51285
87.27081,478.30499,-199.51277,21.59758,0.04891,0.03569,-0.85484,0.51535
87.47821,477.31833,-201.51847,21.37244,0.04818,0.03607,-0.85149,0.52091
87.58180,476.82148,-202.50464,21.26062,0.04818,0.03576,-0.84850,0.52579
87.68555,476.33981,-203.48591,21.13304,0.04737,0.03577,-0.84480,0.53178
87.78917,475.89796,-204.46863,21.04355,0.04750,0.03526,-0.84061,0.53840
87.99668,475.07937,-206.40966,20.81957,0.04442,0.03641,-0.83116,0.55306
88.20405,474.33911,-208.38757,20.59364,0.04006,0.03634,-0.82150,0.56764
88.41143,473.69416,-210.23199,20.41385,0.03865,0.03690,-0.80985,0.58420
88.61882,473.10863,-212.22431,20.21953,0.03888,0.03835,-0.79792,0.60028
88.82618,472.58913,-214.24986,20.01232,0.03947,0.04199,-0.78521,0.61654
89.03367,472.16942,-216.24708,19.80183,0.03743,0.04558,-0.77230,0.63252
89.24105,471.85170,-218.25401,19.59849,0.03508,0.04794,-0.75924,0.64809
89.44855,471.62249,-220.17760,19.44168,0.04316,0.04917,-0.73950,0.66997
89.75957,471.48603,-222.46876,19.18291,0.04338,0.04096,-0.71391,0.69769
89.96695,471.52002,-224.54555,18.95450,0.04369,0.03997,-0.69620,0.71540
90.17432,471.67667,-226.57384,18.75934,0.04388,0.04059,-0.67427,0.73606
90.38184,471.97102,-228.65714,18.55090,0.04283,0.04405,-0.65139,0.75625
90.58930,472.39355,-230.69033,18.34065,0.03760,0.04557,-0.62870,0.77540
90.79680,472.89077,-232.73772,18.13023,0.03411,0.04559,-0.60695,0.79270
91.00430,473.49827,-234.73924,17.93369,0.03300,0.04632,-0.58504,0.80901
91.10806,473.87133,-235.75257,17.83515,0.03330,0.04746,-0.57378,0.81695
91.31545,474.67065,-237.77141,17.62117,0.03241,0.04677,-0.55006,0.83318
91.52293,475.61006,-239.77618,17.40547,0.03270,0.04443,-0.52646,0.84841
91.73030,476.70185,-241.76258,17.19437,0.03332,0.04815,-0.50510,0.86107
91.83406,477.27932,-242.74264,17.08745,0.03528,0.04928,-0.49438,0.86713
91.93781,477.89196,-243.71299,16.96880,0.03562,0.04971,-0.48415,0.87285
92.14530,479.09741,-245.48726,16.74166,0.03525,0.04977,-0.46486,0.88328
92.35295,480.41348,-247.28402,16.50393,0.03135,0.05137,-0.44895,0.89153
92.45680,481.13683,-248.20266,16.38770,0.02687,0.05333,-0.43845,0.89677
92.56056,481.86850,-249.07750,16.27524,0.02488,0.05435,-0.43194,0.89992
92.66443,482.61521,-249.95284,16.14642,0.02440,0.05443,-0.42583,0.90283
92.76832,483.37868,-250.82713,16.02631,0.02384,0.05455,-0.42015,0.90550
92.87210,484.14895,-251.68784,15.91092,0.02407,0.05370,-0.41474,0.90803
92.97593,484.93933,-252.54518,15.78845,0.02337,0.05189,-0.40966,0.91046
93.07968,485.75344,-253.40268,15.67138,0.02329,0.05042,-0.40508,0.91259
93.18355,486.56902,-254.25086,15.56654,0.02305,0.05049,-0.40146,0.91419
93.28743,487.38148,-255.08442,15.47044,0.02314,0.05135,-0.39900,0.91522
93.39132,488.18543,-255.92315,15.37147,0.02270,0.05226,-0.39655,0.91624
93.49518,488.99212,-256.73918,15.26929,0.02372,0.05298,-0.39502,0.91683
93.59895,489.81169,-257.56252,15.15867,0.02327,0.05355,-0.39347,0.91748
93.70282,490.64683,-258.38316,15.04859,0.02376,0.05388,-0.39243,0.91789
93.80668,491.45347,-259.20576,14.92873,0.02332,0.05394,-0.39062,0.91867
93.91043,492.30024,-259.99389,14.80626,0.02262,0.05259,-0.39015,0.91897
94.01431,493.18040,-260.84571,14.68451,0.02325,0.05117,-0.38965,0.91925
94.22193,494.87469,-262.48691,14.46710,0.02449,0.04904,-0.38940,0.91944
94.32569,495.70121,-263.31008,14.35975,0.02470,0.04951,-0.38962,0.91931
94.42956,496.51768,-264.11331,14.26219,0.02436,0.05099,-0.39083,0.91873
94.53331,497.31997,-264.90479,14.15747,0.02402,0.05179,-0.39296,0.91778
94.63721,498.11781,-265.70718,14.05662,0.02350,0.05312,-0.39549,0.91663
94.84493,499.65285,-267.25950,13.86060,0.02192,0.05378,-0.40233,0.91365
94.94881,500.41863,-268.07351,13.74578,0.02037,0.05255,-0.40642,0.91195
95.15655,501.86685,-269.64668,13.55694,0.02023,0.05042,-0.41716,0.90721
95.36443,503.22076,-271.18927,13.39225,0.02220,0.04757,-0.42936,0.90161
95.57231,504.45351,-272.67554,13.23520,0.02449,0.04479,-0.44230,0.89541
95.67618,505.04590,-273.43670,13.15282,0.02569,0.04129,-0.44890,0.89226
95.88406,506.14402,-274.91603,13.00164,0.02504,0.02969,-0.46302,0.88550
96.19606,507.64412,-277.03368,12.86088,0.01741,0.02082,-0.48892,0.87191
96.40419,508.52080,-278.45023,12.80916,0.01599,0.02383,-0.51085,0.85919
96.71658,509.66756,-280.56988,12.73586,0.02929,0.02318,-0.57494,0.81734
96.92494,509.93545,-281.04664,12.70484,0.02835,0.01444,-0.61722,0.78614
97.13318,510.31699,-282.53559,12.64311,0.02389,0.00941,-0.63759,0.76995
97.23731,510.47497,-283.26198,12.62780,0.02480,0.00900,-0.64989,0.75957
97.34144,510.60803,-283.99287,12.60214,0.02615,0.01021,-0.66397,0.74723
97.44544,510.69761,-284.71208,12.59074,0.02769,0.01334,-0.67770,0.73470
97.54948,510.77856,-285.46309,12.56690,0.02821,0.01543,-0.69292,0.72030
97.65356,510.83207,-286.22889,12.53286,0.03054,0.01370,-0.70858,0.70484
97.75756,510.84528,-286.99006,12.48269,0.03090,0.01276,-0.72359,0.68942
97.86159,510.82619,-287.76868,12.45670,0.02928,0.01317,-0.73819,0.67383
97.96544,510.73286,-288.45735,12.43427,0.02886,0.01146,-0.75034,0.66032
98.06933,510.64098,-289.18456,12.40260,0.03019,0.00771,-0.76244,0.64630
98.17306,510.53784,-289.89542,12.36765,0.03038,0.00609,-0.77129,0.63573
98.27683,510.45348,-290.65633,12.34786,0.03065,0.00703,-0.78096,0.62379
98.38056,510.29979,-291.39647,12.31100,0.03185,0.00753,-0.78810,0.61468
98.58781,509.96492,-292.78389,12.26994,0.03380,0.00650,-0.80158,0.59689
98.69156,509.77297,-293.47188,12.23967,0.03400,0.00670,-0.80734,0.58907
98.89908,509.29573,-294.87925,12.14023,0.03564,0.00501,-0.81803,0.57405
99.10656,508.78257,-296.30103,12.07010,0.03649,0.00426,-0.82827,0.55913
99.31419,508.24334,-297.71343,11.98821,0.03507,0.00599,-0.83850,0.54375
99.41817,507.95643,-298.45188,11.95146,0.03391,0.00629,-0.84570,0.53255
99.52216,507.63255,-299.18078,11.90687,0.03269,0.00467,-0.85386,0.51945
99.62616,507.29508,-299.87785,11.87286,0.03175,0.00529,-0.86226,0.50544
99.73007,506.93356,-300.54871,11.83064,0.03163,0.00610,-0.87347,0.48581
99.93807,506.09815,-301.81892,11.77493,0.03540,0.00515,-0.89288,0.44887
100.14606,505.12423,-303.03273,11.70040,0.03479,0.00405,-0.91156,0.40967
100.35407,504.19131,-304.10425,11.59958,0.03433,0.00314,-0.92829,0.37026
100.45806,503.67507,-304.60303,11.56871,0.03499,0.00289,-0.93593,0.35044
100.66604,502.60122,-305.59625,11.48688,0.03642,0.00094,-0.94980,0.31074
100.76996,502.02405,-306.00773,11.43118,0.03579,-0.00008,-0.95521,0.29376
101.28869,499.06983,-307.88815,11.29558,0.03210,-0.00493,-0.97026,0.23989
101.80721,495.82833,-309.36445,11.11877,0.03443,-0.00758,-0.98653,0.15976
102.11847,493.74614,-309.98231,11.01776,0.03032,-0.00952,-0.99439,0.10090
102.42981,491.60247,-310.39451,10.93940,0.03535,-0.00891,-0.99821,0.04732
102.84497,488.72095,-310.61403,10.77116,0.03056,-0.00863,-0.99934,-0.01752
103.57106,483.36857,-310.14752,10.56249,0.02387,-0.00849,-0.99480,-0.09861
104.08957,479.28285,-309.31662,10.41417,0.02534,-0.00651,-0.99117,-0.13001
104.50432,475.80821,-308.44710,10.28169,0.02141,-0.00972,-0.99082,-0.13311
104.81544,473.22980,-307.80305,10.19515,0.02524,-0.01146,-0.99037,-0.13568
105.23044,469.57601,-306.88329,10.05539,0.02333,-0.01167,-0.98996,-0.13890
105.54169,466.71565,-306.15481,9.95822,0.02393,-0.01278,-0.98955,-0.14161
105.85319,463.80777,-305.43469,9.86244,0.02403,-0.01451,-0.98907,-0.14475
106.26794,459.94754,-304.37951,9.71016,0.02610,-0.01307,-0.98850,-0.14837
106.57922,457.03645,-303.55569,9.60975,0.02439,-0.01329,-0.98821,-0.15056
106.99434,453.11950,-302.40057,9.46938,0.02483,-0.01206,-0.98872,-0.14724
107.30567,450.10890,-301.62021,9.35737,0.02247,-0.00687,-0.98959,-0.14201
107.72071,446.07471,-300.55361,9.22889,0.01925,0.00243,-0.99147,-0.12892
108.13532,442.13885,-299.71193,9.11611,0.02481,0.00269,-0.99397,-0.10674
108.55019,438.08625,-299.05008,8.99263,0.02055,0.00419,-0.99677,-0.07752
108.86149,435.06636,-298.68855,8.90012,0.02322,0.00337,-0.99809,-0.05722
109.17311,432.02201,-298.47020,8.83362,0.02591,0.00540,-0.99895,-0.03736
109.48426,428.95878,-298.34373,8.72019,0.02790,0.00813,-0.99941,-0.01808
109.69172,426.92209,-298.33955,8.63409,0.02839,0.00854,-0.99954,-0.00567
109.90034,424.90034,-298.37374,8.55261,0.03160,0.00885,-0.99938,0.01236
110.00299,423.90563,-298.42792,8.50972,0.03205,0.00844,-0.99928,0.01840
110.10674,423.40429,-298.46519,8.49481,0.03240,0.00721,-0.99915,0.02442
110.31435,421.45949,-298.62340,8.41368,0.03059,0.00558,-0.99886,0.03616
110.52186,419.39450,-298.79041,8.30215,0.02950,0.00581,-0.99838,0.04840
110.72952,417.38337,-299.05227,8.20361,0.02850,0.00641,-0.99786,0.05857
110.93708,415.30567,-299.32501,8.08818,0.02655,0.00734,-0.99729,0.06829
111.14477,413.27177,-299.68440,8.01382,0.02683,0.00725,-0.99667,0.07672
111.35234,411.47184,-300.03492,7.91776,0.02909,0.00916,-0.99590,0.08518
111.55996,409.54223,-300.44182,7.82270,0.02864,0.00954,-0.99520,0.09306
111.76754,407.60738,-300.86276,7.74260,0.02958,0.01154,-0.99442,0.10062
111.97492,405.67561,-301.30408,7.64373,0.03063,0.01261,-0.99362,0.10785
112.18233,403.79741,-301.80965,7.56080,0.03224,0.01258,-0.99284,0.11437
112.38985,401.94448,-302.32089,7.45312,0.02967,0.01260,-0.99213,0.12096
112.70109,399.28046,-303.11011,7.36029,0.02674,0.01141,-0.99098,0.13083
112.90862,397.47759,-303.62880,7.29006,0.02423,0.00991,-0.99002,0.13845
113.21996,394.96475,-304.40790,7.20025,0.01129,0.00911,-0.98866,0.14945
113.53138,392.76107,-305.18617,7.20613,0.00113,0.01081,-0.98766,0.15621
113.84301,390.66250,-305.93158,7.25162,-0.00749,0.00880,-0.98727,0.15863
114.05071,389.32513,-306.41853,7.33773,-0.00263,0.00533,-0.98774,0.15598
114.15472,388.63328,-306.63979,7.34056,-0.00214,0.00369,-0.98825,0.15279
114.57117,386.02555,-307.47212,7.38764,0.00074,-0.00052,-0.99305,0.11771
115.19647,382.11412,-308.12519,7.44509,0.03219,0.00106,-0.99948,-0.00327
115.71716,379.18173,-307.96427,7.32750,0.03721,0.00732,-0.98600,-0.16235
116.44489,374.86536,-305.92000,7.08203,0.03638,0.00834,-0.96300,-0.26691
117.06697,371.33892,-303.43941,6.89317,0.02599,0.00050,-0.93896,-0.34304
117.58522,368.47785,-300.86379,6.74910,0.02192,-0.00012,-0.91975,-0.39190
118.10323,365.30933,-297.73664,6.61865,0.02215,-0.00387,-0.91826,-0.39535
118.41433,363.40607,-295.84684,6.54249,0.02337,0.00003,-0.91950,-0.39240
118.82908,360.66063,-293.19392,6.42548,0.02317,0.00132,-0.92045,-0.39018
119.24420,357.81659,-290.41080,6.32422,0.02051,0.00267,-0.92210,-0.38641
119.55534,355.56203,-288.21303,6.25430,0.01791,0.00469,-0.92349,-0.38318
119.97008,352.45209,-285.29976,6.17604,0.02088,0.00333,-0.92591,-0.37715
120.28111,350.13513,-283.16470,6.10001,0.02438,0.00353,-0.92921,-0.36873
120.69584,346.89295,-280.27706,5.99301,0.02211,0.00109,-0.93679,-0.34919
121.00671,344.46449,-278.34089,5.91084,0.02097,-0.00019,-0.94461,-0.32752
121.31784,341.87637,-276.47786,5.84392,0.02205,0.00204,-0.95184,-0.30581
121.52534,340.12767,-275.29488,5.76585,0.02607,0.00309,-0.95556,-0.29363
121.73283,338.29931,-274.12747,5.68325,0.02499,0.00267,-0.95940,-0.28092
122.04409,335.47755,-272.47372,5.56568,0.01203,0.00911,-0.94528,-0.32591
122.25159,333.49670,-271.11222,5.54672,0.01240,0.00589,-0.99449,-0.10393
122.35533,332.41150,-270.90794,5.53243,0.01121,-0.00027,-0.97420,-0.22541
122.56296,330.48609,-270.02360,5.50831,0.01186,-0.00236,-0.97586,-0.21805
122.66684,329.44928,-269.58340,5.49838,0.01214,-0.00210,-0.97630,-0.21605
122.77072,328.45192,-269.14508,5.49278,0.01329,-0.00085,-0.97661,-0.21460
122.87460,327.42017,-268.71732,5.48002,0.01347,-0.00084,-0.97674,-0.21401
123.08236,325.36903,-267.83044,5.47033,0.01268,-0.00038,-0.97708,-0.21248
123.18621,324.34742,-267.41346,5.45801,0.01237,-0.00012,-0.97728,-0.21158
123.49759,321.16611,-266.05832,5.42256,0.01395,-0.00392,-0.97827,-0.20685
123.60146,320.08485,-265.60668,5.40540,0.01231,-0.00560,-0.97860,-0.20533
123.70526,319.00951,-265.15399,5.38352,0.01009,-0.00503,-0.97889,-0.20407
123.91298,316.82544,-264.25076,5.37064,0.01085,-0.00665,-0.97915,-0.20273
124.01671,315.73393,-263.82008,5.36033,0.01330,-0.00655,-0.97911,-0.20279
124.22435,313.51241,-262.89141,5.32837,0.01513,-0.01154,-0.97910,-0.20250
124.43185,311.28229,-261.97853,5.27842,0.01200,-0.01477,-0.97894,-0.20325
124.63934,309.02249,-261.04152,5.24112,0.01294,-0.01445,-0.97869,-0.20441
124.84685,306.74189,-260.10582,5.20079,0.01468,-0.00837,-0.97811,-0.20739
124.95059,305.58531,-259.61747,5.17456,0.01572,-0.00606,-0.97763,-0.20965
125.15821,303.26426,-258.63642,5.10915,0.01604,-0.00003,-0.97628,-0.21590
125.36573,300.95240,-257.62361,5.07425,0.01476,0.00218,-0.97460,-0.22346
125.57309,298.63121,-256.54732,5.03731,0.01665,-0.00082,-0.97274,-0.23131
125.78059,296.33503,-255.44593,4.99211,0.01427,-0.00618,-0.97068,-0.23986
125.98796,294.04668,-254.28896,4.96132,0.01074,-0.00808,-0.96887,-0.24720
126.09172,292.92627,-253.68262,4.93565,0.01179,-0.00929,-0.96802,-0.25043
126.29921,290.61208,-252.44177,4.90228,0.01601,-0.01174,-0.96612,-0.25733
126.50659,288.35008,-251.20840,4.84009,0.01335,-0.01500,-0.96513,-0.26098
126.71412,286.04873,-249.93826,4.80263,0.01222,-0.01311,-0.96455,-0.26329
126.92157,283.75314,-248.64901,4.75966,0.01350,-0.00976,-0.96424,-0.26452
127.02521,282.59563,-248.00581,4.73601,0.01368,-0.00987,-0.96399,-0.26539
127.12897,281.46383,-247.38836,4.71275,0.01531,-0.00906,-0.96377,-0.26616
127.23273,280.30816,-246.74008,4.69706,0.01600,-0.00967,-0.96372,-0.26626
127.44009,277.98151,-245.44011,4.64133,0.01549,-0.00886,-0.96368,-0.26646
127.64759,275.61935,-244.06786,4.59605,0.02335,-0.00880,-0.95936,-0.28108
127.75122,274.38113,-243.32411,4.57068,0.02421,-0.00967,-0.95894,-0.28240
127.85495,273.21999,-242.61066,4.52632,0.02553,-0.00970,-0.95865,-0.28328
128.06221,270.89031,-241.17122,4.42347,0.02451,-0.01041,-0.95823,-0.28476
128.16597,269.75522,-240.48848,4.37434,0.02418,-0.00997,-0.95801,-0.28552
128.26972,268.61953,-239.79660,4.32594,0.02459,-0.00919,-0.95787,-0.28600
128.37334,267.48717,-239.08247,4.28936,0.02542,-0.00946,-0.95786,-0.28594
128.58072,265.16884,-237.60650,4.22177,0.02538,-0.01156,-0.95810,-0.28506
128.68446,264.01851,-236.88713,4.17614,0.02454,-0.01172,-0.95821,-0.28477
128.78817,262.87148,-236.18134,4.12574,0.02448,-0.01179,-0.95831,-0.28443
128.89182,261.68485,-235.46430,4.06831,0.02472,-0.01111,-0.95830,-0.28446
129.09909,259.26563,-233.97425,3.97655,0.02539,-0.01126,-0.95835,-0.28424
129.20284,258.07142,-233.23537,3.91806,0.02523,-0.01090,-0.95839,-0.28413
129.30659,256.84256,-232.47177,3.85443,0.02453,-0.01063,-0.95839,-0.28420
129.41034,255.64054,-231.71877,3.80465,0.02402,-0.01064,-0.95852,-0.28382
129.51410,254.42543,-230.96998,3.75483,0.02411,-0.01096,-0.95853,-0.28375
129.61784,253.20922,-230.21161,3.70436,0.02438,-0.01185,-0.95857,-0.28355
129.82534,250.78159,-228.71343,3.58481,0.02418,-0.01371,-0.95849,-0.28376
129.92911,249.55222,-227.96162,3.53083,0.02391,-0.01428,-0.95837,-0.28417
130.03274,248.31807,-227.18549,3.48075,0.02259,-0.01564,-0.95837,-0.28420
130.13647,247.08861,-226.41359,3.43901,0.02135,-0.01651,-0.95835,-0.28431
130.24022,245.86549,-225.66231,3.39323,0.02160,-0.01642,-0.95814,-0.28501
130.34384,244.61896,-224.88359,3.33785,0.02227,-0.01470,-0.95792,-0.28580
130.44759,243.38232,-224.13198,3.28398,0.02272,-0.01351,-0.95745,-0.28738
130.55134,242.11633,-223.32259,3.23070,0.02389,-0.01262,-0.95718,-0.28824
130.65497,240.85331,-222.53141,3.18545,0.02503,-0.01372,-0.95667,-0.28977
130.75872,239.60337,-221.72658,3.13105,0.02478,-0.01336,-0.95649,-0.29041
130.86248,238.35252,-220.91750,3.07068,0.02341,-0.01305,-0.95624,-0.29135
131.06998,235.85120,-219.33651,2.97261,0.02278,-0.01217,-0.95577,-0.29296
131.27749,233.40029,-217.74794,2.87607,0.02454,-0.01402,-0.95540,-0.29396
131.48484,230.92374,-216.17539,2.77975,0.02456,-0.01599,-0.95509,-0.29485
131.69222,228.50075,-214.59287,2.65220,0.02498,-0.01792,-0.95489,-0.29536
132.00335,224.81143,-212.18215,2.44013,0.02331,-0.01896,-0.95494,-0.29528
132.21059,222.33228,-210.58129,2.33623,0.02397,-0.01706,-0.95524,-0.29436
132.41797,219.85658,-208.95195,2.26884,0.02574,-0.01646,-0.95580,-0.29243
132.62547,217.35900,-207.37277,2.14648,0.02620,-0.01553,-0.95624,-0.29098
132.93647,213.62427,-205.04716,1.97437,0.02429,-0.00924,-0.95717,-0.28835
133.24747,209.96335,-202.73429,1.82988,0.02804,-0.00822,-0.95827,-0.28436
133.55859,206.21956,-200.43124,1.65304,0.02816,-0.01171,-0.95958,-0.27977
133.86972,202.43096,-198.17116,1.46887,0.02749,-0.01400,-0.96178,-0.27207
134.18085,198.63409,-196.03377,1.30608,0.02651,-0.01095,-0.96457,-0.26226
134.38822,196.07115,-194.64047,1.19426,0.02815,-0.00933,-0.96632,-0.25562
134.49186,194.78838,-193.95074,1.13902,0.02945,-0.01050,-0.96710,-0.25248
134.59560,193.52361,-193.27221,1.07406,0.02815,-0.00898,-0.96800,-0.24919
134.69934,192.30098,-192.63215,1.02595,0.02714,-0.00921,-0.96884,-0.24601
134.80312,190.99909,-191.97432,0.97355,0.02682,-0.00956,-0.96940,-0.24384
135.01062,188.44460,-190.68287,0.88100,0.02835,-0.01233,-0.97027,-0.24005
135.11435,187.14722,-190.04229,0.81642,0.02879,-0.01344,-0.97056,-0.23877
135.32197,184.61173,-188.79004,0.70535,0.02625,-0.01414,-0.97122,-0.23632
135.42572,183.34893,-188.17838,0.65296,0.02617,-0.01387,-0.97152,-0.23510
135.52947,182.05000,-187.54949,0.60304,0.02688,-0.01338,-0.97185,-0.23369
135.63310,180.71796,-186.88278,0.54379,0.01780,-0.01746,-0.97458,-0.22265
135.73685,179.30401,-186.24076,0.50429,0.01831,-0.01719,-0.97484,-0.22147
135.84060,177.98544,-185.63906,0.45250,0.01808,-0.01658,-0.97518,-0.22003
135.94423,176.66068,-185.05395,0.42003,0.01767,-0.01718,-0.97543,-0.21892
136.15160,174.01154,-183.89479,0.34045,0.01740,-0.01901,-0.97589,-0.21672
136.25522,172.70765,-183.32742,0.31103,0.01708,-0.01974,-0.97613,-0.21562
136.35897,171.41055,-182.77808,0.29315,0.01616,-0.01957,-0.97640,-0.21445
136.56647,168.69652,-181.57667,0.22423,0.01954,-0.01557,-0.97681,-0.21266
136.67022,167.36104,-181.00706,0.18593,0.02046,-0.01443,-0.97689,-0.21225
136.77399,166.01285,-180.42241,0.14634,0.02090,-0.01321,-0.97705,-0.21157
136.98137,163.33899,-179.27319,0.07527,0.02097,-0.01474,-0.97724,-0.21058
137.18872,160.71519,-178.17042,-0.00528,0.01912,-0.01504,-0.97742,-0.20990
137.39623,158.07999,-177.06352,-0.07419,0.01836,-0.01366,-0.97768,-0.20883
137.60360,155.37971,-175.93965,-0.13498,0.01895,-0.01332,-0.97795,-0.20756
137.81097,152.66413,-174.81801,-0.20316,0.01924,-0.01333,-0.97823,-0.20621
138.01835,149.94522,-173.67900,-0.27382,0.01819,-0.01527,-0.97858,-0.20451
138.12211,148.58648,-173.11045,-0.31969,0.01692,-0.01575,-0.97874,-0.20378
138.22587,147.23365,-172.56033,-0.33069,0.01684,-0.01678,-0.97872,-0.20382
138.32960,145.86799,-171.99988,-0.35585,0.01713,-0.01638,-0.97867,-0.20405
138.43335,144.54002,-171.44125,-0.38100,0.01697,-0.01633,-0.97850,-0.20488
138.53710,143.21995,-170.91604,-0.42599,0.01723,-0.01472,-0.97808,-0.20699
138.64097,141.91300,-170.37802,-0.45459,0.01819,-0.01369,-0.97758,-0.20935
138.74472,140.59182,-169.82429,-0.48262,0.01963,-0.01251,-0.97700,-0.21199
138.95222,137.97500,-168.70967,-0.55716,0.02180,-0.01120,-0.97538,-0.21915
139.15973,135.35601,-167.53402,-0.64050,0.02144,-0.00911,-0.97332,-0.22828
139.36735,132.74770,-166.31152,-0.73207,0.02045,-0.00600,-0.97099,-0.23819
139.47110,131.44428,-165.66451,-0.76791,0.02076,-0.00484,-0.96975,-0.24316
139.57485,130.17376,-165.03687,-0.80353,0.02039,-0.00513,-0.96843,-0.24841
139.67847,128.90161,-164.36636,-0.83531,0.02073,-0.00539,-0.96715,-0.25330
139.78223,127.63091,-163.69919,-0.87052,0.02016,-0.00611,-0.96571,-0.25876
139.88597,126.34161,-162.99597,-0.89210,0.02042,-0.00609,-0.96432,-0.26389
139.98972,125.07974,-162.29197,-0.92862,0.01942,-0.00700,-0.96274,-0.26962
140.09348,123.84463,-161.58290,-0.96481,0.01883,-0.00763,-0.96110,-0.27545
140.30085,121.32303,-160.03944,-1.02955,0.01885,-0.01098,-0.95767,-0.28703
140.50822,118.88425,-158.48583,-1.09029,0.01863,-0.01446,-0.95425,-0.29807
140.61198,117.68212,-157.69621,-1.12313,0.01698,-0.01541,-0.95270,-0.30304
140.71560,116.47654,-156.87578,-1.15927,0.01540,-0.01578,-0.95134,-0.30734
140.81935,115.28795,-156.06157,-1.18754,0.01482,-0.01559,-0.95010,-0.31121
140.92311,114.06781,-155.20763,-1.20263,0.01361,-0.01764,-0.94901,-0.31445
141.02673,112.90708,-154.38223,-1.24075,0.01290,-0.02056,-0.94794,-0.31753
141.13048,111.69176,-153.48207,-1.26839,0.01303,-0.02087,-0.94705,-0.32015
141.23423,110.50045,-152.61950,-1.28947,0.01199,-0.02188,-0.94586,-0.32363
141.33800,109.33233,-151.75771,-1.32905,0.01169,-0.02131,-0.94494,-0.32635
141.44173,108.17667,-150.88510,-1.34920,0.01212,-0.01923,-0.94422,-0.32854
141.54550,107.02422,-150.00551,-1.40061,0.01131,-0.01993,-0.94332,-0.33110
141.64911,105.84937,-149.10252,-1.39498,0.01341,-0.02090,-0.94242,-0.33352
141.75287,104.73258,-148.25159,-1.44531,0.01398,-0.02064,-0.94172,-0.33547
141.96023,102.42682,-146.49081,-1.51005,0.01315,-0.01857,-0.94048,-0.33908
142.06398,101.28137,-145.59805,-1.55758,0.01404,-0.01701,-0.93967,-0.34137
142.16773,100.14103,-144.69482,-1.57627,0.01600,-0.01738,-0.93862,-0.34413
142.27148,99.01287,-143.77190,-1.61602,0.01518,-0.01782,-0.93740,-0.34747
142.37536,97.87515,-142.83663,-1.65853,0.01434,-0.01724,-0.93603,-0.35120
142.47910,96.78823,-141.95666,-1.70137,0.01325,-0.01642,-0.93446,-0.35545
142.58273,95.68337,-141.02060,-1.72419,0.02127,-0.01594,-0.93050,-0.36533
142.68649,94.58984,-140.02744,-1.77634,0.02089,-0.01657,-0.92970,-0.36735
142.79010,94.02187,-139.53590,-1.79289,0.02106,-0.01732,-0.92909,-0.36884
142.89373,92.94095,-138.57387,-1.83897,0.02217,-0.01681,-0.92851,-0.37025
142.99748,91.85400,-137.58276,-1.89328,0.02285,-0.01669,-0.92816,-0.37110
143.10111,90.76509,-136.59467,-1.94628,0.02310,-0.01654,-0.92817,-0.37107
143.30848,88.58535,-134.61360,-2.05452,0.02445,-0.01632,-0.92880,-0.36942
143.61962,85.40313,-131.79632,-2.26994,0.02045,-0.01185,-0.92984,-0.36720
143.82700,83.24076,-129.86683,-2.34747,0.01954,-0.01364,-0.93009,-0.36655
144.13799,79.92511,-126.93266,-2.47205,0.02053,-0.01736,-0.93009,-0.36634
144.34539,77.73781,-125.00531,-2.55933,0.01955,-0.01624,-0.92993,-0.36687
144.44910,76.64471,-124.02516,-2.62354,0.01996,-0.01424,-0.92985,-0.36712
144.65648,74.46139,-122.09144,-2.72345,0.02124,-0.01495,-0.92937,-0.36823
144.76023,73.29859,-121.01307,-2.78471,0.02191,-0.01417,-0.92930,-0.36841
144.96786,71.20953,-119.11702,-2.90737,0.02092,-0.01381,-0.92820,-0.37123
145.17536,69.00669,-117.09069,-3.01032,0.02142,-0.01429,-0.92727,-0.37350
145.38286,66.73675,-114.98606,-3.12682,0.02191,-0.01297,-0.92636,-0.37578
145.69398,63.49461,-112.01965,-3.28360,0.02316,-0.01444,-0.92496,-0.37907
146.00511,60.19571,-108.90020,-3.43620,0.02246,-0.01503,-0.92426,-0.38081
146.31611,57.02948,-105.89886,-3.61261,0.02455,-0.01133,-0.92395,-0.38157
146.41986,55.94388,-104.88176,-3.65182,0.02560,-0.01154,-0.92370,-0.38208
146.62723,53.79848,-102.82802,-3.77288,0.02226,-0.01404,-0.92400,-0.38148
146.83461,51.61333,-100.73084,-3.87578,0.01903,-0.01193,-0.92435,-0.38090
146.93836,50.52692,-99.71522,-3.91848,0.02154,-0.01165,-0.92431,-0.38087
147.04198,49.44725,-98.68710,-3.96556,0.02231,-0.01235,-0.92441,-0.38054
147.14573,48.35926,-97.64650,-4.01877,0.02125,-0.01390,-0.92460,-0.38009
147.24936,47.26690,-96.63038,-4.07128,0.02064,-0.01468,-0.92460,-0.38010
147.35311,46.17694,-95.58761,-4.13942,0.01978,-0.01631,-0.92461,-0.38005
147.45686,45.09152,-94.54255,-4.18374,0.01943,-0.01735,-0.92468,-0.37984
147.56061,44.00693,-93.52109,-4.21975,0.01874,-0.01771,-0.92469,-0.37986
147.66435,42.91397,-92.48166,-4.26454,0.01852,-0.01744,-0.92492,-0.37931
147.76798,41.82203,-91.45711,-4.30571,0.01932,-0.01753,-0.92501,-0.37905
147.97548,39.60405,-89.41258,-4.40617,0.02036,-0.01492,-0.92517,-0.37871
148.28674,36.35779,-86.34656,-4.55035,0.02193,-0.01377,-0.92567,-0.37745
148.49415,34.21275,-84.33934,-4.64209,0.02049,-0.01291,-0.92613,-0.37643
148.70163,32.04525,-82.33818,-4.71289,0.02034,-0.01109,-0.92622,-0.37626
148.90899,29.89382,-80.35418,-4.78086,0.02199,-0.01118,-0.92642,-0.37569
149.01275,28.81773,-79.33186,-4.84715,0.02203,-0.00989,-0.92667,-0.37511
149.11636,27.72193,-78.31924,-4.88713,0.02208,-0.01099,-0.92669,-0.37503
149.22011,26.66705,-77.34764,-4.93037,0.02293,-0.00849,-0.92694,-0.37441
149.32386,25.55918,-76.31472,-4.98721,0.02194,-0.00685,-0.92690,-0.37460
149.42749,24.48250,-75.33079,-5.04837,0.02201,-0.00319,-0.92708,-0.37419
149.53124,23.37156,-74.32849,-5.07558,0.02412,-0.00354,-0.92706,-0.37411
149.63488,22.22234,-73.28157,-5.11002,0.02556,-0.00461,-0.92693,-0.37434
149.73861,21.09358,-72.22712,-5.16395,0.02429,-0.00438,-0.92725,-0.37364
149.84236,19.96799,-71.19539,-5.21470,0.02308,-0.00479,-0.92730,-0.37358
149.94611,18.84822,-70.15652,-5.25702,0.02444,-0.00349,-0.92732,-0.37347
150.04974,17.73457,-69.13203,-5.30795,0.02487,-0.00272,-0.92733,-0.37340
150.15349,16.62500,-68.14364,-5.35390,0.02413,-0.00291,-0.92741,-0.37325
150.25724,15.48260,-67.07893,-5.39532,0.02311,-0.00346,-0.92761,-0.37283
150.36099,14.37958,-66.09625,-5.44663,0.02238,-0.00330,-0.92763,-0.37281
150.46474,13.34704,-65.22841,-5.43545,0.02351,-0.00317,-0.92742,-0.37326
150.56836,12.36000,-64.27783,-5.48178,0.02380,-0.00372,-0.92779,-0.37233
150.67211,11.21624,-63.20897,-5.50645,0.02374,-0.00430,-0.92797,-0.37187
150.77574,10.14799,-62.23432,-5.56720,0.02393,-0.00228,-0.92816,-0.37139
150.98311,7.87027,-60.18098,-5.65950,0.02366,0.00168,-0.92819,-0.37136
151.29424,4.55176,-57.15404,-5.76349,0.02323,0.00276,-0.92848,-0.37063
151.50176,2.41788,-55.25054,-5.78159,0.02172,0.00307,-0.92877,-0.37001
151.70911,0.19457,-53.22413,-5.83588,0.01628,-0.03122,-0.93014,-0.36550
151.91662,-2.02938,-51.27181,-5.91433,0.01435,-0.02864,-0.93026,-0.36549
152.02036,-3.10344,-50.32741,-5.96212,0.01351,-0.02550,-0.93024,-0.36581
152.12411,-4.21075,-49.34118,-5.99791,0.01334,-0.02298,-0.93030,-0.36584
152.22786,-5.36102,-48.34016,-6.03872,0.01416,-0.02116,-0.93021,-0.36615
152.43524,-7.58308,-46.37054,-6.10645,0.01628,-0.02037,-0.93049,-0.36540
152.64263,-9.79213,-44.43884,-6.18028,0.01355,-0.02015,-0.93128,-0.36348
152.74624,-10.87545,-43.47048,-6.21025,0.01029,-0.02135,-0.93177,-0.36227
152.95351,-13.04782,-41.57407,-6.26304,0.00892,-0.02812,-0.93261,-0.35967
153.16087,-14.92653,-39.79375,-6.27659,0.01115,-0.03002,-0.93431,-0.35501
153.26449,-15.94861,-38.94285,-6.30124,0.01213,-0.02909,-0.93486,-0.35361
153.36825,-16.97579,-38.08416,-6.33668,0.01197,-0.02711,-0.93547,-0.35216
153.47199,-17.98648,-37.25058,-6.36001,0.00969,-0.02719,-0.93603,-0.35075
153.67937,-19.99249,-35.54989,-6.39697,0.00549,-0.02913,-0.93713,-0.34773
153.88674,-21.86642,-34.02957,-6.42257,0.00690,-0.02380,-0.93794,-0.34590
154.19800,-24.70822,-31.80438,-6.44908,0.01298,-0.01308,-0.93870,-0.34426
154.71689,-29.25597,-28.23695,-6.53464,0.01946,0.00981,-0.93727,-0.34792
155.54886,-34.85473,-23.51904,-6.60874,0.02456,0.05800,-0.90189,-0.42735
156.48614,-37.90489,-19.06226,-6.35496,0.01440,0.04944,-0.73268,-0.67862
157.31887,-37.82345,-14.83383,-6.16387,0.01890,0.03211,-0.66415,-0.74667
157.94212,-37.20885,-11.79549,-6.02999,0.01406,0.03810,-0.51424,-0.85668
158.35737,-36.11665,-9.92122,-5.89916,0.01472,0.03297,-0.43029,-0.90197
158.66863,-35.03082,-8.59120,-5.80348,0.01308,0.03506,-0.35561,-0.93388
159.08352,-33.16449,-7.10236,-5.64613,0.00465,0.03436,-0.25832,-0.96544
159.60174,-30.24298,-5.62642,-5.39069,-0.00304,0.03452,-0.15161,-0.98783
159.91250,-28.39566,-5.01567,-5.22638,-0.00698,0.03760,-0.11928,-0.99212
160.32700,-25.60429,-4.30687,-4.97109,-0.01318,0.03516,-0.09070,-0.99517
160.74150,-22.32612,-3.67432,-4.65030,-0.01618,0.02974,-0.08406,-0.99588
161.05265,-20.27444,-3.27191,-4.49447,-0.01857,0.02913,-0.08183,-0.99605
161.26012,-18.71211,-2.98739,-4.37334,-0.01813,0.02774,-0.08081,-0.99618
161.57125,-16.14731,-2.34824,-4.17086,-0.02078,0.02550,-0.07693,-0.99649
161.77875,-14.49003,-2.08790,-4.05766,-0.02296,0.02264,-0.07585,-0.99660
161.98624,-12.81139,-1.76590,-3.95333,-0.02592,0.02213,-0.07422,-0.99666
162.19362,-11.15580,-1.44926,-3.83502,-0.02809,0.01942,-0.07259,-0.99678
162.40100,-9.51291,-1.15846,-3.71374,-0.02921,0.01516,-0.07161,-0.99689
162.60838,-7.91359,-0.88940,-3.61502,-0.03009,0.01495,-0.07265,-0.99679
162.81587,-6.42647,-0.63460,-3.53098,-0.02932,0.01780,-0.07462,-0.99662
163.12700,-4.18760,-0.23365,-3.40168,-0.02615,0.01425,-0.07876,-0.99645
163.43825,-1.98045,0.22014,-3.28189,-0.02343,0.01309,-0.08356,-0.99614
163.64577,-0.54177,0.50057,-3.21663,-0.02195,0.01020,-0.08868,-0.99577
163.74950,0.15947,0.63469,-3.17982,-0.02259,0.00762,-0.09212,-0.99546
163.95688,1.53240,0.92001,-3.13475,-0.02300,0.00949,-0.10010,-0.99467
164.06063,2.21048,1.07291,-3.12513,-0.02377,0.01272,-0.10534,-0.99407
164.16438,2.88907,1.22689,-3.10935,-0.02504,0.01429,-0.11082,-0.99342
164.26813,3.54233,1.39982,-3.07766,-0.02522,0.01418,-0.11686,-0.99273
164.37188,4.22131,1.58953,-3.04446,-0.02543,0.01255,-0.12246,-0.99207
164.47565,4.91741,1.79661,-3.01501,-0.02572,0.01139,-0.12785,-0.99139
164.57927,5.60031,1.98957,-2.98630,-0.02582,0.01112,-0.13372,-0.99062
164.68300,6.29476,2.19836,-2.95977,-0.02491,0.01230,-0.13920,-0.98987
164.89052,7.70032,2.63747,-2.90068,-0.02556,0.01697,-0.14989,-0.98823
164.99435,8.39486,2.86894,-2.87148,-0.02670,0.01860,-0.15463,-0.98744
165.09810,9.09740,3.10951,-2.83733,-0.02468,0.02127,-0.15923,-0.98670
165.20185,9.79197,3.36277,-2.79984,-0.02366,0.02299,-0.16348,-0.98599
165.30573,9.26732,1.41387,-2.14723,-0.03835,0.02682,-0.15883,-0.98620
