0.00000,1.78955,0.02351,0.00000,-0.00024,0.00573,-0.00200,0.99998
0.20779,2.66183,0.04668,0.03034,0.00074,-0.00550,0.00329,-0.99998
0.41549,5.03948,0.08041,0.04356,0.00026,-0.00571,0.00411,-0.99998
0.51964,6.24265,0.09936,0.04944,0.00037,-0.00568,0.00468,-0.99997
0.72734,8.63186,0.12359,0.05405,0.00075,-0.00490,0.00545,-0.99997
0.93503,11.00023,0.17837,0.06784,-0.00029,-0.00608,0.00518,-0.99997
1.14277,13.38805,0.21270,0.10320,-0.00076,-0.00618,0.00271,-0.99998
1.35055,15.79184,0.27314,0.11555,-0.00008,-0.00594,0.00185,-0.99998
1.55829,18.17869,0.32428,0.12926,-0.00068,-0.00626,0.00128,-0.99998
1.76606,20.59633,0.36253,0.14408,-0.00064,-0.00593,0.00066,-0.99998
1.87009,21.76316,0.40487,0.13100,-0.00027,-0.00522,0.00067,-0.99999
1.97392,22.93344,0.42208,0.15279,-0.00029,-0.00578,-0.00006,-0.99998
2.07787,24.11251,0.44601,0.16250,-0.00070,-0.00575,-0.00036,-0.99998
2.28565,26.55619,0.48738,0.16436,-0.00052,-0.00572,-0.00131,-0.99998
2.49349,28.94076,0.53968,0.18216,-0.00139,-0.00674,-0.00218,-0.99997
2.70144,31.32058,0.60300,0.19809,-0.00207,-0.00604,-0.00309,-0.99997
2.80610,32.52384,0.64374,0.20183,-0.00189,-0.00604,-0.00344,-0.99997
3.01314,34.92187,0.72167,0.19608,-0.00242,-0.00631,-0.00397,-0.99997
3.22100,37.32295,0.80505,0.21073,-0.00289,-0.00628,-0.00426,-0.99997
3.42899,39.74534,0.87757,0.21080,-0.00311,-0.00698,-0.00437,-0.99996
3.63688,42.12837,0.95203,0.25235,-0.00314,-0.00789,-0.00454,-0.99995
3.94887,45.73560,1.08565,0.23744,-0.00138,-0.00980,-0.00304,-0.99995
4.15675,48.12703,1.17582,0.22538,-0.00094,-0.01267,-0.00117,-0.99992
4.36462,50.50391,1.26404,0.20939,-0.00276,-0.01273,0.00036,-0.99992
4.57262,52.91516,1.30458,0.17566,-0.00188,-0.01156,0.00107,-0.99993
4.67649,54.13415,1.30378,0.15938,-0.00175,-0.01126,0.00096,-0.99993
4.88424,56.58423,1.36637,0.14513,-0.00213,-0.01093,-0.00005,-0.99994
4.98812,57.78902,1.38692,0.13793,-0.00214,-0.01153,-0.00085,-0.99993
5.09199,58.99468,1.41511,0.12139,-0.00201,-0.01136,-0.00124,-0.99993
5.19599,60.20818,1.44682,0.11159,-0.00158,-0.01130,-0.00192,-0.99993
5.40374,62.59451,1.52041,0.11019,-0.00213,-0.01122,-0.00217,-0.99993
5.50776,63.78698,1.55457,0.10584,-0.00276,-0.01072,-0.00220,-0.99994
5.61162,65.02479,1.54362,0.07902,-0.00212,-0.01097,-0.00301,-0.99993
5.71549,66.24699,1.58196,0.08155,-0.00249,-0.01181,-0.00298,-0.99992
5.92337,68.62880,1.65669,0.07161,-0.00140,-0.01058,-0.00292,-0.99994
6.02739,69.83216,1.69306,0.07985,-0.00058,-0.01100,-0.00309,-0.99993
6.23524,72.22423,1.77508,0.07154,0.00113,-0.01137,-0.00287,-0.99993
6.33912,73.42465,1.81904,0.06343,0.00146,-0.01176,-0.00223,-0.99993
6.44312,74.60123,1.84807,0.05862,0.00242,-0.01208,-0.00144,-0.99992
6.65112,76.98116,1.90961,0.04590,0.00061,-0.00852,0.00133,-0.99996
6.75512,78.12970,1.92352,0.03441,0.00135,-0.00825,0.00235,-0.99996
6.85912,79.31167,1.93571,0.03397,0.00083,-0.00988,0.00358,-0.99994
6.96312,80.48740,1.96254,0.04511,0.00114,-0.01061,0.00522,-0.99993
7.06712,81.64536,1.98620,0.03873,0.00139,-0.00972,0.00747,-0.99992
7.17112,82.75325,2.00808,0.03154,0.00085,-0.00822,0.00943,-0.99992
7.37912,85.07950,2.02791,0.04199,-0.00008,-0.00619,0.01280,-0.99990
7.48312,86.29960,1.99859,0.03264,-0.00031,-0.00679,0.01436,-0.99987
7.69112,88.68248,2.00321,0.05156,0.00020,-0.00599,0.01827,-0.99982
7.89912,90.95716,1.96702,0.07104,0.00019,-0.00473,0.02142,-0.99976
8.10712,93.27484,1.90315,0.08706,-0.00091,-0.00605,0.02399,-0.99969
8.31512,95.51623,1.84026,0.09612,0.00161,0.00729,-0.02663,0.99962
8.73112,100.18218,1.67101,0.11405,-0.00268,-0.00237,0.03050,-0.99953
9.25112,106.12643,1.48416,0.18189,-0.00260,-0.00539,0.02762,-0.99960
9.66689,110.91045,1.38183,0.20618,-0.00117,-0.00598,0.02030,-0.99978
10.18662,117.06575,1.32346,0.21509,-0.00028,-0.00648,0.00846,-0.99994
10.60262,121.92839,1.40313,0.22591,0.00299,-0.00597,0.00311,-0.99997
11.01875,126.88121,1.57118,0.22654,0.00667,-0.00726,0.00226,-0.99995
11.43462,131.89620,1.70298,0.24179,0.00522,-0.00873,0.00145,-0.99995
11.74663,135.73497,1.76902,0.24570,0.00122,-0.01107,0.00068,-0.99994
11.95462,138.31003,1.80535,0.23783,-0.00184,-0.00988,0.00053,-0.99995
12.05850,139.64340,1.86028,0.24223,-0.00239,-0.00975,0.00080,-0.99995
12.16250,140.92673,1.87795,0.24233,-0.00243,-0.01012,0.00072,-0.99995
12.26652,142.17898,1.91188,0.24177,-0.00226,-0.01105,0.00132,-0.99994
12.47437,144.69740,1.96856,0.22915,-0.00124,-0.01097,0.00179,-0.99994
12.68225,147.20867,2.00985,0.22201,-0.00107,-0.00904,0.00196,-0.99996
12.99413,150.99370,2.08821,0.24434,-0.00145,-0.00516,0.00240,-0.99998
13.20212,153.54813,2.15218,0.26636,-0.00106,-0.00555,0.00255,-0.99998
13.41000,156.05738,2.16475,0.26700,-0.00012,-0.00618,0.00173,-0.99998
13.61788,158.57941,2.25214,0.28400,0.00012,-0.00608,0.00189,-0.99998
13.92975,162.37647,2.34160,0.34026,0.00068,-0.00705,0.00092,-0.99997
14.24163,166.18318,2.43920,0.34879,0.00100,-0.00592,0.00002,-0.99998
14.44965,168.74040,2.45859,0.34997,0.00171,-0.00552,-0.00115,-0.99998
14.65751,171.27818,2.53265,0.36352,0.00160,-0.00636,-0.00167,-0.99998
14.86538,173.77848,2.60476,0.37539,0.00233,-0.00669,-0.00227,-0.99997
15.17725,177.58951,2.69181,0.39112,0.00325,-0.00640,-0.00328,-0.99997
15.38513,180.12449,2.76822,0.39891,0.00248,-0.00504,-0.00334,-0.99998
15.59313,182.69326,2.83403,0.42107,0.00130,-0.00709,-0.00385,-0.99997
15.80101,185.25384,2.91535,0.44550,0.00153,-0.00911,-0.00375,-0.99995
15.90501,186.52342,2.94119,0.43619,0.00247,-0.00759,-0.00401,-0.99996
16.00901,187.68317,2.97031,0.42555,0.00285,-0.00633,-0.00426,-0.99997
16.11288,188.87538,3.02635,0.43709,0.00249,-0.00660,-0.00411,-0.99997
16.32088,191.34128,3.11660,0.45271,0.00272,-0.00830,-0.00366,-0.99996
16.63288,195.08769,3.19361,0.45517,0.00209,-0.00762,-0.00225,-0.99997
16.94475,198.87122,3.36185,0.47744,0.00199,-0.00684,0.00024,-0.99997
17.25676,202.48402,3.43850,0.50255,0.00185,-0.00809,0.00191,-0.99996
17.46475,204.81049,3.46745,0.50555,0.00250,-0.00812,0.00261,-0.99996
17.88063,209.48361,3.58656,0.54402,0.00220,-0.00889,0.00457,-0.99995
18.08863,211.79823,3.58025,0.55024,0.00209,-0.00929,0.00371,-0.99995
18.29663,213.98099,3.61173,0.55190,0.00237,-0.00848,0.00307,-0.99996
18.50463,216.13689,3.64417,0.55961,0.00225,-0.00830,0.00196,-0.99996
18.71251,218.19186,3.70342,0.56096,0.00168,-0.00952,0.00049,-0.99995
18.92051,220.23845,3.77504,0.57765,0.00189,-0.01071,-0.00136,-0.99994
19.12863,222.21409,3.83404,0.58388,0.00256,-0.01070,-0.00377,-0.99993
19.44051,224.98336,3.95025,0.59666,0.00254,-0.01086,-0.00775,-0.99991
19.64865,226.69045,4.03385,0.59371,0.00294,-0.01022,-0.01065,-0.99989
19.85663,228.36599,4.11407,0.59653,0.00398,-0.00994,-0.01335,-0.99985
20.06489,229.91408,4.18335,0.60717,0.00467,-0.01098,-0.01399,-0.99983
20.37701,232.19314,4.28124,0.60172,0.00479,-0.01006,-0.01386,-0.99984
20.58526,233.61508,4.36713,0.61670,0.00504,-0.00881,-0.01266,-0.99987
21.00151,236.48557,4.49764,0.61794,0.00497,-0.00830,-0.00927,-0.99991
21.41776,239.32387,4.60342,0.62197,0.00371,-0.00884,-0.00393,-0.99995
21.73001,241.39975,4.66137,0.61628,0.00378,-0.00832,0.00064,-0.99996
21.93826,242.77754,4.69275,0.61680,0.00413,-0.00771,0.00353,-0.99996
22.14640,244.17874,4.71694,0.61645,0.00418,-0.00844,0.00630,-0.99994
22.35451,245.59709,4.72781,0.61642,0.00374,-0.00757,0.00827,-0.99993
22.45866,246.30358,4.73374,0.61217,0.00381,-0.00631,0.00921,-0.99993
22.56276,247.05046,4.71710,0.60725,0.00317,-0.00556,0.00951,-0.99993
22.66676,247.76061,4.71873,0.60311,0.00343,-0.00521,0.00957,-0.99993
22.77076,248.49175,4.72313,0.61475,0.00385,-0.00508,0.00984,-0.99993
22.87476,249.28340,4.72815,0.63487,0.00455,-0.00511,0.00990,-0.99993
22.97889,250.01221,4.70892,0.64015,0.00538,-0.00479,0.00988,-0.99993
23.08290,250.72798,4.70686,0.62393,0.00502,-0.00335,0.00990,-0.99993
23.18689,251.47580,4.70311,0.64715,-0.00343,0.00265,-0.01011,0.99994
23.29089,252.21981,4.71249,0.65638,-0.00165,0.00242,-0.01046,0.99994
23.39501,253.00139,4.72072,0.66197,-0.00303,0.00429,-0.01083,0.99993
23.60301,254.54240,4.72489,0.67295,0.00486,-0.00903,0.01167,-0.99988
23.81113,256.14477,4.71924,0.66408,-0.00489,0.00500,-0.01448,0.99987
24.01927,257.78971,4.72239,0.66752,0.00677,-0.00332,0.01811,-0.99981
24.22738,259.45998,4.69862,0.68621,-0.00444,0.00615,-0.02111,0.99975
24.33139,260.29344,4.68078,0.68390,-0.00345,0.00676,-0.02265,0.99971
24.43553,261.15247,4.65908,0.68009,-0.00364,0.00688,-0.02417,0.99968
24.53951,261.97604,4.62680,0.67401,-0.00508,0.00583,-0.02517,0.99965
24.74764,263.63066,4.58690,0.67669,0.00545,-0.00453,0.02758,-0.99959
24.95576,265.30937,4.52605,0.68655,0.00682,-0.00628,0.03028,-0.99950
25.16376,266.98950,4.46880,0.69497,0.00754,-0.00596,0.03321,-0.99940
25.47577,269.58306,4.34882,0.70220,-0.00471,0.00581,-0.03591,0.99933
25.57976,270.42587,4.28680,0.70445,-0.00404,0.00593,-0.03590,0.99933
25.68376,271.29244,4.26544,0.70494,-0.00393,0.00583,-0.03642,0.99931
25.78765,272.14202,4.22266,0.70725,-0.00386,0.00605,-0.03633,0.99931
25.89164,272.99756,4.18171,0.70547,-0.00427,0.00613,-0.03592,0.99933
25.99552,273.85720,4.14932,0.71442,-0.00391,0.00573,-0.03563,0.99934
26.09951,274.71026,4.08323,0.72562,-0.00358,0.00553,-0.03440,0.99939
26.20351,275.55659,4.06281,0.72695,0.00398,-0.00534,0.03410,-0.99940
26.30739,276.40442,4.00179,0.73535,0.00430,-0.00514,0.03257,-0.99945
26.41139,277.24634,3.98075,0.73584,0.00499,-0.00497,0.03211,-0.99946
26.51526,278.11651,3.91713,0.73443,0.00529,-0.00524,0.03063,-0.99950
26.61926,278.94405,3.90533,0.73531,0.00538,-0.00585,0.02954,-0.99953
26.72314,279.76777,3.88058,0.73984,-0.00469,0.00705,-0.02758,0.99958
26.82714,280.62023,3.85072,0.74347,-0.00406,0.00785,-0.02511,0.99965
26.93114,281.43511,3.82949,0.73934,-0.00377,0.00843,-0.02273,0.99970
27.03514,282.28957,3.75637,0.73443,-0.00340,0.00869,-0.01952,0.99977
27.13914,283.06743,3.76316,0.73734,-0.00318,0.00902,-0.01759,0.99980
27.24326,283.83899,3.75401,0.71538,-0.00294,0.00888,-0.01516,0.99984
27.34726,284.64711,3.72514,0.71221,-0.00274,0.00859,-0.01310,0.99987
27.45139,285.39668,3.74844,0.71288,-0.00323,0.00853,-0.01138,0.99989
27.55539,286.20666,3.73298,0.71467,-0.00335,0.00847,-0.00951,0.99991
27.65941,286.96007,3.75748,0.72504,-0.00326,0.00856,-0.00778,0.99993
27.76339,287.69703,3.76705,0.73515,-0.00290,0.00830,-0.00559,0.99995
27.86740,288.41122,3.77902,0.73611,0.00360,-0.00768,0.00333,-0.99996
27.97139,289.10898,3.79034,0.72951,0.00455,-0.00663,0.00013,-0.99997
28.07541,289.80982,3.79559,0.73805,0.00478,-0.00592,-0.00430,-0.99996
28.28327,291.11853,3.86659,0.76532,0.00480,-0.00558,-0.01586,-0.99985
28.59479,292.98714,4.01031,0.76904,0.00686,-0.00651,-0.04512,-0.99894
28.90604,294.69055,4.26563,0.77561,0.00830,-0.00774,-0.08632,-0.99620
29.21728,295.97134,4.73269,0.91272,-0.02337,-0.00213,-0.15072,-0.98830
29.52839,297.45301,5.20702,0.97351,-0.02253,-0.00389,-0.23568,-0.97156
29.73577,298.42698,5.69446,1.01211,-0.02320,-0.00461,-0.28360,-0.95865
29.94328,299.23821,6.24956,1.04237,-0.02369,-0.00649,-0.30336,-0.95256
30.15089,299.90813,6.81702,1.05845,-0.02387,-0.00646,-0.34669,-0.93765
30.25464,300.19871,7.08342,1.06562,-0.02517,-0.00759,-0.37545,-0.92647
30.46204,300.77497,7.77196,1.08732,-0.02791,-0.01098,-0.44449,-0.89528
30.77339,301.37684,8.83350,1.09307,-0.02129,-0.00982,-0.53538,-0.84429
30.98089,301.69469,9.57537,1.08165,-0.02015,-0.01000,-0.58495,-0.81075
31.29241,301.96854,10.57842,1.14538,-0.01657,-0.01389,-0.65622,-0.75426
31.39627,302.00108,10.97996,1.16462,-0.01448,-0.01454,-0.67760,-0.73514
31.81165,301.93715,12.58236,1.20574,-0.00399,-0.02140,-0.76733,-0.64089
32.01940,301.74273,13.47247,1.20567,-0.00100,-0.02517,-0.81057,-0.58510
32.33129,301.17166,14.84033,1.17729,0.00071,-0.02563,-0.86220,-0.50592
32.64377,300.22315,16.29879,1.13751,0.00309,-0.02524,-0.89902,-0.43716
32.95640,299.04352,17.66650,1.07468,0.00527,-0.03218,-0.92788,-0.37144
33.16477,298.01118,18.55919,1.05752,0.00577,-0.03216,-0.94520,-0.32485
33.47742,296.15853,19.81019,1.01690,0.00224,-0.02914,-0.96430,-0.26319
33.68577,294.67484,20.60207,0.99149,0.00340,-0.02626,-0.97414,-0.22439
33.89415,293.16093,21.29920,0.97024,0.00388,-0.02730,-0.98200,-0.18687
34.10252,291.47239,21.90984,0.94662,0.00602,-0.02931,-0.98837,-0.14910
34.31077,289.65950,22.37002,0.94082,0.00785,-0.03093,-0.99317,-0.11218
34.51902,287.68531,22.74510,0.90226,0.00574,-0.02944,-0.99642,-0.07909
34.72740,285.54815,22.97852,0.89143,0.00677,-0.02828,-0.99842,-0.04800
35.04002,282.19573,23.11551,0.86413,0.00790,-0.02643,-0.99960,-0.00621
35.35265,278.60769,22.97303,0.84148,-0.00775,0.02216,0.99943,-0.02435
35.45692,277.35238,22.87876,0.82927,-0.00703,0.00487,0.99954,-0.02922
35.66552,275.29740,22.67242,0.81674,-0.00864,0.00139,0.99937,-0.03445
35.87418,272.76363,22.44264,0.79745,-0.00749,-0.00062,0.99940,-0.03391
36.18665,268.82548,22.07178,0.78403,-0.00847,-0.00164,0.99954,-0.02924
36.39503,266.21062,21.87857,0.76505,-0.01011,-0.00237,0.99965,-0.02425
36.60315,263.65019,21.70442,0.74827,0.01070,0.00266,-0.99976,0.01913
36.81128,260.96507,21.56346,0.73999,0.00983,0.00399,-0.99984,0.01443
37.01927,258.37293,21.41649,0.72876,0.01074,0.00461,-0.99989,0.00904
37.22730,255.65327,21.28266,0.74249,0.01209,0.00404,-0.99991,0.00502
37.53903,251.42608,21.11483,0.71446,0.00969,0.00336,-0.99995,0.00062
37.74677,248.77424,21.05683,0.70522,0.00948,0.00377,-0.99995,-0.00142
37.95440,245.97773,21.01453,0.73682,0.01109,0.00339,-0.99993,-0.00259
38.05815,244.68026,20.97503,0.71634,0.01105,0.00278,-0.99993,-0.00286
38.16202,243.35192,20.95105,0.70846,0.01095,0.00243,-0.99993,-0.00250
38.36953,240.56748,20.93151,0.67021,0.00911,0.00114,-0.99996,-0.00145
38.68078,236.13808,20.80948,0.68088,0.01190,0.00055,-0.99993,-0.00025
38.88840,233.38170,20.73132,0.65165,0.01198,0.00222,-0.99993,0.00033
38.99215,231.95028,20.67251,0.63415,0.01169,0.00307,-0.99993,0.00040
39.09590,230.52595,20.65671,0.62589,0.01100,0.00275,-0.99994,0.00073
39.19965,229.09477,20.62691,0.60370,0.00996,0.00294,-0.99995,0.00094
39.30340,227.47713,20.59181,0.62208,0.01012,0.00231,-0.99994,0.00155
39.51103,224.86163,20.49700,0.60146,0.01055,0.00292,-0.99994,0.00159
39.71852,221.97370,20.41156,0.59893,0.01101,0.00285,-0.99993,0.00143
39.82215,220.51753,20.37845,0.57605,0.01031,0.00362,-0.99994,0.00130
39.92590,219.10951,20.33392,0.56547,0.01064,0.00266,-0.99994,0.00119
40.02965,217.69556,20.29558,0.56460,0.01160,0.00267,-0.99993,0.00132
40.13340,216.29594,20.26028,0.55767,0.01102,0.00232,-0.99994,0.00140
40.23704,214.84458,20.23023,0.55597,0.01004,0.00219,-0.99995,0.00152
40.34078,213.40077,20.18160,0.54993,0.01003,0.00205,-0.99995,0.00135
40.44453,211.96225,20.15056,0.54155,0.01000,0.00209,-0.99995,0.00150
40.65204,208.94576,20.05601,0.54573,0.01037,0.00273,-0.99994,0.00173
40.85953,205.97905,19.97394,0.53039,0.01144,0.00333,-0.99993,0.00145
40.96330,204.55574,19.94146,0.51939,0.01099,0.00283,-0.99993,0.00171
41.06704,203.07704,19.88217,0.50614,0.01076,0.00294,-0.99994,0.00145
41.17080,201.63629,19.84864,0.49932,0.01165,0.00250,-0.99993,0.00120
41.27453,200.15099,19.81354,0.50165,0.01323,0.00194,-0.99991,0.00092
41.37830,198.74222,19.77785,0.48144,0.01310,0.00308,-0.99991,0.00028
41.48215,197.26668,19.73167,0.49341,0.01342,0.00342,-0.99990,-0.00016
41.68967,194.30890,19.67689,0.46447,0.01333,0.00388,-0.99990,-0.00085
41.89728,191.34766,19.61238,0.44958,0.01289,0.00305,-0.99991,-0.00147
42.00103,189.93487,19.57814,0.43611,0.01287,0.00319,-0.99991,-0.00190
42.10478,188.47836,19.54962,0.42306,0.01277,0.00345,-0.99991,-0.00220
42.31228,185.59911,19.49280,0.40523,0.01400,0.00358,-0.99989,-0.00301
42.41605,184.15119,19.48174,0.39290,0.01416,0.00360,-0.99989,-0.00330
42.51990,182.71043,19.45225,0.38140,0.01352,0.00354,-0.99989,-0.00435
42.72740,179.87454,19.43122,0.34070,0.01380,0.00258,-0.99988,-0.00615
42.93490,177.03773,19.37538,0.33815,0.01434,0.00192,-0.99986,-0.00867
43.14241,174.24859,19.38146,0.31937,0.01496,0.00149,-0.99983,-0.01022
43.34991,171.58641,19.36984,0.29490,0.01597,0.00115,-0.99979,-0.01248
43.55740,168.99124,19.37957,0.26953,0.01579,0.00080,-0.99978,-0.01392
43.86853,165.19561,19.40616,0.25073,0.01616,0.00114,-0.99977,-0.01434
44.17966,161.54429,19.40510,0.22322,0.01599,0.00110,-0.99977,-0.01426
44.38704,159.25210,19.39669,0.20393,0.01735,0.00136,-0.99975,-0.01413
44.59453,156.99558,19.42913,0.24002,0.01682,-0.00070,-0.99972,-0.01647
44.80216,155.23845,19.44228,0.23303,0.01572,-0.00139,-0.99975,-0.01584
45.42503,149.62699,19.46126,0.16816,0.01674,-0.00102,-0.99976,-0.01410
45.73666,147.12340,19.45155,0.17538,0.01459,-0.00414,-0.99980,-0.01337
46.36028,142.33664,19.40378,0.21173,0.01465,-0.00479,-0.99979,-0.01380
47.50441,134.72700,19.52720,0.21213,0.01035,-0.00581,-0.99982,-0.01486
48.33641,128.97022,19.49772,0.22369,0.00714,0.00315,-0.99990,-0.01217
48.85641,125.05712,19.42284,0.19674,0.01010,0.00573,-0.99992,-0.00482
49.48054,119.85715,19.28707,0.13010,0.01007,0.00030,-0.99993,0.00671
50.00054,115.05055,19.07460,0.08314,0.00991,-0.00363,-0.99980,0.01709
50.41654,110.83831,18.80831,0.04506,0.00813,-0.00368,-0.99972,0.02174
50.72866,107.34390,18.57348,0.07354,0.00421,-0.00491,-0.99971,0.02308
50.93679,105.25788,18.42288,0.07079,0.00782,-0.00508,-0.99970,0.02260
51.14479,102.93955,18.26600,0.04790,0.00603,-0.00414,-0.99972,0.02238
51.45679,99.23005,17.99151,0.05422,0.00564,-0.00352,-0.99975,0.02131
51.66478,96.65720,17.84593,0.04238,0.00774,-0.00311,-0.99976,0.02017
51.87279,94.11473,17.70473,0.01875,0.00719,-0.00238,-0.99980,0.01833
51.97679,92.84710,17.61560,0.01444,0.00618,-0.00111,-0.99984,0.01671
52.08079,91.55510,17.54010,-0.00443,0.00137,-0.00163,-0.99988,0.01529
52.18466,90.29675,17.46876,-0.00464,0.00015,-0.00204,-0.99990,0.01423
52.39267,87.48860,17.35582,0.01280,0.00656,-0.00169,-0.99991,0.01150
52.60067,84.60757,17.20801,-0.00553,0.00577,-0.00022,-0.99994,0.00918
52.70454,83.16606,17.16772,-0.01070,0.00519,-0.00048,-0.99995,0.00846
52.80854,81.75834,17.10953,-0.01105,0.00529,-0.00055,-0.99996,0.00728
52.91241,80.26262,17.03207,-0.01270,0.00542,-0.00161,-0.99997,0.00613
53.01641,78.74052,16.96699,0.00337,0.00625,-0.00103,-0.99997,0.00470
53.12031,77.21552,16.91603,0.02796,0.00728,-0.00038,-0.99997,0.00395
53.22416,75.79666,16.87772,0.02730,0.00878,0.00023,-0.99996,0.00303
53.43191,72.84372,16.78800,0.03159,0.01089,-0.00006,-0.99994,0.00151
53.63967,69.90265,16.72090,0.02371,0.00978,-0.00005,-0.99995,0.00038
53.74342,68.50021,16.68105,0.02096,0.00988,0.00010,-0.99995,-0.00020
53.84731,67.01989,16.63743,0.02555,0.01054,0.00029,-0.99994,-0.00069
54.05492,63.75969,16.59273,-0.02573,0.01209,-0.00276,-0.99992,-0.00384
54.15879,62.57518,16.57252,-0.02438,0.01272,-0.00294,-0.99991,-0.00387
54.26254,61.18371,16.55606,-0.01471,0.01513,-0.00387,-0.99987,-0.00384
54.47016,58.32179,16.49771,-0.05476,0.01576,-0.00330,-0.99986,-0.00385
54.67769,55.21367,16.39252,-0.03377,0.01336,-0.00250,-0.99990,-0.00280
54.88529,52.34349,16.31869,-0.02884,0.01422,-0.00196,-0.99989,-0.00241
55.09292,49.43260,16.24382,-0.05215,0.01735,-0.00203,-0.99985,-0.00178
55.19679,48.07627,16.23359,-0.06403,0.01705,-0.00092,-0.99985,-0.00129
55.40441,45.20790,16.16604,-0.07000,0.01380,-0.00010,-0.99990,-0.00134
55.61191,42.36204,16.10153,-0.07640,0.01604,-0.00151,-0.99987,-0.00187
55.71579,40.98896,16.06664,-0.09970,0.01632,-0.00121,-0.99986,-0.00220
55.92330,37.85619,15.98938,-0.03480,0.01623,0.00086,-0.99986,-0.00266
56.02717,36.43510,15.92551,-0.04248,0.01594,0.00129,-0.99987,-0.00329
56.13092,35.01021,15.90598,-0.05211,0.01547,0.00104,-0.99987,-0.00328
56.23467,33.63167,15.88853,-0.07070,0.01543,0.00018,-0.99988,-0.00312
56.33842,32.27062,15.85392,-0.07687,0.01635,-0.00108,-0.99986,-0.00355
56.44229,30.76878,15.79659,-0.09476,0.01657,-0.00141,-0.99985,-0.00385
56.64981,27.90762,15.74316,-0.12132,0.01594,-0.00010,-0.99987,-0.00391
56.75355,26.54840,15.72410,-0.14065,0.01591,0.00097,-0.99986,-0.00401
56.96106,23.66181,15.64590,-0.12892,0.01704,0.00158,-0.99984,-0.00441
57.06479,22.32975,15.61761,-0.15000,0.01710,0.00119,-0.99984,-0.00471
57.16854,20.98324,15.58842,-0.15722,0.01764,0.00050,-0.99983,-0.00488
57.27230,19.68287,15.55218,-0.17327,0.01816,-0.00007,-0.99982,-0.00525
57.47992,16.92888,15.50473,-0.20704,0.01496,0.00137,-0.99987,-0.00533
57.68742,14.22107,15.45368,-0.23716,0.01519,0.00522,-0.99986,-0.00537
57.89492,11.31084,15.45752,-0.27956,0.01718,0.00513,-0.99983,-0.00483
57.99868,9.96003,15.40366,-0.29223,0.01849,0.00312,-0.99981,-0.00547
58.10242,8.54169,15.38156,-0.31284,0.01926,0.00075,-0.99980,-0.00561
58.20619,6.99263,15.33265,-0.21617,0.01337,-0.00357,-0.99990,-0.00206
58.31004,5.96313,15.31409,-0.22238,0.01211,-0.00397,-0.99992,-0.00179
58.51755,3.20627,15.25800,-0.25845,0.01030,-0.00194,-0.99994,-0.00193
58.72519,0.36295,15.16489,-0.26576,0.01048,-0.00115,-0.99994,-0.00252
58.93282,-2.42986,15.11223,-0.26582,0.00970,-0.00111,-0.99995,-0.00222
59.14042,-5.24686,15.06562,-0.26672,0.00988,-0.00048,-0.99995,-0.00262
59.24417,-6.62138,15.03610,-0.28014,0.00994,0.00082,-0.99995,-0.00278
59.34804,-7.95695,14.99400,-0.27657,0.01129,0.00194,-0.99993,-0.00307
59.45180,-9.31539,14.98260,-0.28913,0.01096,0.00309,-0.99993,-0.00296
59.65942,-12.16507,14.96268,-0.29188,0.00924,0.00404,-0.99995,-0.00269
59.86692,-15.00383,14.91003,-0.29684,0.00862,0.00483,-0.99995,-0.00250
60.07454,-17.83914,14.84527,-0.29292,0.00657,0.00581,-0.99996,-0.00236
60.17832,-19.34546,14.82638,-0.28537,0.00754,0.00537,-0.99995,-0.00215
60.28217,-20.69762,14.80305,-0.27707,0.00795,0.00364,-0.99996,-0.00182
60.38592,-22.01610,14.80429,-0.27425,0.00787,0.00277,-0.99996,-0.00108
60.59342,-24.91138,14.72836,-0.26040,0.00695,0.00342,-0.99997,-0.00090
60.80104,-27.74137,14.65977,-0.24812,0.00970,0.00351,-0.99995,-0.00051
61.00855,-30.59342,14.62299,-0.24878,0.00929,0.00106,-0.99996,0.00045
61.21617,-33.58001,14.51474,-0.23609,0.01007,-0.00029,-0.99995,0.00041
61.31992,-34.96835,14.48129,-0.23467,0.01016,-0.00152,-0.99995,0.00049
61.42367,-36.34739,14.44900,-0.22825,0.01051,-0.00249,-0.99994,0.00074
61.63130,-39.19216,14.40541,-0.23615,0.01173,-0.00434,-0.99992,0.00153
61.94255,-43.41033,14.27877,-0.20882,0.00764,-0.00649,-0.99995,0.00158
62.15017,-46.46031,14.24048,-0.22032,0.00882,-0.00020,-0.99996,0.00033
62.25392,-47.68527,14.18733,-0.20851,0.00843,0.00009,-0.99996,0.00016
62.35767,-49.06835,14.16012,-0.20388,0.00838,0.00036,-0.99996,0.00032
62.46155,-50.40598,14.12459,-0.21409,0.00841,0.00104,-0.99996,0.00010
62.66905,-53.29215,14.06791,-0.20572,0.00721,0.00143,-0.99997,-0.00013
62.87667,-56.08407,13.98555,-0.19550,0.00759,0.00085,-0.99997,-0.00115
63.08430,-58.87484,13.93465,-0.19958,0.00684,0.00088,-0.99997,-0.00174
63.29193,-61.73316,13.89011,-0.17942,0.00759,0.00199,-0.99997,-0.00278
63.49955,-64.45734,13.83656,-0.17559,0.00778,0.00260,-0.99996,-0.00327
63.81105,-68.66390,13.76791,-0.15632,0.00631,0.00188,-0.99997,-0.00323
64.01868,-71.43702,13.72201,-0.13363,0.00680,0.00142,-0.99997,-0.00296
64.22618,-74.19971,13.68183,-0.12441,0.00881,0.00023,-0.99996,-0.00210
64.33005,-75.54716,13.65349,-0.12458,0.00849,-0.00026,-0.99996,-0.00178
64.43380,-76.88373,13.63414,-0.12044,0.00683,-0.00014,-0.99998,-0.00104
64.53757,-78.22071,13.62614,-0.11093,0.00567,0.00058,-0.99998,-0.00037
64.74530,-80.97352,13.55331,-0.07483,0.00898,0.00136,-0.99996,-0.00071
64.95292,-83.76114,13.49667,-0.06319,0.01048,0.00079,-0.99994,-0.00078
65.16055,-86.52554,13.43725,-0.03240,0.00925,0.00091,-0.99996,-0.00113
65.26430,-87.84096,13.40193,-0.03737,0.00854,0.00170,-0.99996,-0.00165
65.36805,-89.20910,13.38488,-0.04508,0.00895,0.00220,-0.99996,-0.00211
65.47193,-90.49131,13.36107,-0.03628,0.00973,0.00213,-0.99995,-0.00236
65.57568,-91.77052,13.35859,-0.02856,0.00921,0.00204,-0.99995,-0.00222
65.78318,-94.65423,13.26785,0.00382,0.00734,0.00318,-0.99996,-0.00403
65.99080,-96.97777,13.24023,0.02889,0.00785,0.00353,-0.99995,-0.00457
66.19830,-99.61686,13.17565,0.04016,0.00784,0.00364,-0.99995,-0.00578
66.40594,-102.28034,13.14489,0.06971,0.00798,0.00345,-0.99994,-0.00629
66.61343,-104.94182,13.09907,0.07506,0.00715,0.00367,-0.99994,-0.00692
66.71730,-106.14062,13.07881,0.07411,0.00640,0.00352,-0.99995,-0.00717
66.92481,-108.69591,13.05506,0.09124,0.00824,0.00323,-0.99993,-0.00730
67.13244,-111.30113,13.03092,0.10232,0.00736,0.00348,-0.99994,-0.00716
67.34005,-113.79245,13.00915,0.11057,0.00770,0.00261,-0.99994,-0.00687
67.54768,-116.46614,12.96706,0.13671,0.00858,0.00297,-0.99994,-0.00674
67.65155,-117.69839,12.94750,0.13671,0.00835,0.00306,-0.99994,-0.00693
67.75530,-118.91045,12.93493,0.14442,0.00843,0.00328,-0.99994,-0.00690
67.96293,-121.35466,12.92327,0.14345,0.00796,0.00353,-0.99994,-0.00715
68.17055,-123.80525,12.88629,0.16490,0.00879,0.00490,-0.99991,-0.00864
68.37818,-126.21685,12.87862,0.17078,0.00857,0.00593,-0.99990,-0.00970
68.48205,-127.37879,12.86763,0.16841,0.00750,0.00593,-0.99990,-0.01044
68.58593,-128.55493,12.87324,0.16883,0.00752,0.00519,-0.99990,-0.01066
68.68968,-129.66128,12.87577,0.17129,0.00836,0.00498,-0.99990,-0.01051
68.89743,-131.95966,12.86825,0.18534,0.00985,0.00282,-0.99989,-0.01056
69.00118,-132.99076,12.87079,0.18592,0.00969,0.00224,-0.99990,-0.01022
69.20893,-135.26816,12.83528,0.20636,0.01185,0.00265,-0.99986,-0.01108
69.41681,-137.48743,12.87143,0.19657,0.01114,0.00323,-0.99986,-0.01231
69.62456,-139.51386,12.89401,0.19796,0.01144,0.00307,-0.99984,-0.01339
69.93632,-142.28392,12.89572,0.21285,0.01134,0.00081,-0.99986,-0.01247
70.45480,-146.46240,12.77323,0.26222,0.01440,-0.00514,-0.99946,0.02898
71.28393,-150.62584,11.79847,0.29447,0.00919,-0.03331,-0.97889,0.20145
72.11368,-153.73035,9.69180,0.38097,0.01302,-0.02698,-0.89943,0.43603
72.94481,-155.04055,6.14548,0.46378,0.01228,-0.02018,-0.71484,0.69889
73.46456,-154.83299,3.82058,0.51851,0.02529,-0.00231,-0.58218,0.81266
73.98444,-153.70406,1.50039,0.52370,0.03351,0.00582,-0.43467,0.89995
74.60881,-151.08577,-0.85823,0.45117,0.03401,0.00416,-0.25563,0.96617
74.92108,-149.19284,-1.74393,0.41864,0.03427,0.00592,-0.16767,0.98523
75.12956,-147.68966,-2.19036,0.40466,0.02902,0.00514,-0.11789,0.99259
75.44256,-145.38494,-2.55160,0.37884,0.02734,0.00583,-0.06344,0.99759
75.65131,-143.67504,-2.67719,0.37379,0.02568,0.00619,-0.03653,0.99898
75.75568,-142.79384,-2.71395,0.37506,-0.02367,-0.00597,0.02556,-0.99938
75.86022,-141.87498,-2.74718,0.36841,-0.00122,-0.00723,0.01812,-0.99981
75.96471,-141.32277,-2.72505,0.35987,0.00150,-0.00657,0.01396,-0.99988
76.06919,-140.37772,-2.72687,0.35200,0.00295,-0.00654,0.01182,-0.99990
76.27806,-138.46117,-2.71454,0.31578,0.00264,-0.00711,0.01080,-0.99991
76.38245,-137.48142,-2.73212,0.30968,0.00230,-0.00758,0.00994,-0.99992
76.48681,-136.45224,-2.72385,0.30279,0.00160,-0.00730,0.00909,-0.99993
76.59106,-135.44866,-2.71147,0.29534,0.00192,-0.00713,0.00819,-0.99994
76.79944,-133.32461,-2.69456,0.26662,0.00140,-0.00871,0.00630,-0.99994
76.90356,-132.23388,-2.68285,0.24784,0.00086,-0.00886,0.00557,-0.99994
77.11181,-130.04270,-2.66639,0.22972,0.00024,-0.00759,0.00367,-0.99996
77.32006,-127.77864,-2.59670,0.22053,0.00031,-0.00745,0.00330,-0.99997
77.52819,-125.42550,-2.54723,0.20461,0.00044,-0.00660,0.00310,-0.99997
77.73619,-122.97848,-2.46818,0.19864,0.00068,-0.00718,0.00459,-0.99996
77.94421,-120.53276,-2.40882,0.18133,0.00103,-0.00427,0.00649,-0.99997
78.15207,-117.96075,-2.40981,0.18539,-0.00014,-0.00267,0.00744,-0.99997
78.35981,-115.36392,-2.37322,0.21525,-0.00160,-0.00335,0.00713,-0.99997
78.56758,-112.73730,-2.33845,0.22390,-0.00144,-0.00146,0.00534,-0.99998
78.77519,-110.03099,-2.27357,0.25023,-0.00193,-0.00303,0.00304,-0.99999
78.87906,-108.66015,-2.25607,0.24639,-0.00147,-0.00250,0.00233,-0.99999
79.08681,-105.86074,-2.18809,0.26182,-0.00235,-0.00196,0.00134,-0.99999
79.29444,-102.94877,-2.16456,0.25235,-0.00027,-0.00137,-0.00015,-1.00000
79.39831,-101.49566,-2.12766,0.26779,-0.00049,-0.00184,-0.00013,-1.00000
79.50220,-99.95343,-2.11410,0.27190,0.00063,-0.00338,0.00008,-0.99999
79.60606,-98.49337,-2.08851,0.27063,0.00024,-0.00394,0.00000,-0.99999
79.70994,-96.97993,-2.03116,0.28121,-0.00000,-0.00547,0.00065,-0.99998
79.81381,-95.47271,-1.98449,0.28512,-0.00006,-0.00833,0.00100,-0.99996
79.91756,-93.94988,-1.96259,0.27401,0.00024,-0.01079,0.00098,-0.99994
80.02146,-92.42474,-1.93992,0.25215,0.00108,-0.01191,0.00095,-0.99993
80.12519,-90.93185,-1.90824,0.24258,0.00190,-0.01283,0.00087,-0.99992
80.33281,-87.89054,-1.84835,0.24275,0.00112,-0.01267,0.00055,-0.99992
80.54044,-84.71318,-1.70458,0.23155,0.00096,-0.01289,0.00058,-0.99992
80.64432,-83.40992,-1.66704,0.22578,0.00116,-0.01392,0.00111,-0.99990
80.74810,-81.92452,-1.64703,0.19742,0.00061,-0.01349,0.00131,-0.99991
80.85196,-80.45474,-1.61084,0.17717,0.00098,-0.01267,0.00195,-0.99992
80.95570,-79.00106,-1.59064,0.16881,0.00070,-0.01302,0.00194,-0.99991
81.05944,-77.51135,-1.56008,0.15348,0.00054,-0.01369,0.00229,-0.99990
81.16321,-75.98352,-1.55331,0.12904,0.00020,-0.01464,0.00241,-0.99989
81.37070,-72.97674,-1.49095,0.11947,-0.00065,-0.01502,0.00210,-0.99988
81.47457,-71.45400,-1.43614,0.10298,-0.00033,-0.01292,0.00206,-0.99991
81.68207,-68.42138,-1.37123,0.07943,0.00224,-0.01267,0.00169,-0.99992
81.78594,-66.90490,-1.31652,0.07906,0.00274,-0.01338,0.00194,-0.99990
81.88970,-65.40308,-1.32193,0.07212,0.00125,-0.01234,0.00121,-0.99992
81.99344,-63.96905,-1.27891,0.06345,0.00080,-0.01297,0.00096,-0.99992
82.20107,-61.03030,-1.20863,0.05605,-0.00072,-0.01353,-0.00009,-0.99991
82.40856,-58.05787,-1.15688,0.02744,-0.00112,-0.01236,-0.00170,-0.99992
82.61621,-55.04517,-1.06558,0.01442,-0.00150,-0.01479,-0.00295,-0.99989
82.82382,-52.14477,-0.98586,-0.01501,-0.00096,-0.01419,-0.00375,-0.99989
82.92757,-50.69364,-0.94961,-0.04742,0.00028,-0.01402,-0.00365,-0.99990
83.13519,-47.76086,-0.88509,-0.07449,-0.00025,-0.01354,-0.00406,-0.99990
83.23894,-46.37996,-0.82360,-0.08310,-0.00097,-0.01359,-0.00362,-0.99990
83.44657,-43.40464,-0.72579,-0.08752,-0.00225,-0.01393,-0.00286,-0.99990
83.65432,-40.48387,-0.63473,-0.11692,-0.00241,-0.01439,-0.00185,-0.99989
83.86206,-37.42713,-0.55689,-0.13600,-0.00019,-0.01150,0.00004,-0.99993
84.06985,-34.73026,-0.47777,-0.13737,0.00075,-0.01247,0.00100,-0.99992
84.17369,-33.36584,-0.45883,-0.14327,0.00123,-0.01316,0.00119,-0.99991
84.27769,-31.98452,-0.42190,-0.15019,0.00128,-0.01312,0.00177,-0.99991
84.48544,-29.11034,-0.35317,-0.16869,0.00076,-0.01126,0.00317,-0.99993
84.69320,-26.21184,-0.32222,-0.19373,0.00135,-0.01223,0.00443,-0.99991
84.90094,-23.35947,-0.27247,-0.20319,0.00230,-0.00749,0.00560,-0.99995
85.10871,-20.55059,-0.21492,-0.20951,0.00238,-0.00542,0.00680,-0.99996
85.21245,-19.20361,-0.20669,-0.18068,0.00157,-0.00564,0.00688,-0.99996
85.42019,-16.43181,-0.17928,-0.16462,0.00067,-0.00749,0.00708,-0.99995
85.73159,-12.19342,-0.12411,-0.12255,-0.00122,-0.00649,0.00692,-0.99995
85.93907,-9.50100,-0.07054,-0.10474,-0.00072,-0.00744,0.00618,-0.99995
86.14669,-6.71936,-0.04916,-0.10821,-0.00047,-0.00811,0.00482,-0.99996
86.35421,-4.00424,0.01511,-0.10810,-0.00140,-0.00644,0.00457,-0.99997
86.56182,-1.29600,0.03517,-0.08081,-0.00127,-0.00659,0.00362,-0.99997
86.76945,1.52357,0.06839,-0.08143,0.00056,0.00627,-0.00348,0.99997
86.87319,2.87876,0.09721,-0.07021,-0.00029,-0.00666,0.00338,-0.99997
87.08070,5.58535,0.13419,-0.05073,-0.00065,-0.00680,0.00293,-0.99997
87.18457,6.90365,0.15727,-0.04764,-0.00071,-0.00626,0.00297,-0.99998
87.28832,8.26653,0.20400,-0.05286,-0.00050,-0.00585,0.00342,-0.99998
87.39207,9.61500,0.21153,-0.03919,-0.00086,-0.00663,0.00303,-0.99997
87.49583,10.99484,0.26144,-0.03572,0.00006,-0.00697,0.00340,-0.99997
87.80732,15.28118,0.34302,0.01114,0.00163,-0.00613,0.00250,-0.99998
88.01495,17.85467,0.39724,0.04710,0.00068,-0.00647,0.00252,-0.99998
88.11870,19.18117,0.42792,0.05491,0.00074,-0.00681,0.00280,-0.99997
88.22259,20.51550,0.43963,0.07222,0.00074,-0.00669,0.00259,-0.99997
88.32632,21.84187,0.46546,0.07633,0.00034,-0.00629,0.00260,-0.99998
88.43020,23.17674,0.47054,0.09752,0.00031,-0.00675,0.00194,-0.99998
88.63782,25.88809,0.52011,0.09304,0.00073,-0.00630,0.00164,-0.99998
88.84545,28.61627,0.58307,0.10525,0.00021,-0.00760,0.00164,-0.99997
89.05295,31.28027,0.63897,0.12247,-0.00097,-0.00701,0.00185,-0.99997
89.15680,32.55208,0.67080,0.13458,-0.00054,-0.00688,0.00213,-0.99997
89.26059,33.86413,0.69555,0.14175,-0.00059,-0.00717,0.00229,-0.99997
89.36432,35.12466,0.69743,0.17068,-0.00085,-0.00782,0.00210,-0.99997
89.57183,37.79981,0.75864,0.17269,-0.00175,-0.00761,0.00280,-0.99997
89.88320,41.74342,0.84011,0.19726,-0.00296,-0.00889,0.00225,-0.99995
90.09070,44.38912,0.90820,0.21389,-0.00167,-0.00974,0.00146,-0.99995
90.29833,46.98635,0.96781,0.21229,-0.00136,-0.01311,0.00068,-0.99991
90.50595,49.62339,1.00713,0.19111,-0.00162,-0.01491,-0.00061,-0.99989
90.60970,50.89849,1.03711,0.16584,-0.00202,-0.01397,-0.00097,-0.99990
90.81732,53.43426,1.12112,0.14202,-0.00157,-0.01309,-0.00175,-0.99991
91.02484,55.97078,1.22313,0.11914,-0.00095,-0.01232,-0.00241,-0.99992
91.12870,57.21795,1.25000,0.10823,-0.00096,-0.01268,-0.00333,-0.99991
91.23245,58.46029,1.28471,0.10634,-0.00112,-0.01320,-0.00377,-0.99991
91.43995,61.22131,1.38495,0.10314,-0.00206,-0.01258,-0.00554,-0.99990
91.54370,62.23611,1.43436,0.10213,-0.00255,-0.01238,-0.00569,-0.99990
91.64760,63.47267,1.48762,0.09689,-0.00343,-0.01206,-0.00566,-0.99991
91.75121,64.81187,1.45617,0.06725,-0.00272,-0.01189,-0.00696,-0.99990
91.85508,66.08283,1.50358,0.06075,-0.00294,-0.01269,-0.00730,-0.99989
92.06258,68.61948,1.58987,0.05845,-0.00177,-0.01162,-0.00766,-0.99990
92.16632,69.86254,1.63360,0.05380,-0.00050,-0.01190,-0.00784,-0.99990
92.27007,71.07170,1.70459,0.04080,0.00024,-0.01191,-0.00733,-0.99990
92.37383,72.28307,1.74533,0.03191,0.00102,-0.01197,-0.00704,-0.99990
92.47758,73.51979,1.78964,0.02508,0.00115,-0.01277,-0.00627,-0.99990
92.58132,74.71653,1.84426,0.01324,0.00167,-0.01332,-0.00517,-0.99990
92.68507,75.93232,1.88104,0.00866,0.00007,-0.01271,-0.00465,-0.99991
92.78883,77.08470,1.92354,-0.00385,-0.00128,-0.01076,-0.00357,-0.99993
92.89258,78.20025,1.95594,-0.01132,-0.00017,-0.01132,-0.00249,-0.99993
92.99632,79.32722,1.98667,0.00502,0.00035,-0.01311,-0.00125,-0.99991
93.10020,80.41119,2.02169,0.00346,0.00080,-0.01365,0.00049,-0.99991
93.20395,81.60369,2.06282,0.01679,0.00071,-0.01197,0.00194,-0.99993
93.30783,82.70289,2.08924,0.01754,0.00075,-0.00945,0.00362,-0.99995
93.51545,84.88352,2.11730,0.01752,-0.00116,-0.00603,0.00617,-0.99996
93.72307,87.14811,2.16456,0.02351,-0.00178,-0.00800,0.00793,-0.99993
93.82683,88.28289,2.18262,0.04304,-0.00123,-0.00767,0.00853,-0.99993
93.93070,89.41087,2.14899,0.03837,-0.00141,-0.00656,0.00864,-0.99994
94.03458,90.42727,2.15354,0.04020,-0.00110,-0.00636,0.00901,-0.99994
94.13845,91.49263,2.16846,0.05532,0.00151,0.00713,-0.00926,0.99993
94.24233,92.52651,2.16080,0.06531,0.00203,0.00806,-0.00912,0.99992
94.45009,94.63294,2.20851,0.07326,0.00382,0.00887,-0.00840,0.99992
94.65771,96.79160,2.22537,0.07359,0.00607,0.00772,-0.00495,0.99994
94.96933,100.03712,2.24082,0.08061,-0.00531,-0.00378,-0.00128,-0.99998
95.38470,104.39873,2.41357,0.12651,-0.00478,-0.00630,-0.01405,-0.99987
95.90433,109.98391,2.69050,0.11133,0.00426,-0.00647,-0.01386,-0.99987
96.63283,117.76677,2.97065,0.08476,0.00678,-0.00521,0.01492,-0.99985
97.15272,123.66371,2.85546,0.11121,0.00644,-0.00609,0.03248,-0.99943
97.56833,128.52182,2.66352,0.13320,0.00853,-0.00723,0.03877,-0.99919
97.98358,133.67457,2.33834,0.14299,-0.00074,0.00742,-0.03527,0.99935
98.29484,137.65924,2.16214,0.13642,0.00583,0.00837,-0.02622,0.99960
98.50247,140.33716,2.09745,0.11566,0.00734,0.00857,-0.02021,0.99973
98.60620,141.66939,2.07528,0.10994,0.00714,0.00949,-0.01748,0.99978
98.70996,142.96903,2.07827,0.10362,0.00652,0.01023,-0.01478,0.99982
98.91758,145.73763,2.09315,0.07985,0.00584,0.00849,-0.01000,0.99990
99.12508,148.51498,2.11324,0.06601,-0.00513,-0.00528,0.00577,-0.99996
99.33271,151.34122,2.16253,0.07585,-0.00411,-0.00331,0.00396,-0.99998
99.54033,154.18776,2.21855,0.09308,-0.00339,-0.00419,0.00248,-0.99998
99.64408,155.61562,2.23288,0.10049,-0.00302,-0.00488,0.00181,-0.99998
99.74796,157.06282,2.26549,0.10694,-0.00301,-0.00540,0.00105,-0.99998
99.95546,160.13043,2.34077,0.14492,-0.00251,-0.00632,-0.00176,-0.99998
100.16297,162.81049,2.44742,0.14890,-0.00191,-0.00631,-0.00311,-0.99997
100.37059,165.71775,2.54831,0.17299,-0.00092,-0.00569,-0.00409,-0.99998
100.57821,168.59893,2.64322,0.19094,0.00006,-0.00487,-0.00408,-0.99998
100.78571,171.45440,2.72797,0.20478,0.00026,-0.00637,-0.00377,-0.99997
100.99333,174.30986,2.83415,0.23388,0.00071,-0.00703,-0.00302,-0.99997
101.20096,177.16981,2.93778,0.25105,0.00164,-0.00643,-0.00171,-0.99998
101.40846,180.06028,3.02354,0.26556,0.00109,-0.00502,-0.00000,-0.99999
101.61608,182.87270,3.08848,0.28199,-0.00058,-0.00640,0.00104,-0.99998
101.71984,184.25147,3.13056,0.29351,-0.00110,-0.00887,0.00215,-0.99996
101.82358,185.67670,3.12270,0.29308,-0.00009,-0.00796,0.00248,-0.99997
101.92734,187.01367,3.14474,0.29388,0.00066,-0.00645,0.00307,-0.99997
102.03108,188.39813,3.16520,0.30395,0.00079,-0.00589,0.00352,-0.99998
102.23871,191.20502,3.23371,0.33861,0.00020,-0.00727,0.00471,-0.99996
102.44623,193.99414,3.28781,0.36359,-0.00138,-0.00803,0.00511,-0.99995
102.65371,196.71853,3.32192,0.37913,-0.00218,-0.00669,0.00475,-0.99996
102.86133,199.51971,3.37040,0.41136,-0.00141,-0.00702,0.00462,-0.99996
103.06884,202.21730,3.42342,0.42324,-0.00075,-0.00787,0.00450,-0.99996
103.27646,204.86924,3.44825,0.43213,-0.00055,-0.00812,0.00404,-0.99996
103.48396,207.54415,3.49157,0.43576,-0.00027,-0.00759,0.00426,-0.99996
103.79535,211.56378,3.55621,0.45661,-0.00056,-0.00799,0.00420,-0.99996
104.00271,214.24129,3.64288,0.46874,-0.00071,-0.00788,0.00448,-0.99996
104.21021,217.09940,3.67227,0.49682,-0.00381,-0.00832,0.00175,-0.99996
104.31397,218.13765,3.69561,0.50688,-0.00427,-0.00930,0.00083,-0.99995
104.52159,220.56662,3.73830,0.53784,-0.00377,-0.01070,-0.00101,-0.99994
104.72921,222.96481,3.79540,0.52806,-0.00332,-0.01010,-0.00254,-0.99994
104.93671,225.17724,3.85794,0.55035,-0.00372,-0.01001,-0.00612,-0.99992
105.14434,227.28342,3.95105,0.55871,-0.00278,-0.00980,-0.00899,-0.99991
105.35196,229.30839,4.01309,0.56117,-0.00124,-0.01050,-0.01114,-0.99988
105.55959,231.16176,4.10512,0.57606,-0.00137,-0.01156,-0.01250,-0.99985
105.66346,231.95407,4.14663,0.58197,-0.00112,-0.01160,-0.01345,-0.99984
105.87121,233.61056,4.28347,0.60118,-0.00108,-0.01072,-0.01454,-0.99984
106.18309,235.96384,4.39747,0.59730,0.00096,-0.00587,-0.01268,-0.99990
106.59909,239.07822,4.54725,0.62820,-0.00154,-0.00710,-0.00398,-0.99997
106.80709,240.66585,4.55772,0.63430,-0.00155,-0.00696,0.00012,-0.99997
106.91109,241.42685,4.58389,0.64226,-0.00151,-0.00732,0.00243,-0.99997
107.11896,242.94066,4.60588,0.64663,-0.00184,-0.00796,0.00590,-0.99995
107.22296,243.68736,4.61224,0.64850,-0.00184,-0.00854,0.00722,-0.99994
107.32697,244.41390,4.62197,0.65210,-0.00231,-0.00879,0.00824,-0.99992
107.43096,245.15310,4.62197,0.65169,-0.00240,-0.00813,0.00846,-0.99993
107.53497,245.88179,4.62726,0.64943,-0.00219,-0.00677,0.00884,-0.99994
107.63896,246.61226,4.63204,0.64712,-0.00194,-0.00511,0.00907,-0.99994
107.74284,247.35970,4.63662,0.64373,-0.00163,-0.00408,0.00928,-0.99995
107.84684,248.10126,4.61974,0.65165,-0.00176,-0.00398,0.00902,-0.99995
107.95084,248.85860,4.61812,0.66003,-0.00205,-0.00423,0.00852,-0.99995
108.05484,249.63370,4.60351,0.65572,-0.00119,-0.00410,0.00773,-0.99996
108.15884,250.41857,4.63312,0.68638,-0.00122,-0.00372,0.00766,-0.99996
108.26286,251.25220,4.65450,0.70151,-0.00235,-0.00265,0.00801,-0.99996
108.36684,251.94398,4.65374,0.71108,-0.00350,-0.00193,0.00865,-0.99995
108.47084,252.73813,4.66136,0.71414,0.00354,0.00294,-0.00911,0.99995
108.57484,253.51492,4.66675,0.72755,-0.00133,-0.00624,0.00947,-0.99993
108.78286,255.08920,4.67501,0.73661,0.00254,0.00854,-0.01128,0.99990
108.99098,256.70031,4.68398,0.72879,0.00134,0.00351,-0.01430,0.99989
109.09497,257.54747,4.67700,0.72816,-0.00022,-0.00288,0.01554,-0.99988
109.30297,259.18882,4.65645,0.75170,0.00191,0.00514,-0.01754,0.99983
109.40703,260.00905,4.62837,0.75270,0.00364,0.00572,-0.01812,0.99981
109.51098,260.96517,4.67536,0.72564,0.00466,0.00426,-0.01945,0.99979
109.61496,261.68948,4.64703,0.72614,0.00380,0.00270,-0.01971,0.99979
109.82296,263.41489,4.63974,0.72832,-0.00288,-0.00046,0.02131,-0.99977
110.03097,265.15083,4.61658,0.76066,0.00237,0.00226,-0.02346,0.99972
110.13497,266.01706,4.60135,0.76775,-0.00225,-0.00236,0.02429,-0.99970
110.34297,267.79875,4.55644,0.78719,0.00344,0.00232,-0.02427,0.99970
110.55096,269.61619,4.52148,0.80473,0.00485,0.00295,-0.02447,0.99968
110.75897,271.45812,4.47571,0.81662,0.00561,0.00370,-0.02449,0.99968
110.86284,272.39077,4.45845,0.81689,0.00521,0.00444,-0.02450,0.99968
110.96684,273.33125,4.42381,0.82684,0.00564,0.00475,-0.02375,0.99969
111.07084,274.27608,4.40297,0.84060,0.00544,0.00455,-0.02310,0.99971
111.17484,275.20438,4.38098,0.84335,0.00548,0.00406,-0.02191,0.99974
111.27884,276.12861,4.36414,0.85197,0.00443,0.00387,-0.02071,0.99977
111.38272,277.10599,4.33435,0.85463,-0.00363,-0.00353,0.01955,-0.99980
111.48672,278.02913,4.32279,0.86541,-0.00311,-0.00394,0.01815,-0.99982
111.59072,279.00904,4.27182,0.87076,-0.00245,-0.00461,0.01663,-0.99985
111.69472,279.93305,4.26467,0.88034,0.00253,0.00560,-0.01564,0.99986
111.79859,280.85589,4.24962,0.88325,0.00217,0.00621,-0.01445,0.99987
111.90259,281.77357,4.22754,0.88738,-0.00234,-0.00656,0.01313,-0.99989
112.00659,282.68566,4.23600,0.88010,-0.00183,-0.00636,0.01263,-0.99990
112.11059,283.57709,4.26888,0.89199,-0.00224,-0.00656,0.01237,-0.99990
112.21457,284.45165,4.26519,0.88126,-0.00218,-0.00588,0.01174,-0.99991
112.31859,285.36583,4.26918,0.87406,-0.00226,-0.00574,0.01120,-0.99992
112.42259,286.29233,4.29505,0.88857,-0.00153,-0.00611,0.01065,-0.99992
112.52659,287.18904,4.27616,0.89200,-0.00150,-0.00639,0.00971,-0.99993
112.63061,288.07579,4.27166,0.90181,-0.00112,-0.00613,0.00905,-0.99994
112.73459,288.88310,4.26991,0.89740,0.00052,-0.00504,0.00863,-0.99995
112.83861,289.79927,4.33273,0.91348,0.00151,-0.00366,0.00890,-0.99995
112.94259,290.53186,4.30434,0.92677,0.00261,-0.00256,0.00857,-0.99996
113.04662,291.21040,4.21770,0.95944,0.00442,-0.00263,0.00810,-0.99995
113.15059,292.30900,4.42838,0.92444,0.00411,-0.00152,0.00976,-0.99994
113.35859,293.88283,4.37081,0.95085,0.00622,-0.00064,0.01028,-0.99993
113.67059,296.34805,4.38241,0.98496,0.00684,-0.00199,0.01191,-0.99990
113.87847,297.98463,4.39256,1.01104,0.00566,-0.00412,0.01134,-0.99991
114.08634,299.62384,4.40071,1.02661,0.00487,-0.00531,0.00988,-0.99993
114.39822,302.07052,4.41106,1.04402,0.00336,-0.00655,0.00691,-0.99995
114.60624,302.15840,4.52421,1.12629,0.00349,-0.00638,0.00415,-0.99996
