0.00000,2.10903,-0.02991,0.00000,0.00191,0.00563,-0.00055,0.99998
0.20779,3.07792,0.00927,0.03338,-0.00134,-0.00550,0.00195,-0.99998
0.41549,5.30400,0.05256,0.04473,-0.00161,-0.00569,0.00291,-0.99998
0.51964,6.61777,0.07162,0.04870,-0.00167,-0.00564,0.00335,-0.99998
0.62340,7.99127,0.08729,0.05459,-0.00134,-0.00519,0.00382,-0.99998
0.72734,9.35744,0.09211,0.05223,-0.00149,-0.00478,0.00398,-0.99998
0.93503,11.41697,0.14188,0.07643,-0.00263,-0.00616,0.00355,-0.99997
1.14277,13.47437,0.18340,0.09750,-0.00293,-0.00582,0.00115,-0.99998
1.45441,17.14728,0.26807,0.11356,-0.00206,-0.00572,-0.00002,-0.99998
1.66216,19.99163,0.30587,0.11449,-0.00226,-0.00596,-0.00066,-0.99998
1.87009,22.99024,0.36880,0.12055,-0.00194,-0.00511,-0.00129,-0.99998
2.07787,25.18034,0.41411,0.14457,-0.00194,-0.00545,-0.00231,-0.99998
2.28565,26.90582,0.49028,0.16645,-0.00169,-0.00552,-0.00295,-0.99998
2.49349,28.82942,0.54686,0.18699,-0.00281,-0.00655,-0.00387,-0.99997
2.70144,31.08671,0.61727,0.20916,-0.00374,-0.00590,-0.00488,-0.99996
2.80610,32.53084,0.66160,0.21357,-0.00361,-0.00591,-0.00529,-0.99996
2.90934,33.64716,0.70796,0.21616,-0.00383,-0.00609,-0.00542,-0.99996
3.01314,35.50471,0.76212,0.21786,-0.00404,-0.00636,-0.00571,-0.99996
3.11713,37.21847,0.81229,0.20707,-0.00418,-0.00605,-0.00584,-0.99996
3.32499,39.98376,0.90451,0.22624,-0.00503,-0.00676,-0.00631,-0.99994
3.53306,42.04805,0.96284,0.23877,-0.00493,-0.00748,-0.00635,-0.99994
3.74087,43.82040,1.06602,0.24790,-0.00418,-0.00719,-0.00597,-0.99995
3.94887,45.59483,1.15294,0.26559,-0.00283,-0.00949,-0.00478,-0.99994
4.15675,47.79767,1.21623,0.26443,-0.00242,-0.01253,-0.00334,-0.99991
4.26074,49.16998,1.27878,0.23765,-0.00246,-0.01283,-0.00225,-0.99991
4.46862,52.19779,1.36033,0.20496,-0.00351,-0.01139,-0.00094,-0.99993
4.67649,54.93397,1.41702,0.18559,-0.00390,-0.01114,-0.00066,-0.99993
4.88424,57.46863,1.49191,0.17676,-0.00405,-0.01092,-0.00161,-0.99993
4.98812,58.68605,1.52450,0.16775,-0.00388,-0.01145,-0.00229,-0.99992
5.09199,59.78409,1.55881,0.16662,-0.00404,-0.01163,-0.00274,-0.99992
5.19599,60.93100,1.58954,0.15539,-0.00354,-0.01137,-0.00345,-0.99992
5.29990,61.96092,1.62770,0.15398,-0.00341,-0.01144,-0.00369,-0.99992
5.40374,62.97893,1.66586,0.15556,-0.00397,-0.01125,-0.00372,-0.99992
5.61162,65.30649,1.71026,0.13321,-0.00400,-0.01128,-0.00441,-0.99992
5.71549,66.54171,1.74720,0.14104,-0.00452,-0.01235,-0.00444,-0.99990
5.92337,69.02314,1.83401,0.11923,-0.00324,-0.01081,-0.00445,-0.99993
6.02739,70.29592,1.87051,0.12044,-0.00229,-0.01113,-0.00452,-0.99993
6.23524,72.63479,1.96478,0.10476,-0.00040,-0.01128,-0.00410,-0.99993
6.33912,73.81161,2.00192,0.10176,-0.00007,-0.01184,-0.00369,-0.99992
6.44312,74.97001,2.04247,0.09261,0.00095,-0.01215,-0.00268,-0.99992
6.65112,77.33462,2.10135,0.07049,-0.00094,-0.00856,-0.00017,-0.99996
6.75512,78.55768,2.12900,0.06473,-0.00072,-0.00825,0.00101,-0.99997
6.85912,79.73580,2.14530,0.06916,-0.00068,-0.00994,0.00225,-0.99995
6.96312,81.01212,2.16457,0.07318,-0.00043,-0.01065,0.00398,-0.99994
7.06712,82.24097,2.19718,0.05854,-0.00008,-0.00959,0.00606,-0.99994
7.17112,83.47831,2.21185,0.06172,-0.00066,-0.00831,0.00785,-0.99993
7.27512,84.71422,2.22601,0.06136,-0.00120,-0.00656,0.00976,-0.99993
7.48312,86.94675,2.24439,0.07459,-0.00172,-0.00695,0.01306,-0.99989
7.69112,89.03901,2.27208,0.08860,-0.00115,-0.00615,0.01707,-0.99983
7.89912,91.21538,2.25094,0.10182,-0.00117,-0.00482,0.02022,-0.99978
8.10712,93.34446,2.22762,0.11676,-0.00206,-0.00604,0.02302,-0.99971
8.41912,97.16134,2.08051,0.11239,-0.00347,-0.00609,0.02630,-0.99963
8.52312,98.49138,2.05539,0.11840,0.00409,0.00442,-0.02795,0.99959
8.93912,103.54639,1.89119,0.14554,-0.00361,-0.00371,0.02957,-0.99955
9.35500,107.69408,1.77969,0.17444,0.00298,0.00519,-0.02524,0.99966
9.66689,111.03207,1.71800,0.20291,0.00180,0.00583,-0.01949,0.99979
10.08275,116.49091,1.68869,0.22278,-0.00082,-0.00695,0.01046,-0.99992
10.49862,121.57337,1.73570,0.22765,0.00182,-0.00632,0.00288,-0.99997
10.81075,124.93094,1.82348,0.23952,0.00424,-0.00667,0.00150,-0.99997
11.12275,128.49752,1.95553,0.24347,0.00639,-0.00931,0.00072,-0.99994
11.43462,132.39341,2.06474,0.21273,0.00410,-0.00852,0.00023,-0.99996
11.64263,135.05027,2.14937,0.20572,0.00149,-0.01034,-0.00009,-0.99995
11.85063,137.62500,2.19866,0.19739,-0.00144,-0.01007,-0.00032,-0.99995
11.95462,138.82463,2.23719,0.19492,-0.00260,-0.00959,0.00007,-0.99995
12.16250,141.33736,2.27054,0.19649,-0.00347,-0.00987,-0.00017,-0.99995
12.26652,142.58516,2.30673,0.19127,-0.00298,-0.01081,0.00030,-0.99994
12.47437,145.05466,2.36818,0.18940,-0.00202,-0.01084,0.00069,-0.99994
12.68225,147.61376,2.43168,0.17868,-0.00181,-0.00871,0.00113,-0.99996
12.89025,150.31004,2.48807,0.17865,-0.00234,-0.00502,0.00156,-0.99998
13.09812,152.96842,2.53645,0.21290,-0.00229,-0.00499,0.00144,-0.99998
13.30600,155.58970,2.55612,0.20872,-0.00151,-0.00534,0.00109,-0.99998
13.51400,158.05264,2.58637,0.25428,-0.00116,-0.00572,0.00042,-0.99998
13.72188,160.28067,2.68853,0.26235,-0.00108,-0.00641,0.00015,-0.99998
13.92975,162.64337,2.74687,0.29411,-0.00063,-0.00639,-0.00067,-0.99998
14.24163,166.44167,2.85259,0.31427,-0.00039,-0.00544,-0.00167,-0.99998
14.44965,169.11340,2.94936,0.31928,-0.00001,-0.00487,-0.00217,-0.99999
14.65751,171.92913,3.02058,0.34038,0.00015,-0.00591,-0.00291,-0.99998
14.86538,174.49891,3.10099,0.35471,0.00080,-0.00628,-0.00348,-0.99997
15.07325,176.92312,3.17832,0.37063,0.00166,-0.00570,-0.00397,-0.99997
15.28126,179.39764,3.26726,0.39042,0.00180,-0.00535,-0.00406,-0.99998
15.48913,181.86701,3.33378,0.40873,-0.00049,-0.00480,-0.00441,-0.99998
15.69700,184.45867,3.39050,0.42503,-0.00030,-0.00875,-0.00469,-0.99995
15.80101,185.74097,3.42449,0.42341,0.00039,-0.00847,-0.00489,-0.99995
15.90501,187.03017,3.46214,0.42003,0.00128,-0.00684,-0.00489,-0.99996
16.00901,188.24899,3.49240,0.41396,0.00151,-0.00567,-0.00525,-0.99997
16.11288,189.50085,3.54721,0.42695,0.00123,-0.00588,-0.00511,-0.99997
16.32088,191.96576,3.63175,0.44541,0.00136,-0.00777,-0.00502,-0.99996
16.63288,195.55209,3.74617,0.46667,0.00046,-0.00733,-0.00351,-0.99997
16.84076,198.01823,3.86884,0.51851,0.00034,-0.00661,-0.00198,-0.99998
16.94475,199.26339,3.90330,0.51575,0.00068,-0.00669,-0.00120,-0.99998
17.15276,201.70842,3.98824,0.55121,0.00064,-0.00821,0.00026,-0.99997
17.36075,204.13938,4.03727,0.57036,0.00072,-0.00853,0.00107,-0.99996
17.56875,206.53115,4.08817,0.57686,0.00116,-0.00859,0.00211,-0.99996
17.88063,210.01641,4.16405,0.58603,0.00050,-0.00893,0.00307,-0.99996
18.08863,212.27766,4.17233,0.59887,0.00036,-0.00965,0.00231,-0.99995
18.29663,214.47601,4.17670,0.60103,0.00080,-0.00865,0.00130,-0.99996
18.50463,216.58850,4.25038,0.60031,0.00068,-0.00851,0.00077,-0.99996
18.71251,218.64445,4.29645,0.62009,-0.00017,-0.00994,-0.00093,-0.99995
18.92051,220.60537,4.34574,0.61890,-0.00015,-0.01063,-0.00328,-0.99994
19.12863,222.59781,4.38460,0.61137,0.00022,-0.01034,-0.00614,-0.99993
19.33651,224.48450,4.46146,0.62211,0.00083,-0.01055,-0.00884,-0.99990
19.54463,226.27477,4.53997,0.62735,0.00060,-0.01015,-0.01197,-0.99988
19.75263,227.97600,4.62630,0.62992,0.00143,-0.00973,-0.01490,-0.99984
19.96078,229.58034,4.72018,0.63437,0.00280,-0.00998,-0.01632,-0.99981
20.16888,231.10596,4.79806,0.63638,0.00300,-0.01077,-0.01619,-0.99981
20.37701,232.57696,4.87778,0.64019,0.00295,-0.00967,-0.01600,-0.99982
20.58526,234.03971,4.94051,0.63887,0.00334,-0.00813,-0.01518,-0.99985
20.79338,235.49899,5.00972,0.63395,0.00328,-0.00755,-0.01378,-0.99987
21.10563,237.61620,5.12448,0.64007,0.00315,-0.00727,-0.01074,-0.99991
21.52188,240.41482,5.25671,0.65334,0.00195,-0.00814,-0.00458,-0.99995
21.73001,241.76412,5.30383,0.64942,0.00188,-0.00758,-0.00160,-0.99997
21.93826,243.15605,5.33523,0.65270,0.00240,-0.00698,0.00139,-0.99997
22.04226,243.84605,5.35296,0.65306,0.00244,-0.00744,0.00283,-0.99997
22.25051,245.28002,5.37181,0.65526,0.00231,-0.00760,0.00509,-0.99996
22.35451,245.99134,5.37822,0.65184,0.00243,-0.00675,0.00623,-0.99995
22.45866,246.71539,5.38103,0.64653,0.00271,-0.00548,0.00711,-0.99996
22.56276,247.44195,5.38471,0.64543,0.00204,-0.00475,0.00757,-0.99996
22.66676,248.16950,5.38895,0.64408,0.00223,-0.00444,0.00759,-0.99996
22.77076,248.89408,5.39400,0.64616,0.00167,-0.00423,0.00765,-0.99996
22.87476,249.65574,5.37917,0.67508,0.00280,-0.00434,0.00751,-0.99996
22.97889,250.36192,5.36068,0.67943,0.00331,-0.00408,0.00750,-0.99996
23.08290,251.09558,5.36307,0.67722,0.00287,-0.00292,0.00751,-0.99996
23.18689,251.85587,5.37422,0.68989,0.00133,-0.00205,0.00798,-0.99997
23.29089,252.60829,5.38725,0.69242,-0.00038,-0.00163,0.00834,-0.99996
23.39501,253.40997,5.39388,0.70116,0.00110,-0.00352,0.00859,-0.99996
23.49901,254.17156,5.40104,0.71082,0.00294,-0.00660,0.00888,-0.99993
23.60301,254.94577,5.40733,0.71350,0.00278,-0.00826,0.00943,-0.99992
23.70716,255.74484,5.40115,0.71114,0.00216,-0.00721,0.01028,-0.99992
23.91526,257.34988,5.41025,0.69443,0.00387,-0.00225,0.01414,-0.99989
24.01927,258.14589,5.41496,0.70102,0.00462,-0.00249,0.01584,-0.99986
24.22738,259.78608,5.39298,0.71818,0.00212,-0.00508,0.01874,-0.99981
24.33139,260.61432,5.37927,0.72141,-0.00113,0.00588,-0.02026,0.99978
24.43553,261.41971,5.37180,0.72616,0.00110,-0.00616,0.02176,-0.99974
24.53951,262.26930,5.34234,0.71665,0.00259,-0.00503,0.02270,-0.99973
24.74764,263.92607,5.30684,0.71943,0.00310,-0.00375,0.02489,-0.99968
24.95576,265.59375,5.26906,0.72943,0.00443,-0.00542,0.02809,-0.99958
25.16376,267.31635,5.20480,0.74830,0.00521,-0.00520,0.03097,-0.99949
25.37176,269.02150,5.13126,0.75458,0.00266,-0.00518,0.03311,-0.99943
25.57976,270.73446,5.05273,0.76724,0.00148,-0.00530,0.03379,-0.99941
25.68376,271.59939,5.03475,0.77304,0.00172,-0.00523,0.03430,-0.99940
25.78765,272.46162,4.98679,0.77126,0.00186,-0.00535,0.03400,-0.99941
25.89164,273.34490,4.92698,0.78708,0.00156,-0.00578,0.03344,-0.99942
25.99552,274.17603,4.91114,0.78971,0.00148,-0.00530,0.03308,-0.99944
26.09951,275.06159,4.85895,0.80019,0.00131,-0.00514,0.03219,-0.99947
26.20351,275.93921,4.82561,0.79992,0.00163,-0.00477,0.03145,-0.99949
26.30739,276.81387,4.77945,0.81159,0.00202,-0.00472,0.03031,-0.99953
26.41139,277.66910,4.76213,0.82279,0.00236,-0.00480,0.02978,-0.99954
26.51526,278.57034,4.70382,0.81161,0.00298,-0.00476,0.02841,-0.99958
26.61926,279.43221,4.69749,0.81047,0.00282,-0.00543,0.02722,-0.99961
26.72314,280.29581,4.66822,0.81925,0.00215,-0.00669,0.02507,-0.99966
26.82714,281.18525,4.64684,0.82519,0.00149,-0.00755,0.02305,-0.99970
26.93114,282.02238,4.62483,0.82221,-0.00152,0.00806,-0.02055,0.99976
27.03514,282.88086,4.59879,0.82782,-0.00111,0.00854,-0.01806,0.99980
27.13914,283.71570,4.59086,0.82482,-0.00107,0.00869,-0.01594,0.99983
27.24326,284.50215,4.60643,0.83453,-0.00032,0.00915,-0.01389,0.99986
27.34726,285.31628,4.60418,0.82854,0.00028,-0.00877,0.01210,-0.99989
27.45139,286.18742,4.61423,0.83503,0.00057,-0.00871,0.01017,-0.99991
27.55539,286.95538,4.61783,0.83191,0.00094,-0.00860,0.00837,-0.99993
27.65941,287.72299,4.61905,0.82910,0.00080,-0.00868,0.00656,-0.99994
27.76339,288.47783,4.61419,0.82403,0.00047,-0.00818,0.00423,-0.99996
27.86740,289.17963,4.64814,0.82719,0.00104,-0.00758,0.00212,-0.99997
27.97139,289.87074,4.66659,0.82891,0.00209,-0.00653,-0.00104,-0.99998
28.17926,291.25969,4.73908,0.84152,0.00200,-0.00524,-0.01018,-0.99993
28.49090,293.14624,4.83294,0.87093,0.00408,-0.00628,-0.03499,-0.99936
28.69852,294.36382,4.96852,0.88149,0.00527,-0.00657,-0.05877,-0.99824
29.00977,295.28621,5.22083,0.88797,0.03489,-0.04975,0.04036,-0.99734
29.11351,295.68806,5.19299,0.82753,0.00191,0.01996,-0.11401,-0.99328
29.32099,296.77701,5.45527,0.92316,0.00260,0.01011,-0.16535,-0.98618
29.52839,297.70259,5.77943,0.96659,0.00223,0.00555,-0.21086,-0.97750
29.73577,298.67967,6.20273,1.00160,0.00594,-0.00745,-0.26341,-0.96464
29.94328,299.48539,6.73976,1.00894,0.00665,-0.01124,-0.31292,-0.94969
30.25464,300.45873,7.66027,0.97250,0.00705,-0.00299,-0.38871,-0.92133
30.35839,300.74158,8.02920,0.98248,0.00715,-0.00674,-0.41572,-0.90944
30.46204,301.01049,8.38536,0.97707,0.00603,-0.01023,-0.44465,-0.89563
30.66952,301.45523,9.08038,0.96091,0.00758,-0.01375,-0.50389,-0.86362
30.87714,301.82312,9.85051,0.92385,0.01265,-0.01716,-0.55552,-0.83123
31.18864,302.23236,10.89556,0.91151,0.01455,-0.01857,-0.63538,-0.77184
31.39627,302.31351,11.67674,0.89774,0.00923,-0.01372,-0.68339,-0.72987
31.70781,302.33290,12.97060,0.87872,0.01030,-0.01473,-0.75570,-0.65467
32.01940,302.05376,14.26988,0.85618,0.00820,-0.00797,-0.81469,-0.57978
32.22730,301.68833,15.13345,0.85707,0.00953,-0.00753,-0.84744,-0.53075
32.53952,300.89338,16.51801,0.81724,0.00976,-0.00519,-0.88805,-0.45961
32.74802,300.17711,17.45040,0.79839,0.01303,-0.00902,-0.90694,-0.42097
32.95640,299.32666,18.39082,0.79399,0.01680,-0.01281,-0.92674,-0.37511
33.16477,298.29155,19.30919,0.75336,0.01650,-0.01233,-0.94354,-0.33062
33.47742,296.46364,20.60230,0.67715,0.01076,-0.00918,-0.96339,-0.26774
33.68577,295.01560,21.35693,0.64866,0.01027,-0.00682,-0.97349,-0.22840
33.89415,293.47230,22.06925,0.61518,0.00997,-0.00676,-0.98218,-0.18758
34.10252,291.76067,22.67684,0.58494,0.01077,-0.00845,-0.98883,-0.14838
34.31077,289.93364,23.14087,0.56338,0.01105,-0.01019,-0.99363,-0.11171
34.51902,288.00504,23.51918,0.52279,0.00612,-0.01026,-0.99701,-0.07636
34.72740,285.89225,23.74359,0.51672,0.00404,-0.01194,-0.99892,-0.04464
34.93578,283.71613,23.85361,0.50982,0.00477,-0.01144,-0.99977,-0.01776
35.14415,281.42538,23.83668,0.50228,0.00694,-0.00912,-0.99992,0.00474
35.35265,279.03548,23.71882,0.48313,-0.00619,0.00579,0.99964,-0.02532
35.56127,276.57939,23.50735,0.47354,-0.00714,0.00107,0.99996,0.00570
35.76977,274.08262,23.24259,0.74433,-0.00744,0.00337,0.99928,-0.03716
35.97828,271.90009,23.02768,0.74430,-0.00724,0.00208,0.99936,-0.03508
36.18665,269.07064,22.75744,0.72752,-0.00779,0.00090,0.99947,-0.03153
36.29091,267.77628,22.65004,0.72031,-0.00868,0.00030,0.99954,-0.02912
36.49915,264.70880,22.44470,0.70782,-0.01027,-0.00041,0.99966,-0.02392
36.70728,261.70762,22.27867,0.68036,0.00966,0.00115,-0.99977,0.01936
36.91528,259.14162,22.12001,0.67064,0.00886,0.00218,-0.99986,0.01410
37.12328,256.85639,21.97967,0.67310,0.01152,0.00194,-0.99989,0.00909
37.33115,254.37335,21.87305,0.64458,0.01092,0.00109,-0.99992,0.00550
37.53903,251.63442,21.77210,0.66473,0.00912,0.00100,-0.99995,0.00288
37.74677,248.86271,21.68573,0.64980,0.00872,0.00141,-0.99996,0.00076
37.85052,247.40275,21.65406,0.66461,0.00985,0.00091,-0.99995,-0.00017
37.95440,245.92639,21.63288,0.65456,0.00986,0.00107,-0.99995,-0.00039
38.05815,244.44878,21.58926,0.64306,0.01003,0.00041,-0.99995,-0.00078
38.16202,242.97943,21.56071,0.63367,0.00992,0.00009,-0.99995,-0.00040
38.36953,240.26290,21.50071,0.63386,0.00849,-0.00145,-0.99996,0.00025
38.57704,237.48429,21.43007,0.65832,0.01063,-0.00212,-0.99994,0.00111
38.78465,234.78911,21.33651,0.64047,0.01144,-0.00080,-0.99993,0.00172
38.88840,233.49679,21.30466,0.63484,0.01121,0.00016,-0.99994,0.00195
39.09590,230.75949,21.23421,0.61056,0.01027,0.00048,-0.99994,0.00259
39.19965,229.29725,21.19742,0.59665,0.00930,0.00072,-0.99995,0.00271
39.30340,227.88634,21.16470,0.58905,0.00970,-0.00005,-0.99995,0.00298
39.51103,224.91164,21.06073,0.57836,0.01034,0.00049,-0.99994,0.00300
39.71852,221.91694,20.97457,0.56539,0.01053,0.00052,-0.99994,0.00293
39.82215,220.43305,20.93436,0.56034,0.01015,0.00099,-0.99994,0.00302
39.92590,218.99532,20.88830,0.55169,0.01055,-0.00001,-0.99994,0.00292
40.02965,217.58046,20.85036,0.55724,0.01146,-0.00011,-0.99993,0.00307
40.13340,216.23527,20.80601,0.54586,0.01076,-0.00023,-0.99994,0.00315
40.23704,214.85289,20.77359,0.53798,0.00976,-0.00044,-0.99995,0.00329
40.34078,213.50188,20.73454,0.54168,0.00994,-0.00065,-0.99995,0.00323
40.44453,212.08584,20.71402,0.54212,0.00999,-0.00059,-0.99994,0.00364
40.54828,210.63701,20.67210,0.53083,0.00934,-0.00024,-0.99995,0.00371
40.75578,207.63053,20.55117,0.54758,0.01144,0.00040,-0.99993,0.00328
40.85953,206.14221,20.50715,0.52648,0.01127,0.00088,-0.99993,0.00329
40.96330,204.63399,20.46380,0.51706,0.01092,0.00055,-0.99993,0.00344
41.06704,203.09146,20.42560,0.50365,0.01083,0.00055,-0.99994,0.00338
41.17080,201.58436,20.37878,0.49613,0.01149,0.00071,-0.99993,0.00302
41.27453,200.08346,20.33044,0.49944,0.01312,0.00040,-0.99991,0.00261
41.37830,198.65102,20.29497,0.49122,0.01308,0.00124,-0.99991,0.00220
41.48215,197.22443,20.26315,0.48453,0.01328,0.00151,-0.99991,0.00195
41.68967,194.33226,20.18492,0.45916,0.01298,0.00244,-0.99991,0.00101
41.89728,191.40334,20.10733,0.43860,0.01225,0.00213,-0.99992,0.00035
42.10478,188.52957,20.05062,0.41170,0.01227,0.00221,-0.99992,-0.00022
42.20853,187.07545,20.00884,0.40528,0.01266,0.00225,-0.99992,-0.00074
42.31228,185.69407,19.97308,0.39531,0.01339,0.00259,-0.99991,-0.00120
42.41605,184.29034,19.94489,0.38919,0.01366,0.00229,-0.99990,-0.00170
42.51990,182.89798,19.90731,0.37443,0.01280,0.00245,-0.99991,-0.00258
42.72740,180.06707,19.83454,0.36370,0.01324,0.00184,-0.99990,-0.00484
42.93490,177.20729,19.78350,0.34168,0.01354,0.00128,-0.99988,-0.00733
43.03866,175.78227,19.77676,0.32999,0.01353,0.00141,-0.99987,-0.00817
43.24616,172.95585,19.75539,0.31450,0.01492,0.00146,-0.99983,-0.01053
43.34991,171.64151,19.74486,0.32156,0.01540,0.00123,-0.99981,-0.01169
43.45368,170.32096,19.75417,0.31613,0.01505,0.00148,-0.99981,-0.01247
43.55740,169.01420,19.73853,0.32397,0.01557,0.00045,-0.99979,-0.01317
43.66103,167.71587,19.74126,0.31010,0.01653,0.00094,-0.99977,-0.01374
43.97229,164.00346,19.74930,0.28651,0.01550,0.00123,-0.99978,-0.01382
44.17966,161.65003,19.75070,0.27525,0.01570,0.00073,-0.99978,-0.01370
44.28328,160.44856,19.74123,0.26081,0.01607,0.00105,-0.99978,-0.01353
44.38704,159.28694,19.75087,0.25149,0.01702,0.00099,-0.99976,-0.01352
44.49078,158.28400,19.74333,0.24378,0.01733,0.00139,-0.99976,-0.01347
44.69828,156.23829,19.72011,0.21480,0.01643,0.00160,-0.99978,-0.01307
44.80216,155.24687,19.71581,0.20871,0.01585,0.00157,-0.99979,-0.01271
45.11353,152.38005,19.71992,0.18814,0.01686,0.00146,-0.99979,-0.01195
45.42503,149.67190,19.72793,0.14249,0.01696,0.00173,-0.99980,-0.01072
45.63278,147.91045,19.72132,0.12199,0.01479,-0.00060,-0.99984,-0.01025
45.94441,145.81937,19.71140,0.11955,0.01437,-0.00102,-0.99985,-0.00967
46.67230,140.58686,19.68080,0.14700,0.01350,-0.00356,-0.99985,-0.01031
47.29628,136.20836,19.77899,0.15237,0.00685,-0.00629,-0.99988,-0.01200
47.92041,131.77639,19.88267,0.15184,0.00005,-0.00108,-0.99994,-0.01109
48.44041,128.32863,19.84742,0.20069,0.00434,0.00368,-0.99996,-0.00717
48.85641,125.80240,19.76482,0.21322,0.00771,0.00602,-0.99995,-0.00102
49.27254,121.98950,19.67694,0.17887,0.00750,0.00280,-0.99995,0.00667
49.68854,117.44858,19.49165,0.14321,0.00986,-0.00013,-0.99984,0.01487
50.10455,113.87421,19.24385,0.14270,0.00699,-0.00301,-0.99971,0.02263
50.41654,111.11094,19.02090,0.12690,0.00570,-0.00286,-0.99966,0.02529
50.72866,107.94378,18.77732,0.13244,0.00494,-0.00460,-0.99967,0.02489
50.83266,106.81290,18.69940,0.13667,0.00775,-0.00460,-0.99966,0.02461
51.04078,104.44952,18.52681,0.13461,0.00789,-0.00471,-0.99966,0.02447
51.24879,101.89774,18.30096,0.10641,0.00725,-0.00354,-0.99970,0.02320
51.56079,98.02808,18.02152,0.10511,0.00795,-0.00367,-0.99972,0.02211
51.66478,96.71285,17.93100,0.10525,0.00914,-0.00351,-0.99972,0.02131
51.87279,93.93609,17.79460,0.06116,0.00831,-0.00265,-0.99977,0.01964
51.97679,92.58400,17.70700,0.05104,0.00727,-0.00147,-0.99981,0.01821
52.08079,91.23176,17.63026,0.02717,0.00245,-0.00214,-0.99985,0.01700
52.18466,89.91417,17.55083,0.02804,0.00127,-0.00246,-0.99987,0.01579
52.28868,88.52693,17.47970,0.04380,0.00486,-0.00271,-0.99988,0.01416
52.39267,87.14995,17.41502,0.04261,0.00774,-0.00218,-0.99988,0.01299
52.49667,85.79064,17.34407,0.02207,0.00764,-0.00119,-0.99990,0.01153
52.60067,84.41999,17.27266,0.01196,0.00686,-0.00063,-0.99992,0.01039
52.70454,83.08469,17.21375,0.00753,0.00631,-0.00078,-0.99994,0.00940
52.80854,81.73176,17.15379,0.00946,0.00670,-0.00105,-0.99994,0.00839
52.91241,80.24950,17.06307,-0.00595,0.00703,-0.00270,-0.99995,0.00720
53.01641,78.83548,17.00220,-0.00652,0.00758,-0.00181,-0.99995,0.00591
53.12031,77.36163,16.96746,-0.00409,0.00844,-0.00119,-0.99995,0.00510
53.22416,75.90971,16.93107,0.01061,0.01026,-0.00080,-0.99994,0.00437
53.32804,74.42757,16.87895,0.00183,0.01179,-0.00036,-0.99992,0.00346
53.43191,72.95251,16.83486,-0.00167,0.01224,-0.00053,-0.99992,0.00257
53.53579,71.41707,16.78257,-0.01820,0.01142,-0.00022,-0.99993,0.00189
53.63967,69.88746,16.75600,-0.02429,0.01103,-0.00055,-0.99994,0.00134
53.74342,68.46459,16.72562,-0.02714,0.01114,-0.00039,-0.99994,0.00096
53.84731,67.03710,16.68852,-0.03230,0.01171,-0.00015,-0.99993,0.00065
53.95117,65.55798,16.67203,-0.03151,0.01138,0.00002,-0.99994,0.00033
54.05492,64.13888,16.63315,-0.04941,0.01009,0.00015,-0.99995,0.00008
54.15879,62.74906,16.60219,-0.05169,0.01066,-0.00023,-0.99994,0.00008
54.26254,61.29135,16.59735,-0.05573,0.01280,-0.00074,-0.99992,0.00031
54.47016,58.37519,16.52382,-0.07966,0.01372,-0.00071,-0.99991,0.00066
54.67769,55.29075,16.46624,-0.06459,0.01107,-0.00016,-0.99994,0.00209
54.78154,53.76370,16.41737,-0.06809,0.01082,-0.00005,-0.99994,0.00249
54.88529,52.20005,16.35785,-0.06884,0.01150,0.00054,-0.99993,0.00252
54.98917,50.71574,16.31066,-0.07985,0.01311,-0.00029,-0.99991,0.00282
55.09292,49.20281,16.27965,-0.08594,0.01473,-0.00003,-0.99989,0.00334
55.19679,47.78172,16.24859,-0.09305,0.01475,0.00066,-0.99988,0.00368
55.30054,46.31944,16.21008,-0.11474,0.01226,0.00140,-0.99992,0.00386
55.40441,44.90295,16.16065,-0.12109,0.01090,0.00143,-0.99993,0.00359
55.61191,42.05229,16.07437,-0.09642,0.01343,0.00004,-0.99991,0.00298
55.71579,40.64505,16.03633,-0.11003,0.01352,0.00079,-0.99990,0.00287
55.81954,39.29300,15.99272,-0.12078,0.01308,0.00137,-0.99991,0.00243
55.92330,37.79220,15.94806,-0.12122,0.01274,0.00245,-0.99991,0.00221
56.02717,36.37245,15.89801,-0.13377,0.01232,0.00275,-0.99992,0.00187
56.13092,34.96960,15.85474,-0.14607,0.01181,0.00233,-0.99993,0.00177
56.23467,33.62544,15.88759,-0.14560,0.01218,0.00105,-0.99992,0.00283
56.33842,32.25948,15.82701,-0.15441,0.01276,0.00005,-0.99992,0.00244
56.44229,30.85417,15.76708,-0.14498,0.01333,-0.00017,-0.99991,0.00225
56.54604,29.48307,15.73067,-0.17221,0.01234,-0.00000,-0.99992,0.00234
56.64981,28.03144,15.68109,-0.16935,0.01254,0.00085,-0.99992,0.00205
56.75355,26.67528,15.64714,-0.18189,0.01239,0.00160,-0.99992,0.00220
56.85729,25.30242,15.58369,-0.17243,0.01259,0.00225,-0.99992,0.00175
56.96106,23.90367,15.54732,-0.16223,0.01362,0.00197,-0.99990,0.00163
57.06479,22.56219,15.49784,-0.17118,0.01362,0.00151,-0.99991,0.00132
57.16854,21.20675,15.45211,-0.16299,0.01420,0.00092,-0.99990,0.00119
57.27230,19.91256,15.42490,-0.17836,0.01440,0.00093,-0.99990,0.00113
57.37617,18.56730,15.37655,-0.19148,0.01312,0.00115,-0.99991,0.00100
57.47992,17.16845,15.32790,-0.19836,0.01110,0.00235,-0.99994,0.00086
57.68742,14.46754,15.24589,-0.20807,0.01146,0.00594,-0.99992,0.00097
57.79117,13.10658,15.20030,-0.18599,0.01286,0.00660,-0.99990,0.00103
57.99868,9.99801,15.34756,-0.20280,0.01184,0.00294,-0.99993,-0.00110
58.10242,8.64746,15.31643,-0.19769,0.01277,0.00054,-0.99992,-0.00126
58.20619,7.27947,15.28968,-0.21200,0.01223,-0.00050,-0.99992,-0.00118
58.31004,5.94114,15.24885,-0.21759,0.01101,-0.00099,-0.99994,-0.00115
58.51755,3.15020,15.17596,-0.22678,0.00949,0.00109,-0.99995,-0.00141
58.72519,0.34785,15.09135,-0.24900,0.00931,0.00214,-0.99995,-0.00200
58.93282,-2.41495,15.04477,-0.25335,0.00838,0.00219,-0.99996,-0.00164
59.14042,-5.18456,14.99462,-0.25840,0.00837,0.00291,-0.99996,-0.00181
59.24417,-6.56064,14.96185,-0.26557,0.00854,0.00412,-0.99995,-0.00199
59.34804,-7.92598,14.92300,-0.26471,0.00983,0.00523,-0.99994,-0.00227
59.45180,-9.31467,14.90788,-0.26808,0.00962,0.00631,-0.99993,-0.00221
59.55558,-10.71216,14.86783,-0.28366,0.00778,0.00686,-0.99994,-0.00254
59.65942,-12.11808,14.84801,-0.28166,0.00762,0.00742,-0.99994,-0.00225
59.76318,-13.51589,14.81954,-0.27816,0.00803,0.00749,-0.99994,-0.00218
59.86692,-14.92811,14.80166,-0.26902,0.00725,0.00796,-0.99994,-0.00196
59.97080,-16.31501,14.76384,-0.27088,0.00551,0.00864,-0.99995,-0.00175
60.07454,-17.74174,14.72437,-0.26654,0.00521,0.00870,-0.99995,-0.00188
60.17832,-19.12763,14.71129,-0.24970,0.00630,0.00818,-0.99995,-0.00156
60.28217,-20.51573,14.68040,-0.24264,0.00659,0.00648,-0.99996,-0.00130
60.38592,-21.88988,14.66743,-0.23805,0.00643,0.00575,-0.99996,-0.00069
60.48967,-23.37118,14.63431,-0.22828,0.00650,0.00577,-0.99996,-0.00049
60.69718,-26.28693,14.55247,-0.21479,0.00645,0.00701,-0.99995,-0.00064
60.90480,-29.21521,14.47212,-0.18874,0.00858,0.00566,-0.99995,-0.00008
61.11230,-32.13074,14.40150,-0.19928,0.00812,0.00345,-0.99996,0.00046
61.21617,-33.58738,14.37804,-0.20354,0.00857,0.00281,-0.99996,0.00063
61.31992,-34.99622,14.34403,-0.20774,0.00853,0.00158,-0.99996,0.00077
61.42367,-36.34291,14.30781,-0.20993,0.00880,0.00069,-0.99996,0.00108
61.63130,-39.21667,14.24294,-0.19479,0.01015,-0.00148,-0.99995,0.00148
61.83880,-42.04430,14.14546,-0.20592,0.00589,-0.00312,-0.99998,0.00147
62.04642,-44.87308,14.06305,-0.19009,0.00671,-0.00378,-0.99997,0.00160
62.15017,-46.22945,14.01664,-0.18825,0.00725,-0.00339,-0.99997,0.00136
62.25392,-47.66396,13.98132,-0.17896,0.00682,-0.00319,-0.99997,0.00141
62.35767,-48.94181,13.94022,-0.17096,0.00690,-0.00310,-0.99997,0.00138
62.46155,-50.18859,13.91405,-0.16444,0.00732,-0.00309,-0.99997,0.00163
62.66905,-52.96505,13.81529,-0.12762,0.00628,-0.00252,-0.99998,0.00086
62.87667,-55.83326,13.74460,-0.12849,0.00662,-0.00323,-0.99997,-0.00006
63.08430,-58.72565,13.69568,-0.13366,0.00570,-0.00325,-0.99998,-0.00057
63.29193,-61.65918,13.62400,-0.11165,0.00657,-0.00265,-0.99997,-0.00156
63.39580,-63.07281,13.58471,-0.10140,0.00679,-0.00231,-0.99997,-0.00202
63.49955,-64.47658,13.56880,-0.10446,0.00665,-0.00203,-0.99997,-0.00201
63.70717,-67.19399,13.50089,-0.08591,0.00626,-0.00258,-0.99997,-0.00249
63.91480,-69.98416,13.44607,-0.05575,0.00528,-0.00295,-0.99998,-0.00199
64.12242,-72.81529,13.45623,-0.04663,0.00663,-0.00419,-0.99997,-0.00082
64.33005,-75.61094,13.37123,-0.01209,0.00771,-0.00508,-0.99996,0.00004
64.43380,-76.99822,13.34340,-0.00728,0.00599,-0.00482,-0.99997,0.00066
64.53757,-78.34731,13.32271,0.00897,0.00499,-0.00419,-0.99998,0.00121
64.64143,-79.77063,13.28533,0.01981,0.00584,-0.00349,-0.99998,0.00124
64.84905,-82.43841,13.22857,0.03149,0.00929,-0.00386,-0.99995,0.00122
65.05669,-85.16536,13.15392,0.05338,0.00874,-0.00407,-0.99995,0.00073
65.16055,-86.47016,13.15122,0.03962,0.00773,-0.00373,-0.99996,0.00068
65.36805,-89.10111,13.09283,0.05484,0.00784,-0.00256,-0.99997,-0.00017
65.47193,-90.40871,13.06507,0.05996,0.00844,-0.00240,-0.99996,-0.00049
65.57568,-91.55600,13.05179,0.07776,0.00814,-0.00208,-0.99996,-0.00042
65.78318,-94.11746,12.97904,0.12731,0.00885,-0.00221,-0.99996,-0.00099
66.09455,-98.11042,12.89244,0.12165,0.00915,-0.00208,-0.99995,-0.00218
66.30208,-100.69842,12.84335,0.13957,0.00941,-0.00175,-0.99995,-0.00277
66.50968,-103.33991,12.79303,0.16280,0.00935,-0.00177,-0.99995,-0.00358
66.61343,-104.60476,12.76530,0.16098,0.00875,-0.00175,-0.99995,-0.00391
66.71730,-105.86677,12.74666,0.15896,0.00794,-0.00164,-0.99996,-0.00403
66.92481,-108.44909,12.69816,0.16182,0.00969,-0.00205,-0.99994,-0.00436
67.13244,-111.08637,12.67111,0.15074,0.00866,-0.00178,-0.99995,-0.00407
67.34005,-113.55555,12.62288,0.17712,0.00928,-0.00300,-0.99995,-0.00386
67.44382,-114.85091,12.61492,0.17105,0.00966,-0.00302,-0.99994,-0.00374
67.54768,-116.10849,12.59408,0.17415,0.01003,-0.00280,-0.99994,-0.00355
67.65155,-117.33574,12.57092,0.18330,0.00993,-0.00295,-0.99994,-0.00365
67.75530,-118.54276,12.54966,0.18788,0.01017,-0.00289,-0.99994,-0.00348
67.96293,-121.18580,12.50717,0.18048,0.00976,-0.00285,-0.99994,-0.00364
68.17055,-123.68792,12.44474,0.18728,0.01060,-0.00169,-0.99993,-0.00501
68.37818,-126.16714,12.40348,0.18221,0.01041,-0.00082,-0.99993,-0.00637
68.48205,-127.39689,12.39180,0.17248,0.00937,-0.00107,-0.99993,-0.00702
68.58593,-128.60586,12.38780,0.16955,0.00946,-0.00148,-0.99993,-0.00722
68.68968,-129.82908,12.39877,0.15634,0.01020,-0.00152,-0.99992,-0.00700
68.79356,-131.00795,12.38717,0.15803,0.01118,-0.00201,-0.99991,-0.00704
68.89743,-132.14324,12.37729,0.16147,0.01165,-0.00363,-0.99990,-0.00706
69.00118,-133.26038,12.36601,0.15876,0.01144,-0.00418,-0.99990,-0.00681
69.10505,-134.40543,12.34042,0.16313,0.01208,-0.00337,-0.99989,-0.00732
69.31280,-136.65409,12.33556,0.13991,0.01307,-0.00332,-0.99988,-0.00794
69.52068,-138.78440,12.34759,0.11564,0.01235,-0.00238,-0.99988,-0.00939
69.72844,-140.73038,12.33657,0.12308,0.01296,-0.00382,-0.99986,-0.01017
70.24756,-145.18676,12.29457,0.12979,0.01243,-0.01115,-0.99982,0.00898
70.86943,-148.20601,11.97309,0.27048,0.47189,0.05167,-0.87637,0.08137
71.07668,-149.58063,11.55145,-0.57256,-0.06154,-0.01972,-0.98377,0.16737
71.69881,-152.00079,10.16817,-0.14644,-0.03047,-0.02357,-0.94042,0.33782
72.32131,-153.79325,8.19954,0.09554,-0.01167,-0.01835,-0.83778,0.54557
72.73695,-154.35773,6.47621,0.17821,-0.01531,-0.02405,-0.77520,0.63107
73.25669,-154.55330,4.36257,0.36144,0.00582,-0.01297,-0.66399,0.74760
73.67258,-154.14430,2.50576,0.40652,0.01070,-0.00670,-0.54064,0.84116
74.08844,-153.09270,0.59127,0.42794,0.00897,-0.00390,-0.40600,0.91382
74.50481,-151.27577,-1.02781,0.43105,0.00915,-0.00421,-0.28656,0.95801
74.81693,-149.63232,-1.92006,0.43588,0.00877,0.00064,-0.19644,0.98048
75.02520,-148.29211,-2.41072,0.43345,0.00528,0.00237,-0.14194,0.98986
75.23381,-146.82544,-2.72049,0.42294,0.00072,0.00245,-0.09932,0.99505
75.44256,-145.25447,-2.96183,0.43448,0.00112,0.00461,-0.06582,0.99782
75.65131,-143.58321,-3.09509,0.44277,-0.00047,0.00597,-0.03032,0.99952
75.75568,-142.70244,-3.13028,0.42322,-0.00172,0.00608,0.19070,0.98163
75.86022,-141.81378,-3.15803,0.23668,-0.00020,-0.00646,0.01685,-0.99984
75.96471,-141.81284,-3.13104,0.23876,0.00219,-0.00591,0.01240,-0.99990
76.06919,-141.81219,-3.10751,0.24448,0.00377,-0.00593,0.01034,-0.99992
76.17371,-141.81161,-3.08052,0.24583,0.00415,-0.00616,0.00982,-0.99992
76.27806,-137.08095,-3.14264,0.18629,0.00368,-0.00666,0.00938,-0.99993
76.38245,-135.54772,-3.14759,0.17293,0.00330,-0.00706,0.00872,-0.99993
76.48681,-135.54697,-3.11577,0.18636,0.00252,-0.00696,0.00809,-0.99994
76.69531,-134.94574,-3.08079,0.17852,0.00232,-0.00715,0.00610,-0.99995
76.90356,-132.92754,-3.04762,0.16780,0.00149,-0.00875,0.00431,-0.99995
77.11181,-130.19360,-3.03642,0.13572,0.00076,-0.00741,0.00248,-0.99997
77.21593,-128.67314,-3.00350,0.12448,0.00071,-0.00741,0.00221,-0.99997
77.42406,-126.24556,-2.94404,0.10839,0.00079,-0.00671,0.00143,-0.99998
77.52819,-124.81410,-2.93426,0.11480,0.00094,-0.00669,0.00125,-0.99998
77.73619,-122.40280,-2.85053,0.11230,0.00090,-0.00721,0.00271,-0.99997
77.94421,-120.04001,-2.81177,0.09508,0.00139,-0.00439,0.00409,-0.99998
78.04806,-118.80466,-2.79818,0.08704,0.00104,-0.00314,0.00486,-0.99998
78.15207,-117.41729,-2.78061,0.08899,0.00024,-0.00283,0.00543,-0.99998
78.35981,-114.33982,-2.74544,0.12018,-0.00140,-0.00352,0.00493,-0.99998
78.56758,-111.46748,-2.69913,0.11526,-0.00112,-0.00141,0.00337,-0.99999
78.77519,-108.72036,-2.62426,0.13261,-0.00162,-0.00269,0.00104,-0.99999
78.98294,-106.35594,-2.56553,0.14255,-0.00158,-0.00204,-0.00027,-1.00000
79.08681,-105.22130,-2.53342,0.15087,-0.00222,-0.00155,-0.00094,-1.00000
79.19069,-104.06542,-2.50311,0.15298,-0.00173,-0.00094,-0.00142,-1.00000
79.29444,-102.83284,-2.48088,0.15714,-0.00113,-0.00089,-0.00233,-1.00000
79.39831,-101.55237,-2.42789,0.17210,-0.00133,-0.00139,-0.00211,-1.00000
79.50220,-100.21026,-2.38999,0.18914,-0.00048,-0.00313,-0.00173,-0.99999
79.60606,-98.77619,-2.35243,0.19045,-0.00073,-0.00369,-0.00155,-0.99999
79.81381,-95.45847,-2.25147,0.21525,-0.00091,-0.00819,-0.00075,-0.99997
79.91756,-93.72282,-2.21821,0.20524,-0.00055,-0.01075,-0.00062,-0.99994
80.02146,-91.96366,-2.19443,0.19597,0.00032,-0.01231,-0.00062,-0.99992
80.12519,-90.23659,-2.15993,0.17166,0.00089,-0.01300,-0.00078,-0.99991
80.22894,-88.46802,-2.12207,0.15290,0.00056,-0.01331,-0.00078,-0.99991
80.33281,-86.81051,-2.07879,0.14315,0.00045,-0.01242,-0.00081,-0.99992
80.43667,-85.09996,-2.04098,0.13020,-0.00008,-0.01141,-0.00059,-0.99993
80.54044,-83.56978,-1.99536,0.11751,-0.00053,-0.01146,0.00004,-0.99993
80.64432,-82.30736,-1.95360,0.11212,-0.00054,-0.01244,0.00060,-0.99992
80.74810,-80.79025,-1.93571,0.08652,-0.00113,-0.01197,0.00072,-0.99993
80.85196,-79.69787,-1.89872,0.08468,-0.00111,-0.01135,0.00116,-0.99993
80.95570,-78.34587,-1.86823,0.07893,-0.00124,-0.01154,0.00145,-0.99993
81.05944,-77.21533,-1.82739,0.06940,-0.00133,-0.01210,0.00193,-0.99992
81.16321,-76.03856,-1.81151,0.06170,-0.00181,-0.01308,0.00201,-0.99991
81.37070,-73.13232,-1.76265,0.03952,-0.00238,-0.01307,0.00163,-0.99991
81.47457,-71.40376,-1.71429,0.00682,-0.00170,-0.01077,0.00170,-0.99994
81.57833,-69.80013,-1.66441,-0.00674,0.00017,-0.00981,0.00173,-0.99995
81.78594,-66.23796,-1.55562,-0.02435,0.00109,-0.01096,0.00206,-0.99994
81.99344,-62.74742,-1.52020,-0.04716,-0.00076,-0.01062,0.00091,-0.99994
82.20107,-59.83045,-1.46840,-0.04933,-0.00206,-0.01097,-0.00033,-0.99994
82.40856,-57.01801,-1.39528,-0.05258,-0.00259,-0.00994,-0.00160,-0.99995
82.61621,-54.41645,-1.28412,-0.04243,-0.00299,-0.01240,-0.00256,-0.99992
82.82382,-51.65550,-1.20734,-0.06412,-0.00221,-0.01167,-0.00313,-0.99992
82.92757,-50.42076,-1.16342,-0.07161,-0.00131,-0.01172,-0.00318,-0.99993
83.03144,-49.11469,-1.13761,-0.07749,-0.00141,-0.01143,-0.00335,-0.99993
83.13519,-47.69147,-1.09235,-0.08852,-0.00134,-0.01110,-0.00322,-0.99993
83.23894,-46.23179,-1.06037,-0.10278,-0.00181,-0.01106,-0.00315,-0.99993
83.44657,-43.09359,-0.96903,-0.11612,-0.00308,-0.01118,-0.00261,-0.99993
83.55044,-41.52773,-0.92893,-0.12355,-0.00324,-0.01196,-0.00217,-0.99992
83.75819,-38.48968,-0.81794,-0.12762,-0.00290,-0.01134,-0.00109,-0.99993
83.86206,-36.90457,-0.75475,-0.12853,-0.00255,-0.01034,-0.00042,-0.99994
83.96595,-35.37414,-0.69254,-0.14793,-0.00136,-0.00988,0.00045,-0.99995
84.06985,-33.94870,-0.67832,-0.14380,-0.00118,-0.01093,0.00058,-0.99994
84.17369,-32.55526,-0.68786,-0.11297,-0.00123,-0.01204,0.00069,-0.99993
84.27769,-31.20509,-0.65300,-0.11693,-0.00092,-0.01200,0.00126,-0.99993
84.38159,-29.80205,-0.61395,-0.11912,-0.00075,-0.01123,0.00190,-0.99993
84.48544,-28.48148,-0.56535,-0.12355,-0.00106,-0.01000,0.00306,-0.99994
84.69320,-25.70552,-0.56265,-0.12856,-0.00074,-0.01133,0.00375,-0.99993
84.79707,-24.27803,-0.52615,-0.12458,-0.00061,-0.00913,0.00470,-0.99995
84.90094,-22.98795,-0.50645,-0.13412,0.00067,-0.00652,0.00521,-0.99996
85.00482,-21.60132,-0.48095,-0.12444,0.00089,-0.00547,0.00576,-0.99997
85.10871,-20.25122,-0.45262,-0.11558,0.00054,-0.00491,0.00637,-0.99997
85.21245,-18.85909,-0.43636,-0.10656,-0.00002,-0.00481,0.00663,-0.99997
85.42019,-16.06575,-0.40176,-0.08681,-0.00082,-0.00663,0.00713,-0.99995
85.62782,-13.25294,-0.37184,-0.04960,-0.00216,-0.00609,0.00695,-0.99995
85.83532,-10.47436,-0.31768,-0.01793,-0.00190,-0.00649,0.00668,-0.99995
86.04282,-7.56236,-0.16340,-0.12882,0.00060,-0.00684,0.00249,-0.99997
86.25046,-4.77740,-0.11098,-0.12670,-0.00009,-0.00618,0.00160,-0.99998
86.45807,-2.08236,-0.05954,-0.12185,-0.00023,-0.00483,0.00110,-0.99999
86.66569,0.62563,0.02836,-0.09845,0.00002,-0.00556,0.00126,-0.99998
86.87319,3.33864,0.08721,-0.08453,0.00055,-0.00530,0.00089,-0.99999
87.08070,6.03874,0.12550,-0.07283,0.00073,-0.00538,0.00051,-0.99999
87.18457,7.39901,0.14445,-0.06429,0.00057,-0.00485,0.00044,-0.99999
87.28832,8.76432,0.17817,-0.06321,0.00093,-0.00469,0.00055,-0.99999
87.39207,10.15170,0.22729,-0.05371,0.00059,-0.00512,0.00070,-0.99999
87.49583,11.57475,0.26760,-0.03798,0.00136,-0.00577,0.00075,-0.99998
87.70345,14.32488,0.32839,-0.01929,0.00137,-0.00544,0.00076,-0.99998
87.91107,17.06384,0.39594,-0.00397,0.00111,-0.00526,0.00094,-0.99999
88.11870,19.72414,0.45457,0.01562,0.00072,-0.00569,0.00120,-0.99998
88.22259,21.05707,0.46561,0.03867,0.00099,-0.00568,0.00097,-0.99998
88.32632,22.34919,0.50041,0.04499,0.00073,-0.00527,0.00102,-0.99999
88.43020,23.65128,0.50987,0.06247,0.00098,-0.00567,0.00024,-0.99998
88.63782,26.35033,0.57260,0.07889,0.00104,-0.00532,0.00012,-0.99999
88.84545,29.06457,0.63351,0.09931,0.00069,-0.00676,-0.00003,-0.99998
88.94920,30.40317,0.66389,0.10847,0.00062,-0.00644,0.00003,-0.99998
89.05295,31.78130,0.68101,0.11745,0.00024,-0.00598,0.00024,-0.99998
89.15680,33.11660,0.71228,0.12892,0.00074,-0.00584,0.00037,-0.99998
89.26059,34.47254,0.75622,0.14345,0.00044,-0.00638,0.00077,-0.99998
89.36432,35.76351,0.77600,0.16859,0.00024,-0.00683,0.00078,-0.99998
89.46809,37.08845,0.81171,0.17088,-0.00007,-0.00671,0.00107,-0.99998
89.67557,39.62843,0.87191,0.18126,-0.00127,-0.00707,0.00145,-0.99997
89.88320,42.20194,0.92147,0.20731,-0.00185,-0.00790,0.00062,-0.99997
90.09070,44.79937,0.99956,0.22100,-0.00071,-0.00860,-0.00034,-0.99996
90.29833,47.43377,1.06592,0.27144,-0.00107,-0.01276,-0.00118,-0.99992
90.50595,50.08999,1.14635,0.23602,-0.00094,-0.01437,-0.00216,-0.99989
90.71357,52.71477,1.23118,0.21530,-0.00160,-0.01323,-0.00317,-0.99991
90.92107,55.26343,1.32091,0.18495,-0.00105,-0.01253,-0.00411,-0.99991
91.12870,57.77365,1.42244,0.17211,-0.00105,-0.01249,-0.00484,-0.99991
91.33622,60.22652,1.51061,0.15397,-0.00104,-0.01282,-0.00557,-0.99990
91.54370,62.75126,1.60610,0.13988,-0.00171,-0.01236,-0.00641,-0.99990
91.64760,64.02865,1.63398,0.14073,-0.00227,-0.01224,-0.00665,-0.99990
91.75121,65.26621,1.67242,0.12801,-0.00198,-0.01243,-0.00718,-0.99990
91.85508,66.53617,1.71308,0.12192,-0.00227,-0.01315,-0.00763,-0.99988
91.95882,67.79061,1.75779,0.12241,-0.00208,-0.01280,-0.00786,-0.99989
92.06258,69.06598,1.81415,0.10069,-0.00058,-0.01192,-0.00794,-0.99990
92.16632,70.33386,1.86334,0.09356,0.00048,-0.01208,-0.00807,-0.99989
92.27007,71.61406,1.93232,0.09137,0.00158,-0.01228,-0.00748,-0.99990
92.37383,72.86722,1.97372,0.08081,0.00251,-0.01243,-0.00721,-0.99989
92.47758,74.11818,2.01593,0.06582,0.00275,-0.01300,-0.00649,-0.99989
92.58132,75.33005,2.06669,0.06269,0.00329,-0.01384,-0.00548,-0.99988
92.68507,76.56630,2.10064,0.04988,0.00187,-0.01302,-0.00491,-0.99990
92.78883,77.76567,2.15094,0.03875,0.00067,-0.01122,-0.00369,-0.99993
92.89258,78.90266,2.17364,0.03325,0.00121,-0.01177,-0.00301,-0.99993
92.99632,79.98252,2.20115,0.04111,0.00165,-0.01370,-0.00141,-0.99990
93.10020,81.03092,2.22206,0.04122,0.00229,-0.01407,-0.00020,-0.99990
93.20395,82.12558,2.25350,0.03181,0.00242,-0.01220,0.00161,-0.99992
93.30783,83.15921,2.29309,0.03178,0.00208,-0.00986,0.00327,-0.99994
93.51545,85.38528,2.33235,0.02938,0.00032,-0.00639,0.00588,-0.99996
93.72307,87.46891,2.35663,0.04332,-0.00017,-0.00854,0.00730,-0.99994
93.82683,88.61195,2.37595,0.04211,0.00027,-0.00797,0.00802,-0.99994
94.03458,90.69796,2.37869,0.03995,0.00049,-0.00671,0.00865,-0.99994
94.24233,92.74079,2.39372,0.05584,-0.00036,-0.00828,0.00891,-0.99993
94.55395,95.87258,2.43409,0.06336,-0.00299,-0.00926,0.00641,-0.99993
94.86545,99.43626,2.41644,0.05351,-0.00817,-0.00308,0.00219,-0.99996
95.07320,101.69895,2.46021,0.07683,-0.00748,-0.00312,-0.00264,-0.99996
95.38470,104.70904,2.52932,0.13461,-0.00703,-0.00527,-0.01348,-0.99987
95.69633,108.01724,2.70781,0.13951,-0.00226,-0.00612,-0.01934,-0.99979
96.11245,112.59686,2.97590,0.15000,0.00410,-0.00585,-0.01051,-0.99992
96.52870,117.15704,3.11142,0.18784,0.00533,-0.00527,0.00737,-0.99994
97.04871,123.03142,3.07216,0.21636,0.00360,-0.00532,0.02700,-0.99961
97.36058,126.67023,2.94269,0.22914,0.00717,-0.00639,0.03347,-0.99939
97.77608,131.66526,2.73955,0.23128,0.00303,-0.00438,0.03516,-0.99937
98.08746,135.54576,2.58089,0.25049,0.00412,0.00795,-0.03021,0.99950
98.29484,138.10393,2.49527,0.24418,0.00831,0.00753,-0.02380,0.99965
98.39870,139.40737,2.45172,0.24111,0.00953,0.00763,-0.02045,0.99972
98.50247,140.74274,2.42591,0.23416,0.00980,0.00782,-0.01746,0.99977
98.60620,142.07876,2.39115,0.23820,0.00998,0.00881,-0.01442,0.99981
98.70996,143.40211,2.41442,0.22201,0.00929,0.00943,-0.01177,0.99984
98.91758,146.18318,2.44233,0.20947,-0.00831,-0.00772,0.00697,-0.99991
99.12508,149.06049,2.48541,0.19279,-0.00779,-0.00436,0.00272,-0.99996
99.33271,151.93089,2.53648,0.20239,-0.00663,-0.00245,0.00077,-0.99997
99.54033,154.74360,2.63535,0.24235,-0.00613,-0.00339,-0.00058,-0.99998
99.74796,157.53809,2.71322,0.26246,-0.00554,-0.00472,-0.00186,-0.99997
99.95546,160.37910,2.80134,0.30001,-0.00544,-0.00674,-0.00351,-0.99996
100.16297,163.29447,2.90543,0.32032,-0.00460,-0.00711,-0.00504,-0.99995
100.37059,166.29095,3.00903,0.32263,-0.00356,-0.00602,-0.00625,-0.99996
100.57821,169.18251,3.13954,0.32303,-0.00278,-0.00503,-0.00597,-0.99997
100.78571,171.98373,3.21446,0.34230,-0.00258,-0.00664,-0.00595,-0.99996
100.88958,173.31115,3.29648,0.34961,-0.00262,-0.00680,-0.00540,-0.99996
101.09721,176.07794,3.40807,0.37389,-0.00180,-0.00654,-0.00447,-0.99997
101.20096,177.43548,3.46464,0.37293,-0.00121,-0.00618,-0.00368,-0.99997
101.40846,180.34077,3.55225,0.39266,-0.00187,-0.00503,-0.00234,-0.99998
101.51234,181.83115,3.58697,0.40624,-0.00345,-0.00500,-0.00205,-0.99998
101.61608,183.27782,3.63232,0.42010,-0.00350,-0.00665,-0.00111,-0.99997
101.71984,184.80573,3.65928,0.42384,-0.00390,-0.00887,-0.00038,-0.99995
101.82358,186.29795,3.68612,0.41521,-0.00314,-0.00786,0.00026,-0.99996
101.92734,187.78509,3.71679,0.41529,-0.00257,-0.00640,0.00098,-0.99998
102.03108,189.19638,3.73647,0.42648,-0.00253,-0.00594,0.00120,-0.99998
102.23871,191.87918,3.80836,0.44975,-0.00309,-0.00728,0.00249,-0.99997
102.44623,194.60992,3.87193,0.47058,-0.00443,-0.00797,0.00289,-0.99995
102.65371,197.22856,3.92755,0.49165,-0.00482,-0.00640,0.00293,-0.99996
102.86133,199.92009,3.98734,0.52303,-0.00427,-0.00676,0.00299,-0.99996
102.96509,201.26128,4.01040,0.54138,-0.00381,-0.00757,0.00291,-0.99996
103.17259,204.05192,4.06255,0.56577,-0.00382,-0.00834,0.00277,-0.99995
103.48396,208.13407,4.14659,0.57022,-0.00329,-0.00762,0.00282,-0.99996
103.69159,210.85213,4.23198,0.58234,-0.00324,-0.00774,0.00310,-0.99996
103.89909,213.51378,4.27569,0.59478,-0.00328,-0.00790,0.00273,-0.99996
104.10646,216.12489,4.32798,0.63453,-0.00342,-0.00891,0.00229,-0.99995
104.31397,218.67472,4.37694,0.63387,-0.00365,-0.01080,0.00103,-0.99993
104.52159,221.10491,4.41818,0.65537,-0.00323,-0.01210,-0.00065,-0.99992
104.62534,222.27762,4.44943,0.65805,-0.00290,-0.01198,-0.00145,-0.99992
104.83298,224.58215,4.55203,0.68965,-0.00173,-0.01210,-0.00353,-0.99992
105.04046,226.71602,4.61892,0.69139,-0.00150,-0.01171,-0.00706,-0.99991
105.24809,228.78221,4.71059,0.71317,0.00045,-0.01201,-0.00938,-0.99988
105.45584,230.69021,4.77008,0.73075,0.00032,-0.01374,-0.01126,-0.99984
105.66346,232.46342,4.84867,0.73132,0.00046,-0.01399,-0.01306,-0.99982
105.76734,233.33217,4.88253,0.71903,0.00042,-0.01347,-0.01383,-0.99981
105.97521,234.91826,4.97766,0.73071,0.00157,-0.01184,-0.01509,-0.99981
106.28709,237.23232,5.10882,0.72948,0.00291,-0.00793,-0.01024,-0.99991
106.59909,239.55042,5.21255,0.72548,0.00092,-0.00908,-0.00392,-0.99995
106.80709,241.11009,5.26153,0.73542,0.00088,-0.00931,0.00069,-0.99996
106.91109,241.88461,5.27765,0.73810,0.00112,-0.00943,0.00283,-0.99995
107.11896,243.37677,5.29648,0.73374,0.00082,-0.01002,0.00617,-0.99993
107.22296,244.13314,5.30181,0.73501,0.00104,-0.01068,0.00750,-0.99991
107.32697,244.86207,5.30921,0.73443,0.00069,-0.01098,0.00853,-0.99990
107.43096,245.59765,5.31317,0.72905,0.00055,-0.01025,0.00893,-0.99991
107.53497,246.32346,5.31764,0.72232,0.00080,-0.00876,0.00939,-0.99992
107.63896,247.05966,5.30710,0.71968,0.00081,-0.00722,0.00928,-0.99993
107.74284,247.78954,5.30586,0.71236,0.00136,-0.00606,0.00933,-0.99994
107.84684,248.52517,5.29346,0.74847,0.00129,-0.00638,0.00901,-0.99994
107.95084,249.33474,5.30594,0.75257,0.00101,-0.00663,0.00855,-0.99994
108.05484,250.13428,5.30291,0.75497,0.00194,-0.00667,0.00807,-0.99994
108.15884,250.83970,5.28927,0.76780,0.00155,-0.00610,0.00745,-0.99995
108.26286,251.67332,5.31734,0.77984,0.00057,-0.00509,0.00801,-0.99995
108.36684,252.38358,5.31589,0.78451,-0.00063,-0.00430,0.00861,-0.99995
108.47084,253.17945,5.32867,0.78482,-0.00069,-0.00533,0.00916,-0.99994
108.57484,253.96063,5.33571,0.79307,0.00138,-0.00861,0.00958,-0.99992
108.67884,254.73779,5.33953,0.79988,0.00122,-0.01111,0.01034,-0.99988
108.78286,255.51037,5.32933,0.79632,0.00014,-0.01087,0.01096,-0.99988
108.88697,256.30026,5.33669,0.77845,0.00060,-0.00768,0.01269,-0.99989
109.09497,257.95788,5.36552,0.77417,0.00243,-0.00508,0.01587,-0.99986
109.30297,259.58667,5.34605,0.78689,0.00076,-0.00722,0.01798,-0.99981
109.40703,260.41983,5.32402,0.78376,0.00077,0.00791,-0.01864,0.99979
109.51098,261.24463,5.32832,0.78656,0.00127,0.00763,-0.01992,0.99977
109.61496,262.06277,5.30598,0.77844,0.00010,-0.00610,0.02036,-0.99977
109.71897,262.88961,5.29936,0.77193,0.00099,-0.00460,0.02107,-0.99977
109.82296,263.71723,5.30540,0.77050,0.00096,-0.00384,0.02228,-0.99974
109.92697,264.58443,5.27662,0.78488,0.00107,-0.00476,0.02286,-0.99973
110.03097,265.45643,5.26357,0.79367,0.00147,-0.00572,0.02398,-0.99970
110.13497,266.32683,5.24714,0.78409,0.00188,-0.00564,0.02478,-0.99968
110.23898,267.20246,5.21594,0.78697,0.00202,-0.00553,0.02464,-0.99968
110.44699,269.02669,5.18837,0.79672,-0.00024,-0.00606,0.02502,-0.99967
110.55096,269.93202,5.17007,0.79530,-0.00064,-0.00624,0.02531,-0.99966
110.65497,270.85109,5.14398,0.79419,0.00096,0.00652,-0.02533,0.99966
110.75897,271.78611,5.12130,0.79488,0.00125,0.00690,-0.02533,0.99965
110.86284,272.76314,5.07936,0.79339,0.00097,0.00775,-0.02500,0.99966
110.96684,273.69282,5.05120,0.79256,0.00132,0.00800,-0.02440,0.99967
111.07084,274.63892,5.03955,0.79327,0.00114,0.00775,-0.02385,0.99968
111.17484,275.56463,5.01846,0.79075,0.00119,0.00723,-0.02268,0.99972
111.27884,276.44759,5.01261,0.80445,-0.00057,-0.00722,0.02133,-0.99975
111.38272,277.46652,4.96867,0.79702,0.00020,-0.00676,0.01997,-0.99978
111.48672,278.39920,4.95813,0.79976,0.00077,-0.00720,0.01864,-0.99980
111.59072,279.35191,4.94527,0.79235,0.00150,-0.00771,0.01753,-0.99982
111.69472,280.26494,4.94118,0.80829,0.00127,-0.00896,0.01638,-0.99982
111.79859,281.17788,4.93873,0.80522,0.00135,-0.00959,0.01535,-0.99984
111.90259,282.09526,4.94121,0.81592,0.00101,-0.01011,0.01433,-0.99985
112.00659,283.03680,4.91933,0.79000,0.00195,-0.00961,0.01329,-0.99986
112.11059,283.99936,4.90141,0.77769,0.00223,-0.00948,0.01276,-0.99987
112.21457,284.84232,4.92995,0.77303,0.00173,-0.00911,0.01223,-0.99988
112.31859,285.74905,4.92636,0.76424,0.00190,-0.00892,0.01167,-0.99989
112.42259,286.66180,4.91851,0.76146,0.00243,-0.00920,0.01092,-0.99990
112.52659,287.50457,4.92346,0.76309,0.00255,-0.00958,0.01025,-0.99990
112.63061,288.39101,4.92859,0.76758,0.00308,-0.00934,0.00969,-0.99990
112.73459,289.25777,4.92287,0.76339,0.00459,-0.00823,0.00917,-0.99991
112.83861,290.04567,4.94515,0.76772,0.00590,-0.00689,0.00925,-0.99992
112.94259,290.86943,4.93493,0.77366,0.00682,-0.00581,0.00887,-0.99992
113.15059,292.54907,4.97202,0.78420,0.00870,-0.00504,0.00954,-0.99990
113.25461,293.32782,4.97843,0.78859,0.00951,-0.00459,0.01001,-0.99989
113.46259,294.98703,5.01918,0.80533,0.01117,-0.00403,0.01151,-0.99986
113.77461,297.47810,5.03266,0.83017,0.01056,-0.00658,0.01256,-0.99984
113.98247,299.10211,5.03026,0.84223,0.00992,-0.00836,0.01113,-0.99985
114.19034,300.73459,5.02695,0.83941,0.00874,-0.00934,0.00963,-0.99987
114.39822,302.36996,5.02754,0.82956,0.00800,-0.00991,0.00724,-0.99989
114.60624,302.81486,5.19126,0.94450,0.00655,-0.01080,0.00406,-0.99991
