0.00000,0.07502,-0.02601,-0.01281,-0.00139,-0.00001,0.00258,1.00000
0.10376,1.20570,0.01469,-0.00171,-0.00192,-0.00162,-0.01949,0.99981
0.31160,3.47947,-0.04381,0.03675,-0.00045,-0.00681,-0.06522,0.99785
0.51887,5.76462,-0.38293,0.08573,-0.00062,-0.00898,-0.11171,0.99370
0.62269,6.90593,-0.61529,0.11600,-0.00065,-0.01009,-0.13502,0.99079
0.83017,9.15141,-1.31084,0.16998,0.00154,-0.01388,-0.17978,0.98361
1.03770,11.35099,-2.20852,0.23810,0.00148,-0.01493,-0.22485,0.97428
1.24514,13.38052,-3.22286,0.31923,0.00105,-0.01515,-0.27089,0.96249
1.45273,15.19275,-4.36056,0.40060,0.00228,-0.01674,-0.31567,0.94872
1.66009,16.98520,-5.70241,0.49797,0.00370,-0.01844,-0.35955,0.93294
1.97132,19.33383,-7.98061,0.62868,0.00468,-0.02201,-0.42429,0.90525
2.17868,20.64975,-9.66217,0.70348,0.00446,-0.02482,-0.46562,0.88462
2.38603,21.84113,-11.56614,0.79101,0.00547,-0.02879,-0.50496,0.86265
2.59339,22.95780,-13.65175,0.91113,0.00888,-0.03119,-0.54074,0.84056
2.80062,23.83280,-15.66588,1.00128,0.00928,-0.03243,-0.57143,0.81995
3.00811,24.62671,-17.84524,1.10650,0.01072,-0.03229,-0.59976,0.79946
3.31907,25.53180,-21.30178,1.24616,0.00924,-0.03332,-0.63761,0.76958
3.73392,26.29249,-26.18501,1.44919,0.01142,-0.03349,-0.68236,0.73016
4.25229,26.37583,-32.82319,1.74171,0.02082,-0.04056,-0.71790,0.69465
4.66695,26.18207,-38.14074,1.90195,0.02192,-0.04132,-0.73581,0.67557
5.18527,25.57859,-45.03640,2.07991,0.01954,-0.04475,-0.74896,0.66081
5.49631,25.06552,-49.27942,2.20840,-0.01865,0.04467,0.75301,-0.65623
5.80734,24.47317,-53.72409,2.35001,-0.02070,0.04461,0.75521,-0.65364
6.11845,23.85582,-58.39231,2.48490,-0.02065,0.04520,0.75595,-0.65274
6.42928,23.20555,-63.25514,2.63072,-0.02007,0.04469,0.75509,-0.65379
6.74040,22.56662,-68.25794,2.78800,-0.01990,0.04572,0.75428,-0.65466
7.05147,21.94328,-73.37750,2.94919,-0.02228,0.04513,0.75369,-0.65530
7.36257,21.30913,-78.59115,3.12960,-0.02262,0.04682,0.75310,-0.65585
7.67357,20.69783,-83.93249,3.33503,-0.02435,0.04727,0.75319,-0.65566
7.98470,20.06231,-89.35437,3.50534,-0.02442,0.04811,0.75359,-0.65512
8.08840,19.84863,-91.18333,3.56403,-0.02371,0.04789,0.75410,-0.65458
8.29586,19.39009,-94.89482,3.68971,-0.02310,0.04705,0.75500,-0.65363
8.60698,18.67904,-100.55677,3.88287,-0.02220,0.04571,0.75632,-0.65223
8.81444,18.13834,-104.36098,4.03566,-0.02191,0.04588,0.75846,-0.64974
9.02187,17.55975,-108.19931,4.15073,-0.02103,0.04382,0.76151,-0.64632
9.22915,16.92297,-112.07766,4.28016,-0.01979,0.04390,0.76443,-0.64290
9.43651,16.27320,-115.94274,4.41337,-0.01824,0.04361,0.76751,-0.63929
9.64386,15.61563,-119.80519,4.53707,-0.01710,0.04198,0.77102,-0.63519
9.85122,14.87632,-123.72438,4.67305,-0.01700,0.04122,0.77459,-0.63090
9.95485,14.49696,-125.70219,4.74348,-0.01660,0.04176,0.77642,-0.62861
10.05845,14.08838,-127.67511,4.79971,-0.01579,0.04168,0.77817,-0.62646
10.16227,13.66796,-129.67789,4.85042,-0.01578,0.04177,0.78004,-0.62413
10.26595,13.20031,-131.69929,4.89457,-0.01547,0.04163,0.78163,-0.62215
10.36954,12.76150,-133.67506,4.95370,-0.01469,0.04142,0.78316,-0.62026
10.47333,12.43112,-135.40994,4.98074,-0.01024,0.04471,0.78154,-0.62216
10.57701,12.10846,-137.14654,5.02824,-0.00650,0.04740,0.78054,-0.62327
10.68080,11.79001,-138.88475,5.09264,-0.00390,0.04915,0.77975,-0.62415
10.78449,11.47482,-140.62449,5.16851,-0.00271,0.04971,0.77874,-0.62537
10.88838,11.16457,-142.36610,5.24927,-0.00301,0.04899,0.77711,-0.62744
10.99210,10.86451,-144.08572,5.32881,-0.00103,0.05077,0.77650,-0.62806
11.09628,10.56700,-145.80623,5.41777,-0.00557,0.04650,0.76876,-0.63782
11.19965,10.31386,-147.53283,5.48543,-0.01539,0.03726,0.75495,-0.65454
11.30336,10.22793,-148.76917,5.48030,-0.07920,-0.02502,0.65164,-0.75397
11.40708,10.63980,-150.02721,5.19064,-0.06955,-0.01810,0.66835,-0.74037
11.51057,10.98640,-151.29973,4.93370,0.00973,0.05285,0.78677,-0.61490
11.61418,10.52548,-153.30832,5.10449,0.01032,0.05229,0.78835,-0.61291
11.71802,10.05376,-155.33051,5.28276,0.01026,0.05188,0.78980,-0.61108
12.02865,8.51121,-161.41759,5.81567,0.01018,0.05302,0.79345,-0.60624
12.44323,6.35227,-169.63349,6.54889,0.01127,0.05396,0.79790,-0.60027
12.85782,4.02439,-178.00482,7.25433,0.00982,0.05566,0.80234,-0.59418
12.96145,3.40618,-180.13612,7.43808,0.01007,0.05509,0.80336,-0.59286
13.16879,2.15997,-184.34372,7.81915,0.01188,0.05524,0.80522,-0.59028
13.27241,1.53334,-186.42598,8.02097,0.01301,0.05539,0.80620,-0.58890
13.37617,0.93633,-188.47350,8.21904,0.01376,0.05525,0.80725,-0.58746
13.47977,0.31125,-190.54836,8.43706,0.01472,0.05484,0.80833,-0.58599
13.58338,-0.31026,-192.62812,8.65472,0.01449,0.05486,0.80961,-0.58422
13.89444,-2.28168,-198.90964,9.26360,0.01402,0.05405,0.81325,-0.57923
14.20592,-4.28282,-205.16851,9.85648,0.01529,0.05375,0.81681,-0.57420
14.51654,-6.36505,-211.41136,10.49306,0.01365,0.05472,0.81948,-0.57033
14.82739,-8.56414,-217.74093,11.12059,0.01403,0.05535,0.82204,-0.56656
15.24218,-11.65043,-226.01698,11.93485,0.01636,0.05582,0.82555,-0.56132
15.76042,-15.56112,-236.36774,13.02905,0.01581,0.05471,0.83045,-0.55418
16.38237,-20.47936,-248.66250,14.28605,0.01670,0.05345,0.83781,-0.54308
16.79696,-24.05801,-256.89506,15.14247,0.01719,0.05376,0.84233,-0.53600
17.00432,-25.92967,-261.00821,15.57677,0.01713,0.05443,0.84442,-0.53263
17.31533,-28.77948,-267.11408,16.20822,0.01683,0.05743,0.84704,-0.52815
17.73002,-32.66787,-275.29672,17.07518,0.01750,0.05920,0.85078,-0.52189
18.14461,-36.83246,-283.58437,17.96840,0.01822,0.05991,0.85434,-0.51593
18.45567,-40.05143,-289.85449,18.64802,0.01710,0.06055,0.85626,-0.51270
18.76628,-43.42796,-296.24664,19.33552,0.01612,0.06048,0.85831,-0.50929
19.07714,-46.83536,-302.70473,20.00958,0.01877,0.06055,0.86070,-0.50515
19.28453,-49.20090,-307.06747,20.47878,0.01905,0.05767,0.86361,-0.50048
19.59546,-52.95717,-313.59890,21.18680,0.01838,0.05802,0.86720,-0.49422
19.80284,-55.50174,-317.94753,21.64309,0.01799,0.05873,0.86934,-0.49039
20.01003,-58.17706,-322.15970,22.04798,0.01769,0.05781,0.87094,-0.48765
20.21727,-60.74747,-326.45568,22.51670,0.01777,0.05789,0.87311,-0.48375
20.42450,-63.41937,-329.83719,22.73177,0.01800,0.05772,0.87405,-0.48205
20.52812,-64.11505,-330.88902,22.85331,0.01737,0.05717,0.87551,-0.47949
20.73535,-66.59615,-333.83777,23.00303,0.01898,0.05512,0.87634,-0.47816
20.83896,-68.11633,-335.68641,23.16155,0.02041,0.05392,0.87619,-0.47851
20.94258,-68.92350,-336.89653,23.28103,0.02170,0.05230,0.87744,-0.47633
21.04632,-70.18006,-338.88125,23.48623,0.02357,0.05089,0.87854,-0.47437
21.14994,-71.25572,-340.54448,23.67189,0.02340,0.04912,0.87947,-0.47283
21.25355,-72.70375,-342.63199,23.90867,0.02323,0.04851,0.88032,-0.47133
21.35717,-74.00308,-344.46432,24.08916,0.02379,0.04824,0.88104,-0.46997
21.46082,-75.41809,-346.59800,24.33685,0.02431,0.04726,0.88185,-0.46853
21.56462,-76.87026,-348.92481,24.61686,0.02398,0.04508,0.88282,-0.46692
21.66814,-77.94411,-349.99749,24.65401,0.02408,0.04348,0.88353,-0.46573
21.87536,-80.81488,-354.14804,25.07963,0.02463,0.04301,0.88495,-0.46304
21.97904,-82.06824,-355.54548,25.16116,0.02472,0.04262,0.88550,-0.46203
22.08265,-83.26251,-356.73261,25.24026,0.02490,0.04198,0.88591,-0.46128
22.18621,-84.20680,-358.50758,25.51655,0.02558,0.04096,0.88697,-0.45929
22.29025,-85.58023,-359.80054,25.59073,0.02944,0.03714,0.88749,-0.45839
22.39357,-86.94047,-361.02421,25.64518,0.03552,0.03608,0.88785,-0.45734
22.60085,-88.81057,-363.92427,26.12477,0.03103,0.04408,0.88859,-0.45553
22.70444,-90.20229,-365.78169,26.39210,0.02636,0.04105,0.88935,-0.45461
22.80810,-91.83524,-366.67581,26.34378,0.02440,0.03659,0.88937,-0.45507
22.91177,-92.65522,-367.64756,26.47011,0.02431,0.03318,0.89011,-0.45388
23.01539,-94.40917,-368.75613,26.47203,0.02531,0.03229,0.88977,-0.45457
23.11901,-95.56093,-369.80971,26.57438,0.02467,0.03587,0.89026,-0.45336
23.22265,-95.78268,-370.38060,26.64518,0.02495,0.03953,0.89113,-0.45134
23.43007,-97.97446,-373.18489,26.93631,0.02546,0.04106,0.89278,-0.44789
23.53371,-98.83195,-374.47890,27.04135,0.02464,0.04121,0.89391,-0.44568
23.63732,-99.35632,-374.85932,27.04695,0.02377,0.04110,0.89476,-0.44403
23.84468,-101.92692,-378.12449,27.38361,0.02371,0.04156,0.89563,-0.44222
24.05212,-103.94407,-380.52966,27.61028,0.02214,0.04240,0.89664,-0.44017
24.25939,-106.56963,-383.49551,27.83333,0.01974,0.04295,0.89707,-0.43936
24.36300,-107.54586,-384.84000,27.91365,0.02060,0.04295,0.89778,-0.43785
24.46662,-108.03789,-385.15959,27.89118,0.02311,0.04185,0.89860,-0.43616
24.67388,-111.06345,-388.80496,28.26363,0.02469,0.04053,0.89912,-0.43512
24.88121,-113.84672,-392.14548,28.61343,0.02651,0.03838,0.89970,-0.43401
24.98488,-115.19512,-393.86942,28.80733,0.02677,0.03804,0.90005,-0.43330
25.08832,-116.60634,-395.59953,28.97106,0.02576,0.03794,0.90022,-0.43301
25.19195,-118.15210,-397.57969,29.18714,0.02351,0.03827,0.90028,-0.43298
25.29556,-119.74193,-399.57535,29.38146,0.02007,0.03927,0.89999,-0.43367
25.39916,-121.32024,-401.61330,29.58610,0.01736,0.04003,0.89960,-0.43453
25.50278,-122.86320,-403.60176,29.75686,0.01949,0.03797,0.89923,-0.43539
25.60639,-124.42945,-405.60981,29.94437,0.02374,0.03573,0.89906,-0.43571
25.71001,-125.92525,-407.47923,30.11248,0.02551,0.03384,0.89867,-0.43657
25.81362,-127.44814,-409.50509,30.35977,0.02643,0.03298,0.89797,-0.43803
25.91726,-128.78527,-410.81407,30.43282,0.02583,0.03370,0.89692,-0.44016
26.02085,-130.32072,-412.82253,30.65890,0.02570,0.03314,0.89605,-0.44196
26.12448,-131.76642,-414.62806,30.82798,0.02784,0.03289,0.89527,-0.44343
26.22810,-133.28580,-416.67943,31.03483,0.02937,0.02969,0.89503,-0.44404
26.33173,-134.81568,-418.71136,31.24806,0.03101,0.02554,0.89494,-0.44438
26.43544,-136.33341,-420.70071,31.43717,0.03347,0.02282,0.89485,-0.44452
26.53906,-137.88054,-422.95413,31.68694,0.03427,0.02200,0.89469,-0.44483
26.64267,-139.19035,-424.41241,31.82116,0.03312,0.02268,0.89433,-0.44560
26.74631,-140.53653,-425.58667,31.87438,0.03156,0.02287,0.89384,-0.44669
26.84992,-142.06176,-428.03749,32.15105,0.03131,0.02167,0.89358,-0.44730
26.95353,-143.55043,-430.11259,32.36313,0.03276,0.02097,0.89329,-0.44779
27.05726,-145.01805,-432.21734,32.58836,0.03402,0.02082,0.89303,-0.44822
27.16089,-146.46931,-434.24301,32.78480,0.03435,0.02167,0.89266,-0.44889
27.26453,-147.92576,-436.38887,33.02784,0.03338,0.02231,0.89231,-0.44964
27.36823,-149.36287,-438.48193,33.25019,0.03249,0.02263,0.89199,-0.45031
27.47185,-150.78584,-440.47422,33.45540,0.03242,0.02257,0.89170,-0.45090
27.57548,-152.19291,-442.50670,33.66897,0.03246,0.02210,0.89135,-0.45161
27.67920,-153.24396,-444.38900,33.85425,0.03221,0.02157,0.89129,-0.45178
27.78284,-154.03316,-446.22773,33.98290,0.03203,0.02115,0.89131,-0.45177
27.99017,-157.44919,-450.32973,34.52194,0.03351,0.02132,0.89071,-0.45283
28.09379,-158.08532,-451.80678,34.61038,0.03310,0.02134,0.89075,-0.45278
28.19741,-158.93541,-454.06649,34.73792,0.03281,0.02096,0.89101,-0.45231
28.30102,-160.15170,-456.16458,34.96193,0.03290,0.02017,0.89108,-0.45221
28.50825,-162.58113,-460.59667,35.33606,0.03314,0.02025,0.89139,-0.45156
28.61187,-163.84892,-462.38592,35.53976,0.03314,0.02052,0.89144,-0.45146
28.81923,-167.22786,-466.35585,35.94874,0.03203,0.01911,0.89127,-0.45193
28.92284,-168.40886,-468.33538,36.13573,0.03238,0.01887,0.89139,-0.45169
29.02646,-169.86595,-470.34236,36.37542,0.03277,0.01865,0.89141,-0.45162
29.13007,-170.51646,-471.83949,36.47860,0.03317,0.01884,0.89155,-0.45131
29.23384,-171.92211,-473.91578,36.71450,0.03298,0.01924,0.89147,-0.45148
29.44104,-174.58359,-477.82055,37.15774,0.03302,0.01917,0.89142,-0.45157
29.54466,-175.19471,-479.94695,37.27147,0.03360,0.01901,0.89175,-0.45087
29.64826,-176.69535,-481.99748,37.52501,0.03338,0.01868,0.89173,-0.45095
29.85562,-179.54212,-485.80750,37.99802,0.03212,0.01797,0.89148,-0.45157
29.95912,-180.75390,-487.24802,38.11679,0.03234,0.01846,0.89137,-0.45174
30.06273,-181.79640,-488.58980,38.24334,0.03247,0.01893,0.89141,-0.45163
30.26996,-184.94252,-492.68706,38.63936,0.03199,0.01855,0.89098,-0.45253
30.47722,-187.99390,-497.09854,39.08757,0.03248,0.01822,0.89092,-0.45263
30.58081,-189.41253,-498.74161,39.27193,0.03209,0.01773,0.89084,-0.45284
30.68447,-190.25482,-500.74990,39.47631,0.03146,0.01706,0.89120,-0.45219
30.78817,-191.04687,-502.62732,39.65099,0.03165,0.01609,0.89146,-0.45170
30.89178,-191.87272,-504.66551,39.78673,0.03289,0.01621,0.89170,-0.45113
30.99556,-192.65334,-506.51964,39.93444,0.03420,0.01669,0.89185,-0.45073
31.09914,-193.31070,-508.34403,40.03571,0.03448,0.01674,0.89209,-0.45023
31.20276,-194.31223,-510.65438,40.25619,0.03301,0.01668,0.89247,-0.44958
31.30651,-195.39305,-512.22797,40.40776,0.03205,0.01666,0.89257,-0.44947
31.51385,-198.04969,-516.75845,40.95223,0.03225,0.01740,0.89242,-0.44972
31.61747,-199.14500,-518.92839,41.15657,0.03247,0.01785,0.89257,-0.44938
31.82482,-201.01312,-523.38417,41.45336,0.03106,0.01864,0.89293,-0.44874
32.03219,-203.08300,-527.75693,41.92649,0.03074,0.01822,0.89317,-0.44830
32.34333,-206.12412,-534.19278,42.54214,0.02971,0.01807,0.89345,-0.44781
32.55078,-207.87996,-538.36316,42.84050,0.03027,0.01780,0.89385,-0.44698
32.75813,-210.08309,-541.92356,43.30991,0.02999,0.01898,0.89348,-0.44770
32.86174,-210.96574,-544.09074,43.49164,0.02957,0.01892,0.89364,-0.44740
33.07050,-212.79902,-547.79951,43.88186,0.02943,0.01902,0.89373,-0.44724
33.17291,-213.63276,-549.73242,44.00011,0.02969,0.01877,0.89379,-0.44710
33.38005,-215.95273,-553.56917,44.39442,0.02974,0.01826,0.89359,-0.44753
33.58762,-218.43750,-557.62871,44.79937,0.03002,0.01712,0.89354,-0.44765
33.69122,-219.58548,-559.63664,44.99303,0.03068,0.01629,0.89357,-0.44758
33.89864,-221.97885,-563.68775,45.38779,0.03094,0.01669,0.89380,-0.44709
34.00238,-222.97582,-565.76550,45.56603,0.03024,0.01639,0.89415,-0.44645
34.20973,-224.93636,-569.92525,45.90385,0.03104,0.01570,0.89480,-0.44512
34.31353,-225.82641,-571.96157,46.05425,0.03198,0.01632,0.89511,-0.44441
34.52083,-227.89832,-576.08376,46.52693,0.03213,0.01696,0.89550,-0.44357
34.72806,-229.74565,-580.28771,46.88499,0.03108,0.01672,0.89623,-0.44218
34.93542,-232.27819,-584.54188,47.36524,0.03101,0.01690,0.89640,-0.44184
35.24652,-236.11377,-590.06688,48.09332,0.03064,0.01672,0.89637,-0.44194
35.35013,-236.77215,-592.08444,48.23915,0.03086,0.01624,0.89679,-0.44108
35.55743,-239.68988,-596.08905,48.63446,0.03160,0.01622,0.89658,-0.44145
35.76477,-242.58313,-599.96352,49.04010,0.03079,0.01623,0.89626,-0.44215
35.86833,-243.79996,-601.71278,49.19438,0.03068,0.01632,0.89623,-0.44223
35.97207,-244.47415,-603.57454,49.29747,0.03131,0.01658,0.89646,-0.44170
36.17953,-246.91846,-607.18400,49.64291,0.03141,0.01750,0.89626,-0.44207
36.38684,-249.40234,-610.94383,50.08443,0.03024,0.01732,0.89617,-0.44234
36.59414,-252.03283,-614.59593,50.40740,0.03019,0.01691,0.89609,-0.44252
36.80150,-254.93673,-618.45866,50.78946,0.03110,0.01719,0.89577,-0.44309
36.90521,-256.18964,-620.27646,50.94427,0.03146,0.01734,0.89573,-0.44315
37.11259,-259.03109,-624.12447,51.31830,0.03152,0.01696,0.89571,-0.44320
37.21633,-260.47151,-626.06570,51.50126,0.03187,0.01684,0.89573,-0.44313
37.31995,-261.53502,-627.69096,51.60010,0.03197,0.01662,0.89586,-0.44287
37.52730,-264.31046,-631.56044,51.93583,0.03264,0.01655,0.89607,-0.44241
37.63105,-265.59824,-633.42980,52.06364,0.03252,0.01679,0.89617,-0.44219
37.83840,-268.38345,-637.37245,52.36841,0.03159,0.01747,0.89639,-0.44179
37.94202,-269.45335,-639.16712,52.43165,0.03138,0.01751,0.89656,-0.44145
38.14925,-272.21475,-643.31483,52.97609,0.03214,0.01788,0.89663,-0.44125
38.25287,-273.24652,-645.21058,53.10833,0.03151,0.01903,0.89674,-0.44102
38.35648,-274.67824,-647.29028,53.31885,0.03146,0.01975,0.89658,-0.44132
38.46010,-275.38661,-649.32846,53.38614,0.03101,0.02035,0.89683,-0.44082
38.66731,-278.17793,-653.70624,53.84289,0.03125,0.02041,0.89671,-0.44104
38.87476,-280.88849,-657.36371,54.34392,0.03215,0.01989,0.89631,-0.44181
39.18565,-283.99098,-663.63036,54.85083,0.03034,0.01994,0.89636,-0.44184
39.49650,-287.74529,-669.40062,55.58235,0.03097,0.02080,0.89583,-0.44282
39.70385,-289.45453,-673.30839,55.88210,0.03173,0.02118,0.89570,-0.44302
39.91134,-292.04888,-677.14022,56.36812,0.03189,0.02177,0.89531,-0.44377
40.22233,-295.30912,-682.86001,57.09415,0.03282,0.01996,0.89496,-0.44449
40.53328,-298.50273,-688.70249,57.57952,0.03306,0.02155,0.89463,-0.44506
40.74063,-300.73731,-692.38526,58.06325,0.03217,0.01986,0.89482,-0.44483
40.94799,-302.63547,-696.49574,58.36718,0.03413,0.01995,0.89504,-0.44423
41.15522,-304.58007,-700.51332,58.71964,0.03202,0.02119,0.89494,-0.44454
41.25896,-305.01285,-701.63980,58.76709,0.03117,0.02184,0.89479,-0.44487
41.46632,-307.03556,-705.79682,59.22567,0.03241,0.02327,0.89460,-0.44508
41.67355,-308.51746,-709.14090,59.47358,0.03336,0.02397,0.89428,-0.44561
41.98464,-311.06085,-714.35729,60.34365,0.03240,0.02341,0.89386,-0.44657
42.19200,-312.62528,-718.02326,60.61913,0.03290,0.02280,0.89362,-0.44703
42.39935,-314.06234,-721.64704,60.79204,0.03389,0.02224,0.89339,-0.44746
42.60658,-315.41273,-725.33897,60.94544,0.03389,0.02254,0.89339,-0.44744
42.91743,-318.39954,-730.80186,62.37197,0.03339,0.02119,0.89374,-0.44684
43.12479,-319.78481,-734.48374,62.53243,0.03442,0.02081,0.89421,-0.44584
43.33203,-321.13001,-738.08698,62.74027,0.03412,0.02160,0.89472,-0.44480
43.53925,-323.35846,-742.19003,63.65073,0.03265,0.02211,0.89516,-0.44399
43.85009,-325.31136,-747.53869,63.90352,0.03530,0.02191,0.89558,-0.44295
44.05745,-326.62105,-751.11767,64.15230,0.03568,0.02217,0.89562,-0.44282
44.47193,-329.70605,-758.51642,65.27485,0.03380,0.02339,0.89525,-0.44367
44.78291,-332.38574,-764.31373,66.05872,0.03294,0.02376,0.89458,-0.44506
44.99011,-334.00824,-768.18773,66.28770,0.03245,0.02296,0.89424,-0.44583
45.19735,-335.47889,-771.77674,66.45453,0.03331,0.02164,0.89395,-0.44641
45.50832,-337.67110,-777.01162,66.67142,0.03334,0.02162,0.89376,-0.44679
45.81942,-339.68516,-782.60693,66.86253,0.03300,0.01975,0.89441,-0.44559
46.13028,-341.90261,-788.11830,67.17148,0.03439,0.01916,0.89471,-0.44491
46.64834,-346.43292,-796.61147,68.90140,0.03200,0.02031,0.89455,-0.44536
47.06306,-349.13094,-803.52671,69.29101,0.03123,0.01921,0.89458,-0.44540
47.37377,-351.44646,-808.87585,69.68002,0.03038,0.02131,0.89379,-0.44696
47.78931,-356.18747,-815.79423,70.80749,0.02820,0.02049,0.89261,-0.44948
48.20320,-362.06016,-823.14476,71.66234,0.02859,0.01991,0.89115,-0.45236
48.51417,-366.95757,-827.37340,71.82230,0.02814,0.01996,0.88993,-0.45480
48.82516,-370.79301,-833.15563,72.60627,0.02819,0.01924,0.88943,-0.45580
49.03237,-373.86991,-837.19612,73.04414,0.02851,0.01852,0.88914,-0.45638
49.23948,-373.78580,-838.00157,73.02223,0.02929,0.01974,0.88909,-0.45637
49.44671,-373.94540,-839.64549,72.97600,0.02728,0.01948,0.88930,-0.45609
49.75756,-374.11270,-841.31572,73.06364,0.03359,0.01986,0.88941,-0.45544
50.17201,-374.84031,-845.19065,72.95092,0.02784,0.01752,0.88999,-0.45480
50.69023,-378.80104,-853.64021,73.93307,0.02721,0.01806,0.88959,-0.45559
51.00131,-380.13319,-858.26843,73.88277,0.02738,0.01762,0.88922,-0.45632
51.41604,-382.86679,-864.99010,74.01734,0.02755,0.01679,0.88881,-0.45714
51.83073,-385.58366,-871.40124,74.14298,0.02512,0.01234,0.88885,-0.45735
52.24544,-388.30915,-877.76437,74.96261,0.02468,0.01602,0.88898,-0.45700
52.76390,-391.78305,-885.27861,75.09030,0.02549,0.01650,0.88935,-0.45622
53.17848,-394.41766,-891.61873,75.31387,0.02592,0.01644,0.88943,-0.45604
53.59309,-397.09097,-897.75694,75.50744,0.02585,0.01580,0.88918,-0.45655
53.90404,-400.12187,-902.94902,75.71174,0.02731,0.01285,0.88912,-0.45669
54.42237,-404.08252,-911.21908,76.02966,0.02771,0.01391,0.88905,-0.45675
54.94070,-408.11165,-918.83534,76.55132,0.02756,0.01404,0.88862,-0.45760
55.45890,-412.86983,-926.90539,76.96512,0.03028,0.01166,0.88770,-0.45928
56.08086,-418.30882,-936.47995,77.56680,0.02993,0.01325,0.88634,-0.46187
56.70242,-425.43046,-947.20885,78.47697,0.03171,0.00855,0.88570,-0.46309
57.22062,-430.53284,-955.70755,78.99729,0.02982,0.01123,0.88550,-0.46355
57.73859,-436.53790,-964.59638,79.97417,0.03026,0.01590,0.88403,-0.46618
58.15318,-440.73076,-971.55855,80.26725,0.02762,0.01191,0.88358,-0.46730
58.77497,-447.11838,-982.19872,80.68777,0.02896,0.01301,0.88210,-0.46999
59.29357,-452.36152,-990.92057,81.05149,0.03040,0.01180,0.88100,-0.47200
59.60465,-455.73210,-996.48235,81.26585,0.03299,0.01102,0.88027,-0.47319
60.12310,-461.40406,-1005.94744,81.80803,0.03246,0.01339,0.87907,-0.47539
60.53783,-465.93026,-1013.57539,82.22346,0.03324,0.01174,0.87893,-0.47564
60.95240,-470.48561,-1021.33056,82.65159,0.03301,0.01135,0.87928,-0.47502
61.26337,-473.98428,-1027.26552,82.99018,0.03430,0.01144,0.87948,-0.47456
61.47063,-476.31568,-1031.23512,83.20210,0.03455,0.00926,0.87975,-0.47409
61.78412,-479.67220,-1036.97586,83.51245,0.03655,0.00942,0.87931,-0.47476
62.09242,-483.12503,-1042.86552,83.82054,0.03443,0.00577,0.87938,-0.47484
62.30001,-485.38805,-1046.82338,83.94369,0.03708,0.00332,0.87946,-0.47452
62.50702,-487.85260,-1050.94836,84.18050,0.03841,0.00224,0.87932,-0.47467
62.81773,-491.43390,-1057.13925,84.48551,0.04104,0.00138,0.87878,-0.47547
63.02496,-493.91998,-1061.28804,84.80891,0.04117,0.00031,0.87841,-0.47613
63.23221,-496.02496,-1064.92645,84.98070,0.04118,-0.00083,0.87821,-0.47649
63.43930,-498.37023,-1068.88964,85.25600,0.04182,-0.00266,0.87796,-0.47689
63.75003,-501.80736,-1074.71876,85.58563,0.04350,-0.00322,0.87688,-0.47872
64.06073,-505.47366,-1080.92258,86.03867,0.04603,-0.00365,0.87568,-0.48068
64.37158,-509.15850,-1087.10789,86.43488,0.04791,-0.00677,0.87502,-0.48166
64.78594,-514.20684,-1095.58675,86.92133,0.05185,-0.00965,0.87441,-0.48231
65.30413,-520.69873,-1106.40543,87.66325,0.05228,-0.01327,0.87389,-0.48312
65.71930,-525.25858,-1114.20272,88.30767,0.05555,-0.01153,0.87292,-0.48456
66.13342,-530.49388,-1122.97454,88.94979,0.05838,-0.01242,0.87220,-0.48549
66.44452,-534.45069,-1129.85024,89.55564,0.05797,-0.01671,0.87218,-0.48546
66.75549,-539.03827,-1137.07923,89.96529,0.06228,-0.02214,0.87156,-0.48581
67.16996,-544.24880,-1145.95810,90.72099,0.06432,-0.02366,0.87095,-0.48657
67.48080,-548.37630,-1152.82663,91.28563,0.06652,-0.02604,0.87049,-0.48698
67.68791,-551.10921,-1157.45637,91.68432,0.06899,-0.02803,0.87016,-0.48712
67.89514,-553.75472,-1162.11207,92.19539,0.06957,-0.02853,0.87002,-0.48724
68.10226,-556.26967,-1166.55569,92.49635,0.06888,-0.02797,0.86992,-0.48756
68.41296,-560.09205,-1173.34808,93.11035,0.07008,-0.02891,0.86961,-0.48788
68.62020,-562.61726,-1177.78592,93.48066,0.07265,-0.02876,0.86929,-0.48809
68.82730,-565.08670,-1182.22124,93.94977,0.07319,-0.02919,0.86917,-0.48820
69.03442,-567.50028,-1186.59038,94.35604,0.07229,-0.02977,0.86919,-0.48825
69.24164,-569.96387,-1190.86403,94.65832,0.07409,-0.02917,0.86887,-0.48860
69.44887,-572.51242,-1195.40819,95.13038,0.07499,-0.02864,0.86866,-0.48885
69.65610,-574.95472,-1199.87429,95.44155,0.07510,-0.02880,0.86863,-0.48889
69.86333,-577.53064,-1204.47115,95.90536,0.07525,-0.03016,0.86852,-0.48897
70.07046,-579.68397,-1208.35175,96.29401,0.07576,-0.02996,0.86829,-0.48932
70.27768,-581.65389,-1211.99511,96.64576,0.07608,-0.03013,0.86803,-0.48973
70.58876,-584.22648,-1216.40061,97.03777,0.07705,-0.02890,0.86738,-0.49079
70.89976,-586.85165,-1221.22220,97.55143,0.07853,-0.02811,0.86659,-0.49200
71.21082,-589.19135,-1225.43297,97.96115,0.07987,-0.02862,0.86612,-0.49258
71.41808,-590.33430,-1227.50178,98.14383,0.07965,-0.02890,0.86602,-0.49278
71.62541,-592.27531,-1230.91342,98.46564,0.07958,-0.02907,0.86560,-0.49351
71.72915,-593.19706,-1232.66286,98.63367,0.07981,-0.02848,0.86540,-0.49387
71.93653,-595.31274,-1236.64047,99.08437,0.07979,-0.02831,0.86512,-0.49437
72.04025,-596.58836,-1238.94627,99.38841,0.08049,-0.02826,0.86485,-0.49474
72.14399,-597.75521,-1241.09299,99.64438,0.08111,-0.02847,0.86471,-0.49485
72.24760,-598.95148,-1243.31412,99.92525,0.08195,-0.02869,0.86449,-0.49509
72.45496,-601.19232,-1247.56821,100.39973,0.08289,-0.02846,0.86413,-0.49559
72.66232,-603.44399,-1251.87140,100.86866,0.08357,-0.02982,0.86403,-0.49555
72.76606,-604.65839,-1254.11775,101.15295,0.08419,-0.02991,0.86391,-0.49566
72.97342,-606.89051,-1258.46340,101.62178,0.08633,-0.03010,0.86373,-0.49560
73.07716,-608.14183,-1260.80126,101.93230,0.08674,-0.03014,0.86365,-0.49565
73.18081,-609.38158,-1263.08932,102.24738,0.08708,-0.03067,0.86350,-0.49583
73.28440,-610.59319,-1265.34872,102.53489,0.08661,-0.03093,0.86346,-0.49596
73.38813,-611.77365,-1267.53685,102.80314,0.08673,-0.03041,0.86338,-0.49612
73.49174,-612.96436,-1269.75793,103.09762,0.08696,-0.03020,0.86327,-0.49628
73.69898,-615.27169,-1274.19757,103.47135,0.08725,-0.02905,0.86315,-0.49650
73.90633,-616.61813,-1276.78614,103.73404,0.08732,-0.02943,0.86287,-0.49696
74.11368,-618.91052,-1281.23015,104.27790,0.08680,-0.02933,0.86299,-0.49685
74.32104,-621.24562,-1285.74276,104.85450,0.08647,-0.02871,0.86310,-0.49675
74.52842,-621.88507,-1286.74611,104.89858,0.08695,-0.02867,0.86235,-0.49796
74.83937,-625.00813,-1292.84902,105.67424,0.08768,-0.02822,0.86238,-0.49781
75.04674,-627.39496,-1297.20188,106.33233,0.08765,-0.02863,0.86222,-0.49808
75.25396,-629.68430,-1301.23757,106.96017,0.08738,-0.02983,0.86225,-0.49800
75.46143,-631.51355,-1303.94016,107.34969,0.08664,-0.02990,0.86187,-0.49878
75.66879,-632.88446,-1305.50547,107.64527,0.08721,-0.03047,0.86104,-0.50007
75.87616,-635.18436,-1309.71686,108.24750,0.08668,-0.03092,0.86103,-0.50016
76.18687,-638.58205,-1315.38515,109.06158,0.08747,-0.02987,0.86024,-0.50144
76.39410,-640.91996,-1319.56473,109.64359,0.08578,-0.02987,0.86008,-0.50202
76.60121,-642.88280,-1322.74381,110.09690,0.08657,-0.02931,0.85939,-0.50309
76.91195,-646.05564,-1328.01250,110.86789,0.08588,-0.03004,0.85868,-0.50437
77.32639,-650.40188,-1335.52803,111.91105,0.08660,-0.02982,0.85767,-0.50597
77.74086,-654.50872,-1342.59725,112.92536,0.08466,-0.03144,0.85686,-0.50757
78.15545,-658.61494,-1349.68159,113.94832,0.08613,-0.03053,0.85559,-0.50952
78.57005,-662.53986,-1356.47437,114.90310,0.08558,-0.03313,0.85517,-0.51016
78.98461,-666.70770,-1363.68833,115.88332,0.08583,-0.03332,0.85562,-0.50935
79.39920,-670.65134,-1370.59067,116.83133,0.08548,-0.03321,0.85602,-0.50875
80.22839,-678.74343,-1384.63715,118.71619,0.08564,-0.03399,0.85876,-0.50402
80.85032,-684.29378,-1395.25938,120.20056,0.08683,-0.03463,0.86298,-0.49652
81.26503,-688.62922,-1402.90054,121.36544,0.08569,-0.03491,0.86534,-0.49258
81.88672,-694.42667,-1413.79434,122.97241,0.08561,-0.03236,0.86720,-0.48947
82.30118,-698.19309,-1420.70400,124.18207,0.08697,-0.03229,0.86761,-0.48852
83.02688,-707.18615,-1431.02465,125.49320,0.08345,-0.03372,0.86445,-0.49460
83.75255,-713.26881,-1442.82976,127.05084,0.08378,-0.03124,0.85973,-0.50286
84.47843,-719.21480,-1454.73836,128.95721,0.08093,-0.03478,0.85666,-0.50831
85.30768,-725.30013,-1468.45203,130.28357,0.08270,-0.03567,0.85641,-0.50837
86.13740,-731.43928,-1482.15748,131.80101,0.07895,-0.03559,0.85541,-0.51066
86.75938,-735.43795,-1492.39411,132.66034,0.07875,-0.03637,0.85337,-0.51403
87.38166,-739.33227,-1502.66216,133.39082,0.07848,-0.03648,0.85178,-0.51670
88.00384,-743.29950,-1512.98407,134.15735,0.07498,-0.03389,0.85236,-0.51644
88.62598,-747.36284,-1523.23703,134.60910,0.07821,-0.03715,0.85364,-0.51361
89.04097,-750.13779,-1529.87639,135.04412,0.07726,-0.03782,0.85524,-0.51105
89.45553,-752.66786,-1536.36957,135.47511,0.07336,-0.03157,0.85692,-0.50923
89.97398,-755.86239,-1543.94456,136.07187,0.07058,-0.02445,0.85913,-0.50628
90.49243,-759.00521,-1551.24525,136.60776,0.06722,-0.01755,0.86285,-0.50067
91.11465,-762.47575,-1558.85293,137.07519,0.06713,-0.01373,0.87480,-0.47961
91.52959,-765.75178,-1563.99880,137.80617,0.06678,-0.00792,0.88869,-0.45354
92.04816,-770.41415,-1570.22046,138.80702,0.06687,0.00012,0.90823,-0.41310
92.35939,-773.35520,-1573.56692,139.36738,0.06536,0.00408,0.92125,-0.38341
92.67048,-776.65539,-1576.91404,140.01372,0.06754,0.00681,0.93430,-0.34998
92.87797,-778.97362,-1578.98017,140.45645,0.06703,0.00935,0.94305,-0.32570
93.18921,-782.64150,-1581.81579,141.11826,0.06529,0.01295,0.95525,-0.28822
93.50029,-786.44966,-1584.31991,141.79102,0.06827,0.01797,0.96566,-0.25004
93.70767,-789.08083,-1585.79999,142.25919,0.06784,0.02069,0.97217,-0.22328
93.91512,-791.79319,-1587.12927,142.72441,0.06864,0.02351,0.97804,-0.19537
94.22629,-796.02759,-1588.83622,143.45642,0.06878,0.02854,0.98536,-0.15337
94.53720,-800.40167,-1590.17560,144.16959,0.06919,0.03106,0.99092,-0.11098
94.84829,-804.89191,-1591.12900,144.93810,0.06864,0.03488,0.99455,-0.07025
95.15937,-809.46347,-1591.71993,145.65689,0.06864,0.03871,0.99645,-0.02956
95.47047,-814.10326,-1591.93483,146.36710,0.06936,0.04318,0.99661,0.00986
95.67783,-817.31995,-1591.89171,146.83322,0.06868,0.04583,0.99596,0.03518
95.98880,-822.22839,-1591.51839,147.59318,0.06982,0.04895,0.99363,0.07369
96.29977,-827.16938,-1590.66747,148.30458,0.07164,0.05138,0.98960,0.11367
96.61091,-832.16544,-1589.33183,149.01798,0.06908,0.05458,0.98405,0.15455
96.92184,-837.08048,-1587.61335,149.69261,0.06969,0.05804,0.97645,0.19576
97.23306,-841.85900,-1585.41275,150.36237,0.06845,0.06131,0.96705,0.23740
97.54416,-846.43936,-1582.83615,150.94430,0.06787,0.06410,0.95538,0.28023
97.85525,-850.81730,-1579.83111,151.50986,0.06595,0.06717,0.94189,0.32246
98.06274,-853.55911,-1577.68528,151.83314,0.06512,0.06931,0.93171,0.35053
98.37383,-857.47967,-1574.17825,152.31329,0.06421,0.07243,0.91477,0.39220
98.68480,-861.00831,-1570.35237,152.65416,0.06285,0.07526,0.89592,0.43325
98.99577,-864.17991,-1566.11508,152.95568,0.06286,0.07748,0.87578,0.47229
99.30675,-867.01649,-1561.62504,153.16181,0.06032,0.08005,0.85477,0.50924
99.61773,-869.45318,-1556.88970,153.28536,0.05919,0.08261,0.83366,0.54285
100.03243,-872.03528,-1550.45391,153.35388,0.05747,0.08646,0.80601,0.58273
100.34353,-873.63585,-1545.34872,153.33185,0.05555,0.08699,0.78590,0.60968
100.65437,-874.98639,-1540.03405,153.24095,0.05476,0.08967,0.76819,0.63154
101.06883,-876.34461,-1532.62753,153.12282,0.05596,0.09164,0.74946,0.65329
101.37982,-877.11402,-1527.17481,152.96899,0.05474,0.09173,0.73778,0.66654
101.69065,-877.72547,-1521.65424,152.76791,0.05306,0.09350,0.72920,0.67580
102.10523,-878.35700,-1514.12075,152.49722,0.05158,0.09417,0.72179,0.68373
102.72731,-879.17107,-1502.42759,151.98714,0.05066,0.09428,0.71571,0.69015
103.45299,-879.82497,-1489.19862,151.34261,0.04909,0.09537,0.71255,0.69337
103.86774,-880.18902,-1481.78463,150.92433,0.04822,0.09509,0.71075,0.69532
104.38603,-880.54776,-1472.58042,150.44638,0.04954,0.09210,0.70794,0.69849
104.90461,-880.76651,-1463.57281,149.97197,0.04731,0.09184,0.69881,0.70781
105.42321,-880.64940,-1454.96408,149.55455,0.04354,0.09188,0.67709,0.72885
105.73441,-880.32382,-1450.12188,149.25456,0.04253,0.09074,0.65680,0.74738
105.94189,-879.96127,-1447.00750,149.04963,0.04207,0.09084,0.64062,0.76130
106.14937,-879.47435,-1443.98894,148.82218,0.04072,0.09199,0.62221,0.77636
106.25311,-879.18084,-1442.51606,148.69930,0.04007,0.09154,0.61176,0.78471
106.46077,-878.45683,-1439.50094,148.44492,0.04001,0.09219,0.58908,0.80180
106.56446,-878.02550,-1438.02383,148.30252,0.04099,0.09288,0.57722,0.81025
106.66821,-877.56880,-1436.59159,148.16198,0.04085,0.09309,0.56512,0.81872
106.87571,-876.50511,-1433.69991,147.86846,0.04013,0.09495,0.53928,0.83580
106.97930,-875.92593,-1432.31705,147.71650,0.03868,0.09598,0.52542,0.84453
107.18690,-874.51208,-1429.21469,147.32200,0.03598,0.09626,0.49571,0.86239
107.29052,-873.79659,-1427.88238,147.14160,0.03529,0.09530,0.48006,0.87133
107.49801,-872.20096,-1425.27767,146.77810,0.03388,0.09527,0.44904,0.88777
107.60161,-871.34806,-1424.03583,146.58304,0.03272,0.09562,0.43318,0.89562
107.80911,-869.49224,-1421.62145,146.18564,0.03003,0.09607,0.40080,0.91062
108.01644,-867.45120,-1419.31608,145.76848,0.02698,0.09562,0.36759,0.92467
108.22386,-865.28221,-1417.18153,145.34612,0.02527,0.09360,0.33416,0.93752
108.32757,-864.16075,-1416.21485,145.11871,0.02415,0.09298,0.31751,0.94338
108.53490,-861.71698,-1414.28540,144.66059,0.02271,0.09195,0.28309,0.95441
108.63875,-860.45655,-1413.40620,144.42241,0.02242,0.09129,0.26608,0.95936
108.84589,-857.79619,-1411.75436,143.95744,0.02225,0.08831,0.23278,0.96826
108.94974,-856.48140,-1411.03149,143.72622,0.02162,0.08805,0.21695,0.97196
109.05323,-855.11652,-1410.34077,143.49171,0.02124,0.08889,0.20179,0.97516
109.15695,-853.74868,-1409.69839,143.24987,0.02067,0.08883,0.18671,0.97817
109.26046,-852.36035,-1409.09603,143.00347,0.02036,0.08821,0.17160,0.98100
109.36443,-850.92909,-1408.53848,142.76186,0.02068,0.08683,0.15658,0.98362
109.46788,-849.47857,-1408.02481,142.51727,0.02058,0.08479,0.14141,0.98610
109.57165,-847.97800,-1407.53306,142.27579,0.01861,0.08476,0.12600,0.98823
109.67532,-846.51474,-1407.13497,142.03485,0.01689,0.08647,0.11013,0.99000
109.77906,-845.02451,-1406.75839,141.78346,0.01303,0.08727,0.09349,0.99170
109.88265,-843.49470,-1406.42936,141.51723,0.01141,0.08307,0.07642,0.99354
109.98642,-841.95135,-1406.18498,141.26137,0.00923,0.07692,0.06011,0.99518
110.09013,-840.62706,-1405.90878,141.05675,0.00686,0.07485,0.04355,0.99622
110.19388,-839.08368,-1405.75490,140.83405,0.00627,0.07697,0.02711,0.99665
110.29762,-837.58770,-1405.63498,140.60613,0.00615,0.07985,0.01033,0.99673
110.40136,-836.06105,-1405.59913,140.36531,0.00578,0.08039,-0.00649,0.99673
110.50510,-834.45507,-1405.59351,140.11948,0.00433,0.07846,-0.02335,0.99663
110.60886,-832.70794,-1405.60085,139.86371,0.00233,0.07541,-0.04011,0.99634
110.71246,-831.10601,-1405.73178,139.62418,0.00046,0.07286,-0.05659,0.99574
110.81621,-829.57178,-1405.89925,139.39366,-0.00146,0.07080,-0.07309,0.99481
110.91996,-828.01990,-1406.10523,139.17649,-0.00410,0.06983,-0.08949,0.99353
111.02361,-826.44637,-1406.36305,138.94495,-0.00640,0.06958,-0.10593,0.99192
111.12729,-824.47427,-1406.90128,138.73355,-0.00949,0.06950,-0.12198,0.99005
111.33471,-820.67014,-1408.33674,138.22503,-0.01365,0.06732,-0.15214,0.98597
111.64579,-815.41335,-1410.75720,137.66819,-0.01748,0.06728,-0.19231,0.97887
111.95663,-809.82584,-1413.54961,137.02513,-0.02027,0.06538,-0.22545,0.97185
112.26844,-806.98866,-1415.92071,136.88756,-0.02015,0.06479,-0.24919,0.96607
112.57818,-802.68159,-1418.70883,136.44219,-0.02268,0.06482,-0.26952,0.96054
112.88978,-797.63740,-1422.35537,135.85654,-0.02205,0.06484,-0.28046,0.95742
113.19959,-792.96067,-1425.63877,135.28317,-0.02333,0.06612,-0.28393,0.95628
113.40733,-789.85070,-1427.78926,134.90163,-0.02283,0.06826,-0.28511,0.95579
113.82383,-783.26919,-1432.57262,134.14223,-0.02409,0.06715,-0.28640,0.95545
114.02878,-779.95024,-1434.98109,133.75007,-0.02273,0.06851,-0.28719,0.95515
114.13252,-778.28157,-1436.14033,133.53422,-0.02080,0.06885,-0.28764,0.95503
114.34038,-774.95098,-1438.29532,133.07033,-0.02027,0.06649,-0.28835,0.95500
114.54716,-771.48985,-1440.46019,132.59152,-0.02171,0.06676,-0.28827,0.95497
114.75445,-768.26517,-1442.52958,132.15442,-0.02092,0.06866,-0.28758,0.95506
114.85829,-766.71580,-1443.55251,131.93951,-0.02095,0.06813,-0.28666,0.95538
114.96187,-765.06675,-1444.57292,131.71876,-0.02068,0.06786,-0.28575,0.95567
115.16922,-761.75930,-1446.64517,131.27085,-0.02037,0.06763,-0.28334,0.95642
115.37659,-758.40259,-1448.70830,130.80627,-0.01958,0.06802,-0.28097,0.95710
115.58421,-755.04143,-1450.76144,130.33107,-0.01713,0.06745,-0.27875,0.95784
115.68758,-753.35044,-1451.82096,130.07981,-0.01635,0.06659,-0.27743,0.95830
115.79128,-751.65252,-1452.87836,129.81960,-0.01637,0.06771,-0.27627,0.95855
115.89507,-749.95299,-1453.91991,129.57400,-0.01709,0.06855,-0.27568,0.95865
115.99872,-748.21648,-1455.02808,129.34177,-0.01845,0.06891,-0.27526,0.95872
116.10235,-746.51559,-1456.03510,129.12241,-0.01993,0.06883,-0.27507,0.95875
116.20610,-744.80797,-1457.05310,128.94343,-0.02104,0.06989,-0.27497,0.95868
116.30982,-743.11620,-1458.04105,128.71225,-0.02111,0.07034,-0.27520,0.95858
116.41348,-741.42406,-1459.01507,128.52278,-0.02051,0.07031,-0.27564,0.95847
116.51743,-739.71519,-1459.98199,128.42827,-0.01955,0.07089,-0.27629,0.95826
116.62148,-738.01421,-1460.93946,128.31989,-0.01913,0.07276,-0.27703,0.95791
116.72548,-736.31641,-1461.99383,128.15963,-0.01955,0.07526,-0.27705,0.95770
116.82827,-734.63222,-1463.06321,127.89621,-0.02061,0.07708,-0.27679,0.95761
116.93188,-732.93767,-1464.17807,127.63176,-0.02097,0.07578,-0.27629,0.95785
117.03605,-731.23869,-1465.26707,127.36870,-0.02086,0.07382,-0.27585,0.95814
117.13930,-729.70974,-1466.15153,127.10136,-0.02116,0.07412,-0.27703,0.95776
117.24315,-728.18308,-1467.03997,126.83343,-0.02163,0.07393,-0.27878,0.95726
117.34668,-726.65947,-1467.93425,126.56679,-0.02225,0.07335,-0.28098,0.95665
117.45045,-725.13958,-1468.83584,126.30301,-0.02298,0.07246,-0.28353,0.95595
117.55398,-723.62393,-1469.74588,126.04332,-0.02379,0.07133,-0.28634,0.95517
117.65775,-722.11297,-1470.66520,125.78866,-0.02467,0.07002,-0.28935,0.95434
117.76139,-720.60706,-1471.59438,125.53973,-0.02559,0.06860,-0.29249,0.95346
117.86507,-719.10649,-1472.53382,125.29702,-0.02654,0.06709,-0.29572,0.95255
117.96869,-717.61147,-1473.48376,125.06085,-0.02750,0.06555,-0.29900,0.95160
118.07230,-716.12220,-1474.44431,124.83140,-0.02847,0.06399,-0.30231,0.95063
118.17603,-714.63879,-1475.41550,124.60872,-0.02943,0.06244,-0.30561,0.94965
118.27964,-713.16135,-1476.39728,124.39282,-0.03039,0.06092,-0.30890,0.94865
118.38387,-711.68993,-1477.38957,124.18359,-0.03134,0.05944,-0.31216,0.94765
118.48757,-710.22460,-1478.39224,123.98092,-0.03226,0.05799,-0.31539,0.94664
118.59157,-708.76537,-1479.40513,123.78465,-0.03318,0.05660,-0.31858,0.94562
118.69425,-707.31229,-1480.42810,123.59459,-0.03407,0.05526,-0.32173,0.94460
118.79800,-705.86535,-1481.46096,123.41058,-0.03495,0.05397,-0.32484,0.94358
118.90159,-704.42457,-1482.50355,123.23242,-0.03581,0.05273,-0.32790,0.94256
119.00534,-702.98997,-1483.55569,123.05991,-0.03665,0.05154,-0.33093,0.94154
119.10905,-701.56156,-1484.61721,122.89289,-0.03748,0.05040,-0.33391,0.94051
119.21279,-700.13934,-1485.68794,122.73117,-0.03829,0.04931,-0.33685,0.93949
119.31687,-698.72332,-1486.76771,122.57460,-0.03908,0.04825,-0.33975,0.93846
119.42052,-697.31353,-1487.85636,122.42302,-0.03986,0.04724,-0.34262,0.93744
119.52376,-695.90997,-1488.95374,122.27629,-0.04063,0.04627,-0.34546,0.93641
119.62738,-694.51264,-1490.05970,122.13426,-0.04138,0.04532,-0.34826,0.93539
119.73109,-693.12156,-1491.17410,121.99681,-0.04212,0.04442,-0.35103,0.93436
119.83475,-691.73671,-1492.29683,121.86383,-0.04285,0.04354,-0.35377,0.93333
119.93924,-691.04561,-1493.14700,121.78750,-0.04513,0.04469,-0.35395,0.93311
120.04196,-690.16102,-1494.16186,121.71418,-0.04571,0.04489,-0.35401,0.93305
120.24937,-688.65561,-1496.29747,121.54859,-0.04577,0.04519,-0.35219,0.93372
120.45664,-686.56853,-1498.67871,121.35865,-0.04344,0.04366,-0.35094,0.93437
120.66394,-684.58265,-1501.11537,121.13233,-0.04569,0.04232,-0.34927,0.93495
120.87227,-682.56202,-1503.73822,120.90415,-0.04681,0.04234,-0.34704,0.93572
121.07862,-681.60899,-1503.96208,120.85034,-0.04662,0.04458,-0.34769,0.93539
