1317354879.23647,0.01416,-0.02795,-0.01770,0.00049,0.00201,-0.00517,0.99998
1317354880.07045,4.69675,0.08337,0.06763,0.00527,-0.00056,0.00054,0.99999
1317354880.90458,9.94147,0.27875,0.13067,-0.00020,0.00706,0.00467,0.99996
1317354881.42583,16.82356,0.51412,0.05522,0.00048,0.00995,0.00597,0.99993
1317354881.84285,20.12843,0.59949,0.00263,0.00204,0.00836,0.00634,0.99994
1317354882.25983,23.51511,0.73622,-0.01410,0.00229,-0.00039,0.00491,0.99999
1317354882.57245,26.37745,0.82457,0.01782,-0.00054,-0.00149,0.00500,0.99999
1317354882.88508,29.08774,0.91682,0.02887,-0.00314,-0.00179,0.00531,0.99998
1317354883.30183,33.21275,1.04416,0.08156,-0.00501,0.00055,0.00614,0.99997
1317354883.71871,37.27729,1.19089,0.13866,-0.00592,0.00177,0.00680,0.99996
1317354884.03123,40.52535,1.31227,0.16790,-0.00465,0.00568,0.00743,0.99995
1317354884.44799,44.87440,1.49733,0.18061,-0.00356,0.00657,0.00862,0.99993
1317354884.86471,49.24762,1.67448,0.18589,-0.00535,0.00466,0.00958,0.99993
1317354885.17733,52.32120,1.81454,0.21061,-0.00735,0.00666,0.00932,0.99991
1317354885.38583,54.44613,1.89837,0.21369,-0.00778,0.00659,0.00906,0.99991
1317354885.69846,57.72764,2.05689,0.22017,-0.00524,0.00400,0.00854,0.99994
1317354886.01096,61.11156,2.19216,0.24160,-0.00463,0.00242,0.00821,0.99995
1317354886.11521,61.95483,2.21909,0.25631,-0.00396,0.00522,0.00817,0.99995
1317354886.32346,64.18051,2.29762,0.26506,-0.00160,0.00940,0.00806,0.99992
1317354886.63598,67.45159,2.46727,0.25014,0.00117,0.00560,0.00760,0.99995
1317354886.94858,70.68962,2.59643,0.26579,-0.00200,0.00424,0.00691,0.99997
1317354887.46934,76.21413,2.79746,0.28795,-0.00044,0.00849,0.00729,0.99994
1317354887.78183,79.59276,2.94945,0.28297,0.00096,0.00727,0.00802,0.99994
1317354888.19833,84.02017,3.15018,0.29158,-0.00122,0.01122,0.00888,0.99990
1317354888.82321,90.47291,3.43387,0.27831,-0.00193,0.01138,0.01069,0.99988
1317354889.34396,95.35043,3.68994,0.26196,0.00019,0.01221,0.01539,0.99981
1317354889.96896,99.92345,4.00672,0.23924,-0.00253,0.01543,0.02400,0.99959
1317354890.90722,105.52107,4.48381,0.22155,-0.01248,0.01228,0.02102,0.99963
1317354891.95171,109.92491,4.44098,0.22128,-0.00781,0.00545,-0.07883,0.99684
1317354892.89209,113.16143,3.46828,0.24878,-0.00561,0.00048,-0.27503,0.96142
1317354893.41397,114.70660,2.37512,0.24143,-0.01815,0.00393,-0.41112,0.91139
1317354893.72696,115.65028,1.19122,0.25788,-0.01807,0.00625,-0.48584,0.87384
1317354893.83122,115.82773,0.91586,0.28695,-0.01593,0.00633,-0.50981,0.86012
1317354894.03984,116.21452,0.27992,0.31273,-0.01653,0.00804,-0.55840,0.82937
1317354894.35261,116.69227,-0.88289,0.33081,-0.02225,0.00294,-0.62124,0.78330
1317354894.66459,116.92579,-1.97991,0.37123,-0.01837,-0.00449,-0.66255,0.74878
1317354894.97636,117.12626,-3.46972,0.41969,-0.01989,0.00378,-0.69087,0.72269
1317354895.08034,117.16603,-4.02819,0.43904,-0.01886,0.00304,-0.69893,0.71494
1317354895.28822,117.20070,-5.04756,0.47712,-0.01556,-0.00297,-0.71195,0.70205
1317354895.70359,117.11602,-7.49302,0.53541,-0.01602,-0.00710,-0.72332,0.69029
1317354896.22297,117.01130,-10.99241,0.66948,-0.01700,-0.00576,-0.72095,0.69275
1317354896.63922,116.99013,-13.73260,0.79655,-0.01559,-0.00269,-0.72076,0.69301
1317354897.15984,116.89265,-18.00235,0.97255,-0.01354,0.00067,-0.72279,0.69094
1317354897.47224,116.83091,-20.56725,1.05299,-0.01710,-0.00247,-0.72360,0.69000
1317354897.68047,116.80168,-22.32557,1.13749,-0.01753,0.00276,-0.72465,0.68889
1317354897.88885,116.76659,-23.94759,1.19517,-0.01596,0.00785,-0.72499,0.68853
1317354898.09722,116.71877,-25.67082,1.24209,-0.01783,0.00632,-0.72451,0.68900
1317354898.30560,116.65974,-27.36052,1.27482,-0.02257,-0.00126,-0.72366,0.68979
1317354898.51397,116.62235,-29.07399,1.37905,-0.01575,0.00214,-0.72325,0.69041
1317354898.61827,116.59308,-30.02409,1.41050,-0.01363,0.00348,-0.72310,0.69060
1317354898.82682,116.54052,-31.61123,1.48245,-0.01595,0.00463,-0.72330,0.69033
1317354899.03512,116.52101,-33.07849,1.53768,-0.01702,0.00543,-0.72490,0.68862
1317354899.24361,116.46902,-34.78462,1.59077,-0.01840,0.00638,-0.72635,0.68705
1317354899.45214,116.41056,-36.42728,1.61832,-0.01830,0.00751,-0.72767,0.68565
1317354899.76507,116.34908,-38.31346,1.69002,-0.01885,0.00630,-0.72912,0.68410
1317354899.97396,116.30112,-39.92825,1.74399,-0.01555,0.00822,-0.73026,0.68294
1317354900.18198,116.23099,-41.48477,1.78809,-0.01540,0.00963,-0.73088,0.68226
1317354900.49476,116.11602,-43.48233,1.84659,-0.01664,0.00870,-0.73109,0.68203
1317354900.59899,116.08874,-44.15138,1.86581,-0.01680,0.00793,-0.73106,0.68206
1317354900.80749,116.05659,-45.42476,1.90226,-0.02024,0.00671,-0.73148,0.68152
1317354901.01610,116.01215,-46.84978,1.95025,-0.01947,0.00731,-0.73159,0.68143
1317354901.22504,115.96013,-48.17715,1.99549,-0.02230,0.00965,-0.73166,0.68124
1317354901.32901,115.93582,-48.83907,2.02757,-0.02050,0.00865,-0.73171,0.68125
1317354901.53768,115.86791,-50.16055,2.06326,-0.02066,0.01033,-0.73301,0.67983
1317354901.85061,115.77023,-52.24174,2.12348,-0.02267,0.00749,-0.73901,0.67327
1317354902.05915,115.72469,-53.21709,2.15866,-0.02487,0.00857,-0.74352,0.66819
1317354902.37220,115.55121,-55.36893,2.23988,-0.02569,0.01085,-0.74806,0.66304
1317354902.58042,115.40045,-56.80395,2.29481,-0.02228,0.01189,-0.74937,0.66167
1317354902.78885,115.32938,-57.80770,2.33760,-0.02150,0.01291,-0.75058,0.66030
1317354903.10148,115.07969,-60.07114,2.40916,-0.02078,0.00407,-0.75093,0.66005
1317354903.30990,114.94625,-61.47011,2.45436,-0.02061,0.00361,-0.75150,0.65940
1317354903.41414,114.84945,-62.23247,2.48980,-0.01827,0.00542,-0.75129,0.65970
1317354903.51837,114.80587,-62.70301,2.51855,-0.01646,0.00541,-0.75137,0.65965
1317354903.62264,114.72571,-63.46262,2.54693,-0.01613,0.00500,-0.75173,0.65925
1317354903.72689,114.67073,-64.03625,2.56529,-0.01727,0.00606,-0.75221,0.65867
1317354903.83111,114.58812,-64.79678,2.58934,-0.01791,0.00618,-0.75301,0.65774
1317354903.93536,115.74886,-66.83285,2.64494,-0.01801,0.00525,-0.74787,0.66358
1317354904.03961,115.67690,-67.58589,2.66490,-0.01782,0.00526,-0.74839,0.66299
1317354904.14386,115.60865,-68.36248,2.68910,-0.01785,0.00577,-0.74913,0.66216
1317354904.24850,115.55671,-68.99615,2.70796,-0.01852,0.00644,-0.74975,0.66143
1317354904.35245,115.47877,-69.74505,2.73672,-0.01934,0.00662,-0.75010,0.66101
1317354904.45662,115.39293,-70.47516,2.76552,-0.01896,0.00599,-0.75020,0.66091
1317354904.56090,115.31861,-71.27810,2.78345,-0.02002,0.00743,-0.75059,0.66042
1317354904.66522,115.22995,-71.99828,2.81371,-0.01810,0.00722,-0.75086,0.66017
1317354904.87362,115.08127,-73.61482,2.87644,-0.01817,0.01011,-0.75206,0.65876
1317354905.08225,114.91743,-75.26582,2.91252,-0.01762,0.01021,-0.75356,0.65707
1317354905.39500,114.64581,-77.56873,2.96285,-0.01950,0.00577,-0.75468,0.65578
1317354905.70774,114.35222,-80.03122,3.06042,-0.01812,0.00245,-0.75474,0.65577
1317354906.02047,114.06132,-82.62974,3.15019,-0.01600,0.00414,-0.75405,0.65661
1317354906.33316,113.77994,-85.25204,3.22995,-0.01187,0.00630,-0.75257,0.65838
1317354906.64588,113.56159,-87.55235,3.27644,-0.01923,0.00378,-0.75102,0.65999
1317354906.85435,113.38854,-89.25895,3.32939,-0.01734,0.00607,-0.75022,0.66094
1317354907.16712,113.16569,-91.67897,3.40979,-0.01557,0.00699,-0.74985,0.66138
1317354907.37562,113.01159,-93.33919,3.46980,-0.01339,0.00429,-0.74948,0.66188
1317354907.58411,112.85990,-94.88886,3.51346,-0.01308,0.00331,-0.74909,0.66233
1317354907.79261,112.69927,-96.67030,3.56366,-0.01556,0.00502,-0.74867,0.66274
1317354908.00128,112.53722,-98.41317,3.61962,-0.01649,0.00954,-0.74923,0.66203
1317354908.31399,112.28976,-101.04917,3.67537,-0.01934,0.00794,-0.75000,0.66111
1317354908.73104,111.96103,-104.43739,3.78806,-0.01942,0.00548,-0.75081,0.66021
1317354909.25239,111.51919,-108.51377,3.89697,-0.02211,0.00440,-0.75469,0.65569
1317354909.66939,111.21189,-111.32496,4.04931,-0.02583,0.00480,-0.75846,0.65118
1317354909.87788,111.01535,-112.80419,4.11915,-0.02969,0.00235,-0.75961,0.64969
1317354910.19074,110.70616,-115.14250,4.25049,-0.02524,0.00591,-0.76256,0.64640
1317354910.39910,110.48861,-116.69715,4.31461,-0.02838,0.00447,-0.76390,0.64470
1317354910.71187,110.13790,-118.99147,4.43459,-0.02976,-0.00056,-0.76570,0.64251
1317354911.02510,109.80855,-121.24382,4.58349,-0.02787,-0.00115,-0.76900,0.63864
1317354911.33770,109.42275,-123.45182,4.71532,-0.02561,0.00069,-0.77524,0.63115
1317354911.65079,108.99383,-125.67484,4.84448,-0.02630,-0.00115,-0.78637,0.61719
1317354911.85939,108.66257,-127.14143,4.94149,-0.02434,-0.00379,-0.79364,0.60788
1317354912.06801,108.29295,-128.55153,5.02267,-0.02105,-0.00622,-0.79943,0.60036
1317354912.17223,108.10766,-129.26202,5.07073,0.01715,-0.05535,-0.80902,0.58492
1317354912.38066,107.67588,-130.65547,5.15320,0.02016,-0.05517,-0.81242,0.58011
1317354912.48491,108.41837,-128.53339,5.12118,0.02337,-0.05438,-0.81291,0.57937
1317354912.58899,108.25811,-129.01911,5.15201,0.02565,-0.05583,-0.81316,0.57878
1317354912.69312,108.02310,-129.71010,5.18618,0.02775,-0.05664,-0.81313,0.57866
1317354912.79733,107.74708,-130.53034,5.20887,0.02687,-0.05917,-0.81291,0.57875
1317354912.90159,107.52834,-131.20966,5.23688,0.02619,-0.06061,-0.81259,0.57909
1317354913.00573,107.23473,-132.10944,5.27294,0.02613,-0.06227,-0.81239,0.57919
1317354913.10998,107.01555,-132.77724,5.31257,0.02710,-0.05991,-0.81193,0.58005
1317354913.21426,106.67799,-133.78166,5.36050,0.02994,-0.05980,-0.81116,0.58099
1317354913.31829,106.47038,-134.44260,5.38176,0.02949,-0.06070,-0.81079,0.58144
1317354913.42241,106.26606,-135.08895,5.41586,0.02954,-0.06198,-0.81002,0.58237
1317354913.63049,105.86654,-136.36177,5.46955,0.03077,-0.06291,-0.80710,0.58624
1317354913.73464,105.44743,-137.68191,5.51417,0.03461,-0.06186,-0.80516,0.58881
1317354913.83877,105.08185,-138.87784,5.55259,0.03313,-0.06225,-0.80389,0.59059
1317354913.94285,104.90014,-139.49022,5.58458,0.03295,-0.06140,-0.80271,0.59229
1317354914.04714,104.53072,-140.73399,5.62070,0.03559,-0.06126,-0.80133,0.59402
1317354914.25601,104.06506,-142.34147,5.67431,0.03797,-0.06227,-0.79886,0.59707
1317354914.35997,103.80227,-143.22717,5.70263,0.03963,-0.06006,-0.79777,0.59865
1317354914.56816,103.62884,-143.94889,5.71296,0.03623,-0.06305,-0.79465,0.60270
1317354914.77640,103.31936,-145.11398,5.74191,0.03372,-0.06547,-0.79070,0.60776
1317354915.08887,102.92631,-146.86173,5.83510,0.03474,-0.06368,-0.78122,0.62003
1317354915.40112,102.59060,-148.55193,5.90904,0.03550,-0.06407,-0.76624,0.63836
1317354915.60925,102.43167,-149.59754,5.97147,0.03263,-0.06244,-0.75261,0.65469
1317354915.71337,102.37314,-150.18409,5.99307,0.03050,-0.06116,-0.74546,0.66304
1317354915.81749,102.32612,-150.73963,6.02575,0.02696,-0.05954,-0.73877,0.67078
1317354916.02587,102.25516,-151.84727,6.07361,0.02185,-0.05487,-0.72736,0.68371
1317354916.13012,102.23363,-152.40655,6.10491,-0.00893,-0.01469,-0.71640,0.69748
1317354916.33940,102.24759,-153.61975,6.15506,-0.01179,-0.00902,-0.71783,0.69606
1317354916.44365,102.24666,-154.18259,6.18225,-0.01257,-0.00696,-0.72212,0.69162
1317354916.54814,102.24065,-154.74650,6.20102,-0.00978,-0.00599,-0.72681,0.68674
1317354916.65267,102.21078,-155.29397,6.23043,-0.00989,-0.00809,-0.73080,0.68247
1317354916.75714,102.18124,-155.84537,6.25605,-0.00815,-0.00679,-0.73484,0.67815
1317354916.86164,102.15433,-156.38542,6.27158,-0.00972,-0.00656,-0.73951,0.67304
1317354916.96612,102.11737,-156.91381,6.28402,-0.01059,-0.00381,-0.74488,0.66711
1317354917.07062,102.07335,-157.46399,6.30451,-0.01053,-0.00360,-0.75052,0.66076
1317354917.17502,102.01769,-158.00872,6.33229,-0.00983,-0.00297,-0.75565,0.65489
1317354917.27984,101.95637,-158.54673,6.35327,-0.00841,-0.00290,-0.76025,0.64957
1317354917.38442,101.89228,-159.08819,6.36728,-0.00695,-0.00354,-0.76499,0.64399
1317354917.48800,101.81862,-159.60490,6.38329,-0.00773,-0.00263,-0.76939,0.63873
1317354917.59234,101.73666,-160.12197,6.40222,-0.00721,-0.00251,-0.77343,0.63384
1317354917.69659,101.63937,-160.62684,6.42628,-0.00569,-0.00197,-0.77672,0.62982
1317354917.80088,101.54183,-161.12992,6.43804,-0.00543,-0.00561,-0.77986,0.62591
1317354917.90502,101.44485,-161.63868,6.45738,-0.00605,-0.00508,-0.78216,0.62302
1317354918.00914,101.42277,-161.83397,6.46747,-0.00568,-0.00535,-0.78376,0.62102
1317354918.11342,101.31303,-162.30008,6.48113,-0.00575,-0.00405,-0.78465,0.61990
1317354918.42589,100.99702,-163.73827,6.52959,-0.00282,-0.00506,-0.78584,0.61840
1317354918.63440,100.79122,-164.71516,6.55192,-0.00459,-0.00580,-0.78753,0.61624
1317354918.73862,100.69097,-165.23193,6.55853,-0.00587,-0.00580,-0.78902,0.61431
1317354918.94727,100.44415,-166.22893,6.59421,-0.00054,0.00113,-0.78939,0.61389
1317354919.57302,99.61267,-169.52817,6.64409,0.00141,-0.00398,-0.79933,0.60088
1317354919.88580,99.14776,-171.21185,6.67927,0.00316,-0.00320,-0.80300,0.59597
1317354920.19853,98.65532,-172.90317,6.70984,0.00940,-0.00348,-0.80510,0.59306
1317354920.30275,98.50947,-173.50472,6.71428,0.01006,-0.00273,-0.80576,0.59214
1317354920.51117,98.12747,-174.54218,6.71977,0.00977,-0.00435,-0.80474,0.59354
1317354920.71937,97.81863,-175.71241,6.72029,0.00983,-0.00487,-0.80391,0.59465
1317354921.03191,97.32496,-177.37298,6.73573,0.00990,-0.00600,-0.80111,0.59840
1317354921.65688,96.63159,-179.90893,6.79481,0.01467,-0.00496,-0.79271,0.60940
1317354922.48938,95.91911,-183.22348,6.80299,0.01416,-0.00602,-0.75246,0.65846
1317354923.11353,95.84853,-185.51173,6.79115,0.01245,0.00751,-0.68916,0.72447
1317354923.84161,96.28012,-188.05454,6.75622,0.01504,0.00533,-0.59240,0.80549
1317354924.46578,97.29940,-190.23384,6.71065,0.01261,-0.00460,-0.47330,0.88080
1317354925.19463,99.72100,-192.78815,6.77063,0.01180,-0.00121,-0.32293,0.94635
1317354925.92541,103.60055,-194.98149,6.78581,0.01367,0.00514,-0.22327,0.97465
1317354926.34300,106.35024,-196.14385,6.76902,0.01988,0.00387,-0.18878,0.98181
1317354926.76078,109.42830,-197.18735,6.75806,0.01698,0.00571,-0.16725,0.98575
1317354927.07412,111.43587,-197.82783,6.75097,0.01774,0.00634,-0.16607,0.98593
1317354927.38731,113.99841,-198.61109,6.75680,0.01882,0.00463,-0.16675,0.98581
1317354927.70013,116.62236,-199.48428,6.75979,0.02169,0.00762,-0.16783,0.98555
1317354927.90868,118.43566,-200.06274,6.73828,0.02194,0.00597,-0.16850,0.98544
1317354928.22147,121.10052,-200.94881,6.74489,0.02419,0.00930,-0.16847,0.98537
1317354928.64428,124.67351,-202.11457,6.69965,0.02592,0.00800,-0.16796,0.98542
1317354929.05504,128.47710,-203.34840,6.66833,0.02541,0.00857,-0.16573,0.98581
1317354929.15931,129.49403,-203.67156,6.66295,0.02531,0.00872,-0.16519,0.98590
1317354929.26343,130.40408,-203.96085,6.65497,0.02472,0.00866,-0.16455,0.98602
1317354930.72193,142.30545,-207.58879,6.56661,0.02735,0.01109,-0.15071,0.98814
1317354931.24301,145.98321,-208.62058,6.53470,0.02678,0.01334,-0.14223,0.98938
1317354931.86855,148.34898,-209.21417,6.51399,0.02291,0.01020,-0.13547,0.99046
1317354932.91054,153.10769,-210.36534,6.49796,0.02592,0.00738,-0.10541,0.99406
1317354933.43029,155.18425,-210.64193,6.51062,0.02078,-0.00641,-0.02685,0.99940
1317354933.94993,157.12866,-210.56479,6.56180,0.01144,-0.00374,0.08171,0.99658
1317354934.15778,158.09353,-210.37778,6.59066,0.01023,-0.00067,0.13352,0.99099
1317354934.46975,159.20790,-210.01899,6.63625,0.00609,0.00443,0.21548,0.97648
1317354934.67780,159.98588,-209.63567,6.64180,0.00210,0.00542,0.27293,0.96202
1317354934.78198,160.30518,-209.43881,6.64207,0.00126,0.00472,0.30106,0.95359
1317354934.99004,160.89057,-208.99462,6.64400,0.00213,0.00813,0.35678,0.93415
1317354935.09424,161.23539,-208.67351,6.63508,0.00162,0.00953,0.38354,0.92347
1317354935.30247,161.68529,-208.17823,6.64771,0.00209,0.01244,0.43599,0.89987
1317354935.40669,161.95574,-207.83427,6.64442,-0.00086,0.01414,0.46195,0.88679
1317354935.51079,162.14577,-207.54366,6.64198,-0.00326,0.01249,0.48645,0.87361
1317354935.61503,162.35141,-207.17398,6.63053,-0.00674,0.01199,0.51025,0.85992
1317354935.71932,162.52240,-206.84992,6.63306,-0.00447,0.00719,0.53367,0.84565
1317354935.82359,162.68971,-206.44246,6.62542,-0.00554,0.00625,0.55489,0.83188
1317354935.92777,162.84004,-206.06935,6.61408,-0.00795,0.00769,0.57503,0.81806
1317354936.03216,162.94317,-205.78928,6.62127,-0.00777,0.00349,0.59259,0.80546
1317354936.13668,163.07599,-205.44165,6.62036,-0.00835,0.00192,0.60825,0.79370
1317354936.24104,163.17169,-205.11438,6.62276,-0.00668,0.00183,0.62202,0.78297
1317354936.34567,163.23888,-204.76894,6.61475,-0.00345,0.00443,0.63343,0.77378
1317354936.45019,163.30635,-204.36567,6.62253,-0.00325,0.00616,0.64283,0.76598
1317354936.55480,163.34791,-204.05832,6.61433,-0.00636,0.00518,0.65139,0.75869
1317354936.65931,163.39454,-203.64076,6.61825,-0.00840,0.00615,0.65857,0.75245
1317354936.76379,163.43114,-203.25189,6.61700,-0.01068,0.00528,0.66397,0.74766
1317354936.86826,163.47040,-202.82202,6.61976,-0.00940,0.00563,0.66903,0.74315
1317354937.07720,163.53008,-201.91092,6.60005,-0.00298,0.00495,0.68079,0.73245
1317354937.28592,163.57248,-200.92275,6.58601,-0.00248,0.00642,0.69305,0.72086
1317354937.49469,163.57617,-199.85580,6.58493,-0.00870,0.00524,0.70321,0.71091
1317354937.80804,163.50846,-198.07755,6.56022,-0.01188,0.00342,0.71141,0.70267
1317354938.12141,163.40597,-196.01533,6.52606,-0.01345,-0.00078,0.71367,0.70035
1317354938.43489,163.30892,-193.93851,6.49942,-0.01853,-0.00610,0.70806,0.70588
1317354938.64399,163.28218,-192.37543,6.47599,-0.02104,-0.00705,0.70133,0.71249
1317354938.95720,163.29245,-190.01518,6.44390,-0.02310,-0.01001,0.69082,0.72259
1317354939.16578,163.34189,-188.39269,6.42514,-0.02490,-0.01107,0.68324,0.72968
1317354939.47858,163.48361,-185.76903,6.46902,-0.02693,-0.00905,0.67299,0.73910
1317354939.79127,163.70556,-183.03518,6.43574,-0.02801,-0.00756,0.66490,0.74637
1317354940.20794,164.04996,-179.52168,6.37305,-0.02658,-0.00713,0.66160,0.74935
1317354940.52052,164.34148,-176.74547,6.34625,-0.02683,-0.00838,0.66046,0.75034
1317354940.83304,164.62204,-173.98811,6.33025,-0.02688,-0.00894,0.66043,0.75036
1317354941.04158,164.82013,-172.13408,6.30616,-0.02631,-0.00951,0.66072,0.75011
1317354941.14554,164.91768,-171.26664,6.30158,-0.02701,-0.01112,0.66122,0.74962
1317354941.24971,165.01958,-170.34856,6.28561,-0.02923,-0.01154,0.66152,0.74927
1317354941.35392,165.11189,-169.49883,6.29064,-0.03078,-0.00956,0.66184,0.74895
1317354941.45806,165.16367,-168.66446,6.26574,-0.03028,-0.00751,0.66160,0.74921
1317354941.56218,165.26561,-167.73347,6.24102,-0.03039,-0.00695,0.66205,0.74881
1317354941.66640,165.34033,-166.80643,6.22068,-0.03208,-0.00839,0.66191,0.74885
1317354941.77070,165.43406,-165.89295,6.20483,-0.03229,-0.00950,0.66194,0.74880
1317354941.87493,165.51277,-164.99581,6.18788,-0.03296,-0.00915,0.66150,0.74916
1317354941.97914,165.59294,-164.12068,6.18071,-0.03341,-0.00902,0.66079,0.74977
1317354942.18766,165.78312,-162.40182,6.15599,-0.03393,-0.00928,0.65965,0.75075
1317354942.39623,166.00099,-160.53636,6.11691,-0.03399,-0.01060,0.65916,0.75116
1317354942.60464,166.17915,-158.85335,6.09483,-0.03330,-0.01028,0.65871,0.75159
1317354942.81305,166.35948,-157.02620,6.08090,-0.03325,-0.00950,0.65806,0.75217
1317354943.12605,166.61749,-154.44906,6.05055,-0.03439,-0.00923,0.65727,0.75281
1317354943.43855,166.93511,-151.75776,5.98983,-0.03184,-0.00920,0.65708,0.75309
1317354943.64702,167.07035,-150.22047,5.98759,-0.03165,-0.00864,0.65611,0.75395
1317354944.06404,167.49696,-146.65593,5.94452,-0.03083,-0.00567,0.65487,0.75509
1317354944.37665,167.81375,-144.09060,5.90788,-0.03056,-0.00533,0.65402,0.75584
1317354944.58549,168.01578,-142.28075,5.86134,-0.02837,-0.00681,0.65358,0.75630
1317354944.79374,168.25456,-140.47680,5.84351,-0.03010,-0.00686,0.65481,0.75516
1317354945.00203,168.46858,-138.54736,5.82712,-0.02898,-0.00489,0.65725,0.75310
1317354945.21043,168.67157,-136.58157,5.78631,-0.02931,-0.00432,0.66066,0.75010
1317354945.41880,168.83296,-134.77503,5.74888,-0.03133,-0.00427,0.66442,0.74669
1317354945.62732,168.98692,-132.99087,5.71274,-0.03167,-0.00494,0.66726,0.74413
1317354945.94004,169.25947,-129.91569,5.63585,-0.02896,-0.00751,0.66871,0.74292
1317354946.14841,169.41149,-128.03698,5.62427,-0.02827,-0.00383,0.66922,0.74252
1317354946.35696,169.56541,-126.05669,5.59090,-0.02967,-0.00113,0.66949,0.74223
1317354946.66967,169.82297,-123.00907,5.51630,-0.03188,-0.00035,0.67020,0.74150
1317354947.08652,170.13503,-119.01745,5.41071,-0.03070,-0.00286,0.67108,0.74075
1317354947.50345,170.39743,-115.09174,5.34427,-0.03149,-0.00351,0.67118,0.74062
1317354947.92029,170.67935,-111.04078,5.25922,-0.03054,-0.00193,0.67084,0.74097
1317354948.02443,170.75872,-110.00825,5.23594,-0.03112,-0.00163,0.67101,0.74079
1317354948.54531,171.05649,-105.11728,5.11206,-0.03316,-0.00102,0.67050,0.74117
1317354948.75372,171.17519,-103.16088,5.06504,-0.03216,-0.00063,0.67062,0.74111
1317354948.96207,171.31329,-101.18592,5.02410,-0.03486,-0.00108,0.67114,0.74051
1317354949.06615,171.38438,-100.17198,4.98184,-0.03660,-0.00117,0.67109,0.74047
1317354949.27455,171.51460,-98.23119,4.91852,-0.03454,-0.00548,0.67105,0.74059
1317354949.58725,171.71633,-95.40822,4.84768,-0.03721,-0.00676,0.66867,0.74260
1317354949.79565,171.93614,-93.35578,4.75199,-0.03680,-0.00280,0.66742,0.74377
1317354950.00402,172.10931,-91.30161,4.68757,-0.03645,-0.00216,0.66547,0.74553
1317354950.31883,172.42462,-88.42475,4.59690,-0.03684,-0.00426,0.66410,0.74673
1317354950.73340,172.72605,-84.70521,4.45817,-0.03488,-0.00575,0.66234,0.74837
1317354951.25428,173.15584,-79.95717,4.35636,-0.03403,0.00034,0.66322,0.74765
1317354951.67109,173.53075,-75.87744,4.22418,-0.03184,-0.00077,0.66285,0.74807
1317354952.08782,173.84105,-72.35565,4.13942,-0.03206,0.00301,0.66272,0.74817
1317354952.60856,174.28788,-67.49157,3.98660,-0.03067,0.00653,0.66715,0.74426
1317354952.92107,174.47400,-64.41829,3.85381,-0.03042,0.00674,0.66961,0.74206
1317354953.12943,174.64668,-62.35406,3.78087,-0.03012,0.00568,0.67144,0.74043
1317354953.23372,174.65735,-61.65775,3.75843,-0.03127,0.00652,0.67164,0.74019
1317354953.44205,174.83710,-59.53723,3.68164,-0.03267,0.00593,0.67264,0.73922
1317354953.65053,174.99354,-57.44749,3.59913,-0.03240,0.00490,0.67291,0.73900
1317354953.85898,175.15014,-55.49007,3.53592,-0.03154,0.00518,0.67374,0.73827
1317354954.17155,175.33318,-52.31572,3.40824,-0.03211,0.00696,0.67481,0.73726
1317354954.48403,175.52709,-49.49658,3.32183,-0.03117,0.00686,0.67664,0.73562
1317354954.69254,175.64991,-47.48574,3.23964,-0.02890,0.00641,0.67810,0.73437
1317354954.90068,175.74903,-45.43856,3.16256,-0.02559,0.00560,0.67979,0.73293
1317354955.10891,175.85222,-43.59409,3.11263,-0.02601,0.00737,0.68169,0.73114
1317354955.31718,175.90014,-41.70380,3.06570,-0.02746,0.00930,0.68235,0.73045
1317354955.52553,175.96842,-39.77644,2.99431,-0.02831,0.00883,0.68218,0.73058
1317354955.73393,176.04118,-37.86124,2.92674,-0.03114,0.00916,0.68186,0.73077
1317354956.04659,176.17980,-35.00653,2.81882,-0.03277,0.00840,0.68205,0.73052
1317354956.25479,176.26355,-33.12512,2.74144,-0.03363,0.00815,0.68319,0.72942
1317354956.56727,176.37411,-30.34912,2.58417,-0.03307,0.00884,0.68523,0.72752
1317354956.77569,176.45242,-28.53456,2.50252,-0.03371,0.00880,0.68707,0.72575
1317354956.98410,176.49484,-26.78049,2.42395,-0.03406,0.00902,0.68810,0.72476
1317354957.29657,176.57012,-24.20211,2.31551,-0.03467,0.00885,0.68977,0.72314
1317354957.50506,176.58868,-22.58958,2.25099,-0.03619,0.00847,0.68982,0.72303
1317354957.60927,176.59686,-21.78189,2.20744,-0.03616,0.00802,0.68922,0.72360
1317354957.71363,176.61682,-21.11444,2.17888,-0.03618,0.00741,0.68845,0.72434
1317354957.81790,176.64656,-20.37185,2.14772,-0.03598,0.00700,0.68750,0.72526
1317354958.23508,176.73565,-17.29869,2.03521,-0.03418,0.00744,0.68353,0.72909
1317354958.65202,176.86055,-14.35236,1.91574,-0.03339,0.00968,0.68042,0.73200
1317354958.96483,176.99502,-12.36049,1.82078,-0.03337,0.00956,0.67943,0.73292
1317354959.17329,177.04310,-11.14252,1.76024,-0.03408,0.00961,0.67814,0.73408
1317354959.48606,177.17650,-9.25443,1.67906,-0.03552,0.01059,0.67587,0.73609
1317354960.00740,177.34463,-6.39699,1.55718,-0.03496,0.01303,0.66921,0.74213
1317354960.73771,177.66560,-3.12543,1.44572,-0.03219,0.01207,0.64801,0.76086
1317354961.57249,178.29884,0.10210,1.32766,-0.00724,0.01243,0.59375,0.80452
1317354962.61649,179.63372,3.28456,1.30910,-0.00161,0.01640,0.46854,0.88329
1317354963.24292,181.01200,5.03615,1.24874,0.00380,0.00611,0.35692,0.93411
1317354963.76444,182.37312,6.17536,1.26882,0.00369,0.00583,0.25152,0.96783
1317354963.97373,183.13940,6.63115,1.25452,0.00288,0.00341,0.20989,0.97771
1317354964.39073,185.05012,7.41762,1.25043,-0.00238,0.00246,0.12677,0.99193
1317354964.91057,188.05733,7.99386,1.25651,-0.00239,-0.00210,0.03867,0.99925
1317354965.53401,191.80498,8.19542,1.32963,0.00441,-0.00105,-0.00171,0.99999
1317354966.15715,196.58902,8.30422,1.40921,0.00737,-0.00079,0.00054,0.99997
1317354966.78132,201.58239,8.42795,1.52624,0.00343,0.00330,0.00633,0.99997
1317354967.30216,205.78506,8.59868,1.55489,-0.00177,0.00162,0.00799,0.99997
1317354967.71854,209.08371,8.72186,1.59552,0.00003,0.00412,0.01103,0.99993
1317354968.13530,211.79552,8.89236,1.64319,-0.00106,0.00751,0.01427,0.99987
1317354968.55219,215.09081,9.06146,1.64679,-0.00113,0.00552,0.01756,0.99983
1317354968.86491,217.29577,9.21133,1.65553,-0.00373,0.00741,0.01718,0.99982
1317354969.59445,222.27110,9.51733,1.66740,-0.00420,0.00805,0.01945,0.99977
1317354970.42820,226.72499,9.87104,1.68227,-0.00457,0.00840,0.02723,0.99958
1317354971.36771,230.43480,10.03992,1.69709,-0.00840,0.00582,-0.04918,0.99874
1317354971.99496,233.26556,9.50568,1.72605,-0.00096,0.00150,-0.15315,0.98820
1317354972.93492,236.45911,7.93467,1.76523,0.00181,-0.01315,-0.34687,0.93782
1317354973.56097,238.35840,6.04156,1.79822,-0.00968,-0.01520,-0.48510,0.87427
1317354973.97809,239.27475,4.55430,1.87519,-0.02288,-0.00493,-0.57284,0.81934
1317354974.60244,240.11589,1.41903,2.04592,-0.01933,-0.01093,-0.65711,0.75347
1317354975.12239,240.44391,-1.71062,2.19162,-0.01939,-0.01256,-0.69965,0.71411
1317354975.43408,240.48019,-3.43155,2.27081,-0.01630,-0.00975,-0.71639,0.69744
1317354975.64191,240.43271,-4.87490,2.36205,-0.01406,-0.01246,-0.72212,0.69152
1317354976.16135,240.29490,-8.78136,2.48300,-0.01270,-0.01120,-0.72607,0.68741
1317354976.57706,240.18806,-12.01807,2.65172,-0.00715,-0.01017,-0.72524,0.68838
1317354976.88896,240.12128,-14.52164,2.74898,-0.00626,-0.01189,-0.72173,0.69204
1317354977.20100,240.08797,-16.99837,2.85231,-0.00691,-0.01174,-0.71854,0.69535
1317354977.51313,240.07578,-19.34653,2.97088,-0.00706,-0.00866,-0.71625,0.69775
1317354977.82546,240.09234,-21.79604,3.06111,-0.00943,-0.00551,-0.71495,0.69909
1317354978.03373,240.10053,-23.41617,3.11191,-0.01015,-0.00572,-0.71460,0.69944
1317354978.13784,240.10217,-24.24505,3.14656,-0.00978,-0.00547,-0.71457,0.69948
1317354978.34606,240.10077,-25.87471,3.21195,-0.00805,-0.00550,-0.71480,0.69926
1317354978.45019,240.10455,-26.72772,3.23787,-0.00836,-0.00527,-0.71511,0.69894
1317354978.55446,240.10528,-27.56988,3.26783,-0.00828,-0.00496,-0.71529,0.69876
1317354978.65854,240.12303,-28.43594,3.30816,-0.00817,-0.00436,-0.71594,0.69810
1317354978.76281,240.12276,-29.22241,3.33464,-0.00921,-0.00285,-0.71650,0.69752
1317354978.86710,240.11741,-30.06351,3.35885,-0.00982,-0.00195,-0.71733,0.69666
1317354978.97123,240.11820,-30.90777,3.38657,-0.01006,-0.00127,-0.71817,0.69579
1317354979.07534,240.12403,-31.70803,3.41445,-0.01077,0.00027,-0.71889,0.69504
1317354979.17956,240.11248,-32.54785,3.41018,-0.01123,0.00330,-0.71958,0.69431
1317354979.28368,240.11012,-33.36503,3.43994,-0.00995,0.00538,-0.72021,0.69366
1317354979.38780,240.10338,-34.10171,3.46071,-0.00913,0.00637,-0.72058,0.69329
1317354979.49205,240.08374,-34.94637,3.45115,-0.01105,0.00393,-0.72056,0.69329
1317354979.59627,240.08237,-35.71195,3.46876,-0.01100,0.00224,-0.72071,0.69315
1317354979.70035,240.07690,-36.55686,3.47170,-0.01280,0.00145,-0.72057,0.69326
1317354979.80446,240.05320,-37.34618,3.50305,-0.01130,0.00127,-0.72044,0.69343
1317354979.90868,240.03877,-38.11273,3.52968,-0.01164,0.00120,-0.72050,0.69336
1317354980.01280,240.04095,-38.94317,3.54444,-0.01268,0.00216,-0.72111,0.69270
1317354980.11716,240.03126,-39.67164,3.57673,-0.01335,0.00388,-0.72156,0.69221
1317354980.22156,240.01929,-40.48671,3.59982,-0.01336,0.00494,-0.72203,0.69171
1317354980.32605,240.01375,-41.26756,3.62204,-0.01240,0.00600,-0.72280,0.69092
1317354980.42958,240.00497,-42.08402,3.64516,-0.01233,0.00692,-0.72340,0.69029
1317354980.63795,239.97447,-43.55582,3.68219,-0.01245,0.00417,-0.72359,0.69011
1317354980.74207,239.95144,-44.34464,3.70063,-0.01185,0.00389,-0.72340,0.69031
1317354980.95044,239.91239,-45.91567,3.74620,-0.01027,0.00483,-0.72274,0.69103
1317354981.15876,239.90735,-47.49584,3.78091,-0.01044,0.00745,-0.72268,0.69106
1317354981.26296,239.89055,-48.20154,3.80083,-0.00949,0.00673,-0.72250,0.69127
1317354981.47135,239.86312,-49.74983,3.81657,-0.01190,0.00445,-0.72246,0.69130
1317354981.68066,239.82039,-51.27913,3.86306,-0.00797,0.00407,-0.72237,0.69144
1317354981.78384,239.81650,-51.96853,3.88640,-0.00743,0.00266,-0.72278,0.69104
1317354981.88799,239.81035,-52.70091,3.90126,-0.01121,0.00109,-0.72307,0.69069
1317354982.09633,239.77610,-54.11781,3.92797,-0.01563,-0.00594,-0.72209,0.69160
1317354982.20054,239.75490,-54.86363,3.95545,-0.01336,-0.00594,-0.72185,0.69190
1317354982.40884,239.72691,-56.34995,4.02263,-0.00966,-0.00125,-0.72050,0.69338
1317354982.51298,239.72007,-57.09397,4.05355,-0.00927,0.00040,-0.71985,0.69406
1317354982.61721,239.71626,-57.97824,4.06080,-0.00928,-0.00067,-0.71922,0.69472
1317354982.82564,239.71616,-59.47787,4.11678,-0.01114,0.00404,-0.71926,0.69464
1317354983.13825,239.70253,-61.64186,4.16480,-0.01328,0.00530,-0.72050,0.69331
1317354983.24243,239.71000,-62.32398,4.19053,-0.01390,0.00598,-0.72127,0.69249
1317354983.55502,239.64166,-64.33507,4.26135,-0.01195,0.00642,-0.72217,0.69158
1317354983.86731,239.60521,-66.26782,4.31349,-0.01372,0.00662,-0.72128,0.69248
1317354984.17984,239.55523,-68.22205,4.37407,-0.01643,0.00464,-0.72066,0.69308
1317354984.38828,239.55188,-69.55726,4.41728,-0.01633,0.00687,-0.72055,0.69318
1317354984.70083,239.51277,-71.49666,4.48521,-0.01430,0.00621,-0.72149,0.69225
1317354984.90930,239.50922,-72.81835,4.50814,-0.01484,0.00759,-0.72373,0.68989
1317354985.22208,239.46081,-74.76544,4.56967,-0.01454,0.00437,-0.72731,0.68615
1317354985.53494,239.40676,-76.67247,4.62042,-0.01729,0.00499,-0.73366,0.67928
1317354985.84777,239.23440,-78.80786,4.69032,-0.01651,0.00381,-0.73899,0.67350
1317354986.16048,239.09004,-80.99592,4.76005,-0.01544,0.00682,-0.74500,0.66685
1317354986.36885,238.94755,-82.50341,4.79268,-0.01571,0.00425,-0.74862,0.66280
1317354986.57719,238.82555,-83.85113,4.82352,-0.01565,0.00110,-0.75164,0.65939
1317354986.88988,238.56454,-86.29733,4.89252,-0.01083,0.00131,-0.75546,0.65511
1317354987.09808,238.37250,-87.93321,4.93671,-0.00670,0.00111,-0.75675,0.65367
1317354987.30768,238.19541,-89.43106,4.99268,-0.00662,0.00004,-0.75673,0.65369
1317354987.61868,237.87735,-92.18459,5.04575,-0.00328,-0.00598,-0.75597,0.65458
1317354987.93096,237.54159,-95.03488,5.10746,0.00205,-0.00920,-0.75199,0.65911
1317354988.13908,237.35316,-96.96107,5.16028,0.00288,-0.00800,-0.74909,0.66241
1317354988.45130,237.08243,-99.98607,5.20782,0.00386,-0.00852,-0.74411,0.66799
1317354988.65947,236.91927,-101.99130,5.24454,0.00296,-0.00841,-0.74135,0.67106
1317354988.76369,236.90653,-102.39169,5.25312,-0.00080,-0.01059,-0.74069,0.67177
1317354988.97202,236.75851,-104.44324,5.32017,-0.00114,-0.01296,-0.73980,0.67271
1317354989.18023,236.58996,-106.43528,5.38984,0.00473,-0.01120,-0.73884,0.67377
1317354989.38843,236.44835,-108.49928,5.43883,0.00633,-0.00851,-0.73834,0.67434
1317354989.59758,236.31705,-110.37239,5.48593,0.00556,-0.01095,-0.73757,0.67516
1317354989.80497,236.21152,-112.30657,5.52291,0.00536,-0.01144,-0.73699,0.67579
1317354990.01340,236.10015,-114.40109,5.57606,0.00490,-0.01049,-0.73634,0.67651
1317354990.22166,235.96292,-116.45216,5.60343,0.00272,-0.01130,-0.73453,0.67848
1317354990.63809,235.75099,-120.45018,5.70037,0.00601,-0.00805,-0.73079,0.68253
1317354990.95053,235.62887,-123.49224,5.76690,0.00370,-0.00207,-0.72917,0.68431
1317354991.15875,235.54317,-125.48040,5.79898,0.00120,0.00011,-0.72869,0.68485
1317354991.36707,235.48231,-127.12339,5.83028,-0.00200,-0.00087,-0.72885,0.68467
1317354991.67943,235.37234,-130.04311,5.89832,-0.00099,-0.00144,-0.72933,0.68416
1317354991.88816,235.31955,-131.81606,5.94948,0.00033,0.00214,-0.73062,0.68278
1317354992.09617,235.24102,-133.54740,5.97416,-0.00134,0.00530,-0.73241,0.68085
1317354992.30456,235.14204,-135.44625,5.99804,-0.00113,0.00510,-0.73489,0.67816
1317354992.40860,235.09839,-136.40073,6.00532,-0.00149,0.00559,-0.73652,0.67639
1317354992.51272,235.04230,-137.25491,6.01751,-0.00216,0.00595,-0.73778,0.67502
1317354992.61681,234.98518,-138.17150,6.02496,-0.00363,0.00589,-0.73914,0.67352
1317354992.72109,234.91084,-139.12260,6.03933,-0.00250,0.00426,-0.74059,0.67194
1317354992.82525,234.84267,-140.05640,6.04660,-0.00225,0.00485,-0.74253,0.66979
1317354992.92934,234.77816,-141.00806,6.06826,-0.00277,0.00485,-0.74530,0.66670
1317354993.03358,234.71933,-141.88449,6.06921,-0.00306,0.00548,-0.74817,0.66348
1317354993.13786,234.62137,-142.70128,6.11230,-0.00194,0.00672,-0.75083,0.66046
1317354993.24198,234.52164,-143.67353,6.11933,-0.00074,0.00866,-0.75397,0.65685
1317354993.34620,234.44655,-144.39942,6.11859,-0.00008,0.00743,-0.75681,0.65359
1317354993.45034,234.33632,-145.37088,6.12156,-0.00068,0.00793,-0.75992,0.64997
1317354993.55458,234.21923,-146.18335,6.13236,0.00071,0.00771,-0.76273,0.64667
1317354993.76294,233.93193,-148.06488,6.13755,0.00078,0.00548,-0.76877,0.63950
1317354993.97147,233.61537,-149.97878,6.15190,0.00178,0.00394,-0.77552,0.63131
1317354994.17981,233.25245,-151.90580,6.16706,0.00389,0.00081,-0.78227,0.62292
1317354994.59635,232.45007,-155.49787,6.20133,0.00966,-0.00630,-0.78896,0.61434
1317354994.90846,231.81363,-158.29286,6.22894,0.01204,-0.01275,-0.78716,0.61650
1317354995.11632,231.42052,-159.99167,6.25838,0.01812,-0.01545,-0.78314,0.62139
1317354995.42836,230.88574,-162.90507,6.30923,0.02060,-0.01749,-0.77863,0.62690
1317354995.74048,230.31107,-165.82128,6.31728,0.01749,-0.02018,-0.77241,0.63456
1317354995.94857,230.00354,-167.73348,6.36066,0.01953,-0.01704,-0.76819,0.63970
1317354996.15670,229.72991,-169.55047,6.37004,0.02020,-0.01673,-0.76456,0.64401
1317354996.36518,229.46929,-171.38945,6.39088,0.01810,-0.01876,-0.76296,0.64593
1317354996.57346,229.19862,-173.16675,6.42125,0.01923,-0.01859,-0.76243,0.64652
1317354996.88608,228.81220,-175.70448,6.46810,0.02607,-0.01525,-0.76149,0.64747
1317354997.09456,228.57695,-177.37882,6.47255,0.02327,-0.01869,-0.76118,0.64785
1317354997.40718,228.24093,-179.84885,6.47447,0.02162,-0.01879,-0.76170,0.64730
1317354997.71993,227.88300,-182.33786,6.48586,0.02735,-0.01710,-0.76287,0.64574
1317354997.92845,227.62892,-183.94979,6.50203,0.02885,-0.01961,-0.76375,0.64456
1317354998.03268,227.49584,-184.83069,6.49774,0.02678,-0.02240,-0.76384,0.64446
1317354998.13719,227.36970,-185.62488,6.49751,0.02519,-0.02498,-0.76338,0.64498
1317354998.24157,227.24371,-186.43334,6.49072,0.02549,-0.02592,-0.76251,0.64595
1317354998.34588,227.12842,-187.24443,6.50787,0.02302,-0.02425,-0.76181,0.64694
1317354998.55357,226.91033,-188.87439,6.53491,0.02673,-0.02112,-0.75880,0.65043
1317354998.65839,226.80518,-189.65386,6.54733,0.02696,-0.01999,-0.75734,0.65216
1317354998.86598,226.63418,-191.19612,6.54640,0.02740,-0.02258,-0.75493,0.65484
1317354998.97024,226.53342,-191.99117,6.55410,0.02675,-0.02387,-0.75378,0.65614
1317354999.07433,226.44207,-192.83538,6.56136,0.02688,-0.02277,-0.75293,0.65716
1317354999.17845,226.34858,-193.59674,6.56760,0.02807,-0.02094,-0.75229,0.65790
1317354999.28277,226.24407,-194.44963,6.57293,0.02921,-0.01970,-0.75160,0.65868
1317354999.38682,226.14771,-195.36849,6.58125,0.02948,-0.01889,-0.75135,0.65897
1317354999.49106,226.08193,-196.16353,6.58205,0.02799,-0.01966,-0.75135,0.65902
1317354999.69959,225.92090,-197.65950,6.58493,0.02317,-0.01931,-0.75104,0.65957
1317355000.01216,225.70260,-199.78805,6.62010,0.02402,-0.01398,-0.75142,0.65924
1317355000.63732,225.27227,-203.76301,6.67306,0.02111,-0.01451,-0.75096,0.65985
1317355001.15863,225.01344,-206.17965,6.68635,0.01604,-0.01530,-0.75248,0.65824
1317355001.88925,224.63867,-209.14261,6.73924,0.01920,-0.01632,-0.76344,0.64538
1317355002.82810,224.31922,-211.36929,6.79997,0.01875,-0.01748,-0.77701,0.62897
1317355003.55746,224.14956,-212.44801,6.83286,0.01323,-0.01627,-0.80070,0.59870
1317355004.07911,223.66934,-214.07669,6.84312,0.02454,-0.02882,-0.83602,0.54739
1317355004.70513,222.54525,-216.41690,6.84908,0.01969,-0.01867,-0.87784,0.47819
1317355005.22683,221.15626,-218.37321,6.82894,0.02206,-0.01619,-0.91552,0.40134
1317355005.53958,220.07500,-219.53579,6.80051,0.02375,-0.01220,-0.93649,0.34969
1317355005.85250,218.65007,-220.69443,6.74847,0.02345,-0.00927,-0.95477,0.29629
1317355006.06098,217.67453,-221.35011,6.71268,0.02228,-0.00973,-0.96484,0.26170
1317355006.37359,216.06847,-222.29558,6.66805,0.02247,-0.00727,-0.97736,0.21024
1317355006.68632,214.34422,-222.99611,6.60880,0.02741,-0.00438,-0.98727,0.15661
1317355006.89487,212.98543,-223.44155,6.55931,0.03090,-0.00407,-0.99250,0.11822
1317355007.10353,211.64270,-223.76186,6.50024,0.02933,-0.00450,-0.99641,0.07933
1317355007.31191,210.25915,-223.96805,6.43202,0.02740,-0.00662,-0.99882,0.03963
1317355007.41616,209.53847,-224.03752,6.40162,0.02504,-0.00779,-0.99945,0.02033
1317355007.52021,208.79654,-224.09333,6.36647,0.02118,-0.00717,-0.99975,0.00280
1317355007.62432,208.02049,-224.12528,6.33834,0.01866,-0.00644,-0.99971,-0.01350
1317355007.72853,207.28639,-224.08708,6.31429,0.01933,-0.00768,-0.99938,-0.02826
1317355007.83259,206.58097,-224.07276,6.29820,0.01997,-0.00738,-0.99887,-0.04247
1317355007.93675,205.85655,-224.00758,6.28135,0.02122,-0.00889,-0.99821,-0.05525
1317355008.04071,205.05214,-223.92903,6.23999,0.02154,-0.00627,-0.99753,-0.06651
1317355008.14474,204.33800,-223.85453,6.22742,0.02211,-0.00616,-0.99674,-0.07740
1317355008.24884,203.58239,-223.74956,6.20130,0.02410,-0.00540,-0.99589,-0.08712
1317355008.35286,202.85074,-223.62923,6.17939,0.02480,-0.00406,-0.99500,-0.09665
1317355008.45683,202.12969,-223.50102,6.15494,0.02736,-0.00351,-0.99390,-0.10677
1317355008.66499,200.60073,-223.18923,6.10045,0.03192,-0.00113,-0.99148,-0.12630
1317355008.87314,199.01368,-222.80063,6.00070,0.03226,0.00161,-0.98907,-0.14386
1317355009.18533,196.54973,-222.11230,5.88785,0.02345,0.00511,-0.98625,-0.16350
1317355009.70546,192.50086,-220.74875,5.75034,0.02390,-0.00211,-0.98357,-0.17892
1317355009.91420,190.79129,-220.13673,5.68316,0.02259,-0.00266,-0.98307,-0.18184
1317355010.12173,189.14493,-219.54611,5.62516,0.02214,-0.00447,-0.98308,-0.18176
1317355010.32990,187.49783,-218.94007,5.56456,0.02275,-0.00629,-0.98363,-0.17863
1317355010.53897,185.99119,-218.41750,5.51589,0.02414,-0.00717,-0.98453,-0.17337
1317355010.74599,184.58648,-217.96191,5.47392,0.02487,-0.00804,-0.98554,-0.16743
1317355010.95401,182.90836,-217.42578,5.41410,0.02538,-0.00855,-0.98659,-0.16099
1317355011.16223,181.27646,-216.93240,5.35602,0.02634,-0.00938,-0.98751,-0.15507
1317355011.37036,179.70750,-216.46808,5.29830,0.02778,-0.00855,-0.98828,-0.14987
1317355011.57871,178.21497,-216.04901,5.24195,0.02914,-0.00676,-0.98870,-0.14688
1317355011.78714,176.88699,-215.68107,5.18389,0.02884,-0.00694,-0.98883,-0.14606
1317355011.89137,176.20296,-215.49621,5.15798,0.02841,-0.00707,-0.98878,-0.14645
1317355012.10199,175.21129,-215.21533,5.13056,0.02920,-0.00580,-0.98870,-0.14695
1317355012.30897,173.94710,-214.88455,5.07668,0.02921,-0.00579,-0.98820,-0.15023
1317355012.51698,172.90652,-214.58735,5.04487,0.02907,-0.00528,-0.98749,-0.15487
1317355012.82999,171.17264,-214.05891,4.97428,0.02844,-0.00362,-0.98548,-0.16736
1317355013.14311,169.66463,-213.53603,4.92013,0.02819,-0.00368,-0.98104,-0.19172
1317355013.45655,168.26348,-212.95283,4.86702,0.02668,-0.00124,-0.97277,-0.23024
1317355013.77009,166.87374,-212.21781,4.80437,-0.01900,-0.00956,-0.95554,-0.29409
1317355014.29289,164.53813,-210.24412,4.93251,-0.02133,-0.01023,-0.91298,-0.40731
1317355014.50176,163.88937,-209.50379,4.96548,-0.01971,-0.01087,-0.89055,-0.45432
1317355014.71039,163.32995,-208.72773,4.99855,-0.01940,-0.01359,-0.86562,-0.50015
1317355014.81475,163.10763,-208.36763,5.01173,-0.02033,-0.01274,-0.85210,-0.52282
1317355014.91911,162.87755,-207.95292,5.03520,-0.01668,-0.01154,-0.83829,-0.54484
1317355015.02352,162.67476,-207.53269,5.05639,-0.01536,-0.01142,-0.82410,-0.56612
1317355015.33622,162.22668,-206.33254,5.09458,-0.01566,-0.01230,-0.78044,-0.62491
1317355015.44047,162.09181,-205.86141,5.11901,-0.01405,-0.01274,-0.76677,-0.64164
1317355015.64860,161.92152,-204.82308,5.13324,-0.01184,-0.01565,-0.74263,-0.66942
1317355016.06449,161.77890,-203.11721,5.15961,-0.01108,-0.01394,-0.70749,-0.70650
1317355016.48014,161.78567,-200.62903,5.17751,-0.00884,-0.01013,-0.68664,-0.72687
1317355016.68818,161.81085,-199.29784,5.19454,-0.00812,-0.01082,-0.67722,-0.73566
1317355017.00001,161.98218,-197.19076,5.21523,-0.00886,-0.01068,-0.66922,-0.74293
1317355017.31199,162.08625,-195.67786,5.23308,-0.00847,-0.01006,-0.66866,-0.74345
1317355017.51999,162.24303,-194.06381,5.23789,-0.00667,-0.00817,-0.66892,-0.74326
1317355017.72824,162.37514,-192.41817,5.25378,-0.00616,-0.00694,-0.66813,-0.74398
1317355018.04062,162.59549,-189.90538,5.27085,-0.00468,-0.00675,-0.66662,-0.74535
1317355018.24888,162.77732,-188.11836,5.28460,-0.00366,-0.00757,-0.66555,-0.74631
1317355018.56152,163.03592,-185.34027,5.28204,-0.00279,-0.00723,-0.66238,-0.74913
1317355018.97834,163.45665,-181.54517,5.32123,-0.00391,-0.00889,-0.65871,-0.75233
1317355019.29074,163.78522,-178.64843,5.34248,-0.00430,-0.00952,-0.65921,-0.75189
1317355019.60323,164.06609,-175.91486,5.35563,-0.00321,-0.00964,-0.65972,-0.75144
1317355019.81147,164.26415,-173.96590,5.36520,-0.00245,-0.00983,-0.66004,-0.75116
1317355019.91558,164.38055,-173.04070,5.37242,-0.00303,-0.00992,-0.66049,-0.75076
1317355020.01973,164.48228,-172.06061,5.36657,-0.00368,-0.00885,-0.66058,-0.75070
1317355020.12400,164.58152,-171.11797,5.38233,-0.00243,-0.00803,-0.66053,-0.75075
1317355020.22814,164.68635,-170.13950,5.38318,-0.00019,-0.00886,-0.66017,-0.75106
1317355020.33226,164.78340,-169.21948,5.39567,-0.00021,-0.01027,-0.65997,-0.75122
1317355020.43637,164.90491,-168.25865,5.39730,0.00010,-0.01140,-0.66008,-0.75111
1317355020.54049,165.02305,-167.29628,5.38731,-0.00007,-0.01124,-0.66004,-0.75114
1317355020.64459,165.11482,-166.31790,5.37541,0.00045,-0.01077,-0.65976,-0.75140
1317355020.74886,165.20925,-165.34922,5.37845,0.00074,-0.01037,-0.65959,-0.75155
1317355020.85301,165.30733,-164.41536,5.38114,0.00108,-0.01063,-0.65932,-0.75179
1317355021.06123,165.53541,-162.44110,5.37631,0.00162,-0.01030,-0.65908,-0.75200
1317355021.26952,165.77193,-160.48489,5.36960,0.00094,-0.01046,-0.65926,-0.75184
1317355021.47784,165.97514,-158.57831,5.37764,0.00058,-0.01004,-0.65965,-0.75151
1317355021.68622,166.15828,-156.80623,5.38199,0.00088,-0.00995,-0.65965,-0.75151
1317355021.89470,166.39874,-154.65798,5.36224,0.00132,-0.01082,-0.65957,-0.75156
1317355022.10313,166.62118,-152.66790,5.36065,0.00068,-0.01089,-0.65886,-0.75219
1317355022.31150,166.82150,-150.75672,5.35600,0.00037,-0.00948,-0.65698,-0.75385
1317355022.62426,167.10771,-147.97419,5.37778,-0.00092,-0.01168,-0.65450,-0.75597
1317355022.93698,167.45725,-145.26848,5.37677,-0.00338,-0.01680,-0.65357,-0.75668
1317355023.14542,167.64529,-143.57296,5.38678,-0.00358,-0.01518,-0.65377,-0.75654
1317355023.24963,167.75216,-142.58542,5.37368,-0.00549,-0.01458,-0.65387,-0.75645
1317355023.45797,168.01860,-140.58049,5.39277,-0.00430,-0.01342,-0.65571,-0.75488
1317355023.66625,168.19785,-138.79867,5.38487,-0.00492,-0.01414,-0.65825,-0.75265
1317355023.97871,168.50445,-135.72178,5.39656,-0.00419,-0.01583,-0.66399,-0.74756
1317355024.18696,168.66299,-133.86793,5.39114,-0.00252,-0.01572,-0.66741,-0.74452
1317355024.39537,168.81379,-132.25212,5.39967,-0.00270,-0.01431,-0.67025,-0.74200
1317355024.70788,169.07830,-128.99847,5.32274,-0.00649,-0.01313,-0.67217,-0.74025
1317355024.81209,169.11593,-128.19697,5.32616,-0.00617,-0.01597,-0.67213,-0.74024
1317355025.02047,169.28467,-125.93936,5.31975,-0.00584,-0.01813,-0.67221,-0.74011
1317355025.22897,169.44699,-123.72079,5.27846,-0.00361,-0.01841,-0.67262,-0.73975
1317355025.54150,169.64212,-120.36730,5.22600,-0.00319,-0.01911,-0.67239,-0.73994
1317355025.85397,169.86684,-117.20828,5.21410,-0.00323,-0.01824,-0.67204,-0.74029
1317355026.27065,170.16556,-112.81809,5.19485,-0.00395,-0.01909,-0.67123,-0.74099
1317355026.68724,170.44307,-108.62310,5.18907,-0.00456,-0.01899,-0.67093,-0.74126
1317355026.99973,170.68571,-105.27678,5.16608,-0.00225,-0.01890,-0.67145,-0.74080
1317355027.20817,170.86128,-103.08483,5.15593,-0.00185,-0.01862,-0.67224,-0.74010
1317355027.41638,170.98266,-101.15486,5.14033,0.00088,-0.01830,-0.67160,-0.74069
1317355027.52064,171.06275,-100.04913,5.12148,0.00193,-0.01662,-0.67074,-0.74151
1317355027.62472,171.11092,-99.01978,5.10314,0.00120,-0.01473,-0.66957,-0.74260
1317355027.83325,171.29397,-96.74642,5.08130,0.00223,-0.01113,-0.66714,-0.74485
1317355028.14574,171.68712,-93.10063,5.03129,0.00259,-0.01507,-0.66380,-0.74776
1317355028.45823,172.00139,-89.73596,5.00826,0.00404,-0.01737,-0.65990,-0.75114
1317355028.66678,172.20816,-87.55113,4.98537,0.00276,-0.01587,-0.65816,-0.75270
1317355029.08310,172.60291,-83.17875,4.90442,-0.00298,-0.01783,-0.65615,-0.75441
1317355029.39535,172.97313,-80.01994,4.94284,-0.00588,-0.02247,-0.65747,-0.75313
1317355029.81173,173.41575,-75.58836,4.84107,-0.00820,-0.02364,-0.66116,-0.74983
1317355030.12426,173.72636,-72.39818,4.82584,-0.00927,-0.02482,-0.66508,-0.74630
1317355030.43662,174.01802,-68.87708,4.81534,-0.00710,-0.02643,-0.66829,-0.74340
1317355030.74888,174.27243,-65.34014,4.76111,-0.00892,-0.02640,-0.67020,-0.74166
1317355030.95710,174.43090,-63.28826,4.73878,-0.00976,-0.02621,-0.67187,-0.74014
1317355031.06109,174.50859,-62.07485,4.72618,-0.00972,-0.02589,-0.67242,-0.73965
1317355031.16524,174.57219,-61.19952,4.72621,-0.00809,-0.02705,-0.67341,-0.73873
1317355031.26938,174.67170,-59.98433,4.71135,-0.00707,-0.02811,-0.67462,-0.73760
1317355031.37354,174.72846,-58.85704,4.69027,-0.00708,-0.02795,-0.67555,-0.73675
1317355031.58175,174.86162,-56.75566,4.65933,-0.00670,-0.02746,-0.67735,-0.73511
1317355031.79000,174.99578,-54.35193,4.64619,-0.00650,-0.02660,-0.67853,-0.73406
1317355031.99831,175.13272,-51.93674,4.60869,-0.00606,-0.02694,-0.67979,-0.73289
1317355032.31075,175.29538,-48.29902,4.56282,-0.00588,-0.02587,-0.68067,-0.73211
1317355032.51900,175.39958,-45.88740,4.54131,-0.00921,-0.02521,-0.68118,-0.73162
1317355032.72724,175.47046,-44.34197,4.52566,-0.01082,-0.02410,-0.68196,-0.73091
1317355032.83138,175.52998,-43.18564,4.52331,-0.01003,-0.02643,-0.68274,-0.73012
1317355033.03993,175.64210,-40.87261,4.51217,-0.00880,-0.02847,-0.68382,-0.72904
1317355033.24802,175.71519,-38.53709,4.48647,-0.00668,-0.02815,-0.68428,-0.72865
1317355033.45622,175.78921,-36.58509,4.47283,-0.00434,-0.02819,-0.68532,-0.72769
1317355033.76866,175.92897,-33.28819,4.40105,-0.00233,-0.02612,-0.68684,-0.72633
1317355034.08107,175.99226,-30.16952,4.36084,0.00038,-0.02662,-0.68855,-0.72470
1317355034.18511,176.01463,-29.35423,4.34004,0.00066,-0.02554,-0.68924,-0.72408
1317355034.39370,176.06395,-27.46113,4.29213,0.00052,-0.02482,-0.69083,-0.72259
1317355034.60178,176.09969,-25.64660,4.27455,-0.00000,-0.02503,-0.69185,-0.72161
1317355034.81013,176.14162,-23.78843,4.23943,0.00303,-0.02353,-0.69237,-0.72115
1317355034.91436,176.15803,-22.99294,4.22635,0.00323,-0.02229,-0.69231,-0.72125
1317355035.01860,176.15572,-22.09116,4.20837,0.00327,-0.02244,-0.69098,-0.72252
1317355035.12291,176.17785,-21.32339,4.19073,0.00344,-0.02170,-0.68970,-0.72376
1317355035.22711,176.20835,-20.47903,4.17258,0.00398,-0.02093,-0.68772,-0.72566
1317355035.53998,176.29127,-17.96501,4.13126,0.00420,-0.02045,-0.67794,-0.73482
1317355035.95741,176.49666,-15.02958,4.09270,0.00174,-0.02402,-0.66128,-0.74975
1317355036.37450,176.88305,-12.14786,4.03093,-0.00250,-0.02939,-0.64690,-0.76200
1317355036.68698,177.21406,-9.98797,3.99564,-0.00584,-0.03444,-0.64151,-0.76632
1317355036.79111,177.31410,-9.30697,3.99115,-0.00717,-0.03633,-0.64117,-0.76650
1317355036.99940,177.51513,-8.02580,3.95775,-0.00928,-0.03912,-0.64273,-0.76504
1317355037.31176,177.76587,-6.32178,3.93198,-0.01037,-0.04201,-0.64725,-0.76105
1317355037.62413,177.98198,-4.58202,3.88900,-0.01136,-0.04383,-0.65210,-0.75678
1317355038.66626,178.41635,-0.66096,3.78964,-0.01206,-0.03760,-0.66584,-0.74505
1317355040.54248,178.62209,2.75155,3.73074,-0.01406,-0.03194,-0.67977,-0.73260
1317355041.48043,178.71472,5.59708,3.67839,-0.01433,-0.01981,-0.68875,-0.72459
1317355041.89731,178.75801,7.44326,3.67994,-0.00914,-0.02294,-0.68715,-0.72609
1317355042.20999,178.81279,9.04821,3.64646,-0.00655,-0.02973,-0.68596,-0.72700
1317355042.52276,178.87703,10.61119,3.60148,-0.01336,-0.03578,-0.68603,-0.72657
1317355042.73121,178.93689,11.91003,3.55778,-0.01263,-0.03517,-0.68766,-0.72507
1317355042.93951,179.00000,13.28189,3.52161,-0.01373,-0.03968,-0.68986,-0.72273
1317355043.35642,179.02255,16.19282,3.44339,-0.02076,-0.02749,-0.69247,-0.72062
1317355043.56486,179.05750,17.63371,3.43127,-0.01753,-0.03230,-0.69343,-0.71959
1317355043.66912,179.07754,18.44815,3.43848,-0.01608,-0.03329,-0.69394,-0.71908
1317355043.87804,179.06960,20.14094,3.39215,-0.01801,-0.03071,-0.69461,-0.71851
1317355044.08615,179.11023,21.90660,3.36204,-0.01653,-0.02825,-0.69567,-0.71762
1317355044.29452,179.11045,23.70424,3.36079,-0.01322,-0.03050,-0.69581,-0.71745
1317355044.50299,179.12790,25.55542,3.31983,-0.01093,-0.03150,-0.69622,-0.71705
1317355044.71149,179.15618,27.48076,3.27965,-0.01224,-0.03223,-0.69586,-0.71734
1317355044.81574,179.15929,28.44371,3.26093,-0.01369,-0.03181,-0.69520,-0.71798
1317355044.92006,179.16339,29.42595,3.23623,-0.01200,-0.03038,-0.69468,-0.71858
1317355045.02432,179.17847,30.54614,3.21740,-0.01090,-0.03047,-0.69414,-0.71911
1317355045.12849,179.19491,31.56100,3.20597,-0.01014,-0.03110,-0.69351,-0.71971
1317355045.33704,179.20144,33.61972,3.17428,-0.00988,-0.03199,-0.69221,-0.72092
1317355045.54538,179.26997,35.70766,3.12777,-0.01161,-0.03305,-0.69182,-0.72122
1317355045.75389,179.30921,37.84066,3.08716,-0.01181,-0.03276,-0.69198,-0.72108
1317355046.06636,179.32827,40.92342,3.01855,-0.01031,-0.03031,-0.69268,-0.72053
1317355046.27483,179.33758,42.83368,2.99325,-0.00917,-0.03030,-0.69303,-0.72021
1317355046.48307,179.35603,45.01210,2.97010,-0.00597,-0.03086,-0.69345,-0.71982
1317355046.69143,179.38304,47.16209,2.92537,-0.00553,-0.03144,-0.69307,-0.72017
1317355046.89964,179.41359,49.32184,2.88482,-0.00473,-0.03293,-0.69300,-0.72017
1317355047.10802,179.44808,51.49028,2.81503,-0.00362,-0.03122,-0.69308,-0.72018
1317355047.31625,179.47342,53.36122,2.77198,-0.00373,-0.02803,-0.69330,-0.72010
1317355047.52449,179.50102,55.35736,2.74745,0.00249,-0.03011,-0.69371,-0.71962
1317355047.73287,179.51145,57.48525,2.68178,0.00562,-0.03372,-0.69351,-0.71963
1317355047.83699,179.52459,58.60409,2.63406,0.00404,-0.03058,-0.69366,-0.71964
1317355048.04538,179.54999,60.53290,2.57663,0.00028,-0.02649,-0.69353,-0.71994
1317355048.14948,179.54991,61.60430,2.53685,-0.00072,-0.02631,-0.69305,-0.72041
1317355048.35815,179.58209,63.80740,2.47966,0.00005,-0.02866,-0.69290,-0.72047
1317355048.46236,179.61031,64.96931,2.45516,-0.00059,-0.02931,-0.69306,-0.72028
1317355048.56637,179.62278,65.97693,2.42701,-0.00029,-0.02903,-0.69317,-0.72019
1317355048.67045,179.62405,67.02398,2.39804,-0.00185,-0.02899,-0.69346,-0.71991
1317355048.77454,179.64234,67.94524,2.37797,-0.00189,-0.02873,-0.69386,-0.71953
1317355048.87879,179.65646,69.05811,2.35717,-0.00076,-0.02933,-0.69421,-0.71917
1317355048.98290,179.66765,70.11909,2.33547,-0.00008,-0.03160,-0.69452,-0.71878
1317355049.08714,179.68196,71.22619,2.30344,0.00185,-0.03208,-0.69469,-0.71859
1317355049.19131,179.69786,72.27909,2.26506,-0.00025,-0.03312,-0.69499,-0.71826
1317355049.29552,179.69294,73.31311,2.22299,-0.00138,-0.02995,-0.69519,-0.71820
1317355049.39967,179.70888,74.41327,2.19460,-0.00028,-0.02678,-0.69561,-0.71792
1317355049.60802,179.71502,76.61937,2.11370,0.00150,-0.02895,-0.69580,-0.71765
1317355049.81647,179.70682,78.83158,2.03886,0.00218,-0.03116,-0.69599,-0.71737
1317355050.02476,179.69786,80.77825,1.99229,0.00351,-0.02810,-0.69685,-0.71666
1317355050.33715,179.69263,84.15192,1.86464,0.00409,-0.02564,-0.69908,-0.71457
1317355050.64963,179.67982,87.48757,1.78391,0.00048,-0.02707,-0.70197,-0.71169
1317355050.96200,179.65465,90.85417,1.69076,0.00169,-0.02547,-0.70445,-0.70930
1317355051.27449,179.58519,94.23560,1.59666,0.00623,-0.02719,-0.70661,-0.70705
1317355051.48369,179.52551,96.49407,1.51850,0.00167,-0.02651,-0.70832,-0.70539
1317355051.58769,179.51048,97.67442,1.47379,0.00083,-0.02576,-0.70936,-0.70437
1317355051.69104,179.47415,98.78933,1.43656,0.00127,-0.02503,-0.71026,-0.70350
1317355051.89925,179.39467,101.04362,1.40102,0.00448,-0.02538,-0.71238,-0.70132
1317355052.00337,179.34843,102.02032,1.37149,0.00373,-0.02645,-0.71297,-0.70068
1317355052.10750,179.30243,103.16402,1.33706,0.00389,-0.02681,-0.71369,-0.69994
1317355052.21165,179.24087,104.23612,1.30251,0.00383,-0.02635,-0.71448,-0.69915
1317355052.31575,179.20496,105.33388,1.27045,0.00266,-0.02692,-0.71556,-0.69803
1317355052.41992,179.14983,106.45721,1.24861,0.00153,-0.02733,-0.71651,-0.69704
1317355052.52401,179.10956,107.56827,1.22259,0.00133,-0.02731,-0.71741,-0.69611
1317355052.73232,178.97316,109.84277,1.16619,-0.00012,-0.02878,-0.71853,-0.69490
1317355052.83638,178.89871,111.03967,1.13908,-0.00200,-0.02982,-0.71896,-0.69441
1317355053.04461,178.75802,113.10847,1.10141,-0.00119,-0.03194,-0.72018,-0.69306
1317355053.35702,178.56575,116.42306,1.00777,-0.00201,-0.03259,-0.72193,-0.69119
1317355053.56544,178.43057,118.31403,0.96422,-0.00411,-0.03336,-0.72270,-0.69035
1317355053.87792,178.18492,121.75473,0.89179,-0.00512,-0.03557,-0.72334,-0.68956
1317355054.19025,177.96884,125.20382,0.78742,-0.00655,-0.03708,-0.72383,-0.68895
1317355054.39862,177.78798,127.50869,0.74516,-0.00624,-0.03415,-0.72351,-0.68944
1317355054.60687,177.61682,129.66873,0.68416,-0.00391,-0.03454,-0.72352,-0.68942
1317355054.81512,177.47355,131.58362,0.63566,-0.00180,-0.03537,-0.72400,-0.68889
1317355055.02375,177.25745,133.97848,0.54641,-0.00178,-0.03482,-0.72420,-0.68871
1317355055.23188,177.09685,136.31846,0.50336,-0.00241,-0.03410,-0.72472,-0.68820
1317355055.43990,176.90992,138.63194,0.43329,-0.00036,-0.03222,-0.72476,-0.68824
1317355055.64803,176.74003,140.97246,0.36996,0.00044,-0.03324,-0.72482,-0.68813
1317355055.85625,176.58291,143.01006,0.30461,0.00049,-0.03377,-0.72462,-0.68832
1317355056.16863,176.31397,146.52932,0.20916,-0.00097,-0.03154,-0.72468,-0.68837
1317355056.48093,176.04932,150.01830,0.10279,0.00067,-0.03401,-0.72463,-0.68830
1317355056.68901,175.87176,152.32345,0.04576,-0.00149,-0.03691,-0.72524,-0.68750
1317355056.89742,175.69601,154.63251,-0.02528,-0.00272,-0.03702,-0.72574,-0.68697
1317355057.10552,175.51987,156.58889,-0.08343,-0.00238,-0.03781,-0.72548,-0.68720
1317355057.31375,175.33938,158.80545,-0.14884,0.00070,-0.04174,-0.72542,-0.68704
1317355057.52200,175.18146,161.07307,-0.24965,-0.00419,-0.03723,-0.72550,-0.68720
1317355057.73028,175.01623,163.37313,-0.33317,-0.00289,-0.03302,-0.72554,-0.68738
1317355057.93856,174.82412,165.64625,-0.37998,0.00104,-0.04097,-0.72486,-0.68767
1317355058.35492,174.46688,170.28448,-0.57563,-0.00645,-0.03620,-0.72459,-0.68820
1317355058.56319,174.29998,172.48729,-0.60612,-0.00308,-0.04285,-0.72540,-0.68698
1317355058.87541,174.08892,175.54688,-0.74216,0.00003,-0.04816,-0.72575,-0.68627
1317355059.18782,173.83632,178.79024,-0.92354,-0.00541,-0.03403,-0.72628,-0.68653
1317355059.50013,173.58328,181.99330,-0.98920,0.00496,-0.04274,-0.72649,-0.68583
1317355059.70839,173.41751,184.06310,-1.10212,0.00400,-0.04244,-0.72698,-0.68533
1317355059.81252,173.38762,184.30186,-1.08789,0.00292,-0.04301,-0.72724,-0.68503
1317355059.91665,173.31149,185.31990,-1.13853,0.00172,-0.04209,-0.72735,-0.68497
1317355060.02076,173.21304,186.33390,-1.18384,-0.00035,-0.04079,-0.72691,-0.68552
1317355060.22917,173.04917,188.32198,-1.27364,0.00052,-0.04148,-0.72631,-0.68611
1317355060.43775,172.88473,190.27246,-1.34343,-0.00070,-0.03892,-0.72531,-0.68732
1317355060.64567,172.75574,191.77365,-1.38781,0.00026,-0.03728,-0.72498,-0.68776
1317355060.85402,172.61467,193.64694,-1.47054,0.00238,-0.03728,-0.72555,-0.68716
1317355060.95795,172.53538,194.58203,-1.49247,0.00256,-0.03780,-0.72586,-0.68680
1317355061.06206,172.46639,195.47139,-1.52253,0.00202,-0.03680,-0.72697,-0.68568
1317355061.16620,172.41079,196.02433,-1.53837,0.00254,-0.03544,-0.72815,-0.68450
1317355061.27041,172.32953,196.93816,-1.56674,0.00247,-0.03615,-0.72932,-0.68321
1317355061.37428,172.27438,197.54725,-1.58527,0.00488,-0.03555,-0.73088,-0.68156
1317355061.47831,172.19436,198.47113,-1.61803,0.00430,-0.03794,-0.73211,-0.68012
1317355061.68653,172.05829,199.92296,-1.66046,0.00292,-0.03885,-0.73557,-0.67633
1317355061.89466,171.91542,201.40894,-1.71942,-0.00094,-0.03728,-0.74011,-0.67145
1317355062.10292,171.71747,202.97133,-1.76515,0.00138,-0.04009,-0.74449,-0.66643
1317355062.31113,171.51698,204.50918,-1.80925,0.00216,-0.04203,-0.74914,-0.66107
1317355062.51953,171.25991,206.27173,-1.85124,0.00080,-0.03824,-0.75269,-0.65726
1317355062.72802,170.95786,208.02120,-1.91085,0.00473,-0.03473,-0.75392,-0.65603
1317355063.04093,170.52869,210.62612,-2.01317,0.00988,-0.03338,-0.75369,-0.65631
1317355063.24941,170.23640,212.32635,-2.08133,0.01199,-0.03266,-0.75263,-0.65753
1317355063.45806,169.97201,213.98586,-2.16062,0.01273,-0.02716,-0.75010,-0.66064
1317355063.66681,169.73959,215.57926,-2.22957,0.01887,-0.02418,-0.74359,-0.66794
1317355063.77119,169.57340,217.06801,-2.30044,0.02045,-0.02373,-0.73949,-0.67244
1317355063.87544,169.48630,217.80383,-2.33344,0.01972,-0.02320,-0.73525,-0.67712
1317355064.08439,169.31620,219.77627,-2.42815,0.01986,-0.02487,-0.72689,-0.68601
1317355064.29264,169.18593,221.42694,-2.50148,0.02077,-0.02483,-0.71836,-0.69492
1317355064.60553,169.11150,223.73564,-2.56615,0.02205,-0.02520,-0.70347,-0.70993
1317355065.23107,169.31084,228.44664,-2.80176,0.01642,-0.02728,-0.67241,-0.73949
1317355065.64791,169.52204,230.81364,-2.90702,0.01604,-0.02960,-0.65198,-0.75749
1317355066.06451,169.99276,233.79984,-3.05429,0.01421,-0.03215,-0.63809,-0.76916
1317355066.37675,170.39659,236.22735,-3.18929,0.01327,-0.03482,-0.63698,-0.76998
1317355066.79263,170.54050,236.98752,-3.20668,0.01095,-0.03799,-0.64855,-0.76015
1317355067.31252,170.64001,237.00277,-3.18523,-0.04997,0.03673,-0.69357,-0.71772
1317355067.93613,170.41680,239.53491,-2.83222,-0.04262,0.04695,-0.76107,-0.64557
1317355069.08129,169.27124,242.31323,-2.39609,-0.02204,0.05957,-0.86652,-0.49509
1317355069.81130,168.11720,243.85054,-2.21185,-0.01616,0.06982,-0.90328,-0.42302
1317355070.64529,166.46366,245.52696,-2.00691,-0.01896,0.06605,-0.93314,-0.35289
1317355071.37438,164.47603,246.89324,-1.80690,-0.00928,0.06236,-0.96378,-0.25914
1317355071.68614,163.40215,247.46697,-1.77768,-0.00909,0.06703,-0.97528,-0.21038
1317355071.99901,162.10069,247.96926,-1.71037,-0.00444,0.06276,-0.98417,-0.16567
1317355072.31156,160.63871,248.38555,-1.64696,-0.00095,0.06749,-0.98806,-0.13850
1317355072.52016,159.55819,248.66425,-1.63575,-0.00077,0.06282,-0.98985,-0.12744
1317355072.62443,158.98663,248.80336,-1.60860,-0.00115,0.05990,-0.99091,-0.12049
1317355072.93702,157.03436,249.19061,-1.57042,-0.00117,0.05883,-0.99355,-0.09690
1317355073.14560,155.66886,249.40077,-1.55637,0.00222,0.05543,-0.99510,-0.08182
1317355073.45827,153.27344,249.69753,-1.55165,0.00303,0.05333,-0.99658,-0.06309
1317355073.66700,151.55652,249.85951,-1.54792,0.00339,0.05398,-0.99696,-0.05616
1317355073.87567,149.73732,250.00751,-1.54753,0.00470,0.05318,-0.99720,-0.05242
1317355074.08416,147.86128,250.14288,-1.54463,0.00451,0.05278,-0.99732,-0.05056
1317355074.29281,145.95599,250.28648,-1.54173,0.00592,0.05091,-0.99749,-0.04891
1317355074.39706,144.90704,250.37538,-1.54333,0.00706,0.04881,-0.99762,-0.04817
1317355074.50127,143.94036,250.44404,-1.54544,0.00776,0.04643,-0.99776,-0.04756
1317355074.60552,142.93986,250.51667,-1.54418,0.00714,0.04620,-0.99783,-0.04633
1317355074.70978,141.81617,250.60037,-1.55583,0.00542,0.04613,-0.99789,-0.04547
1317355074.81402,140.70106,250.68546,-1.56158,0.00537,0.04687,-0.99790,-0.04440
1317355074.91833,139.54542,250.75842,-1.56838,0.00505,0.04966,-0.99780,-0.04363
1317355075.12664,137.15576,250.89739,-1.56763,0.00843,0.05011,-0.99779,-0.04280
1317355075.23090,136.00536,250.96853,-1.56893,0.01193,0.04900,-0.99783,-0.04232
1317355075.33501,134.90993,251.03121,-1.57759,0.01509,0.04818,-0.99785,-0.04177
1317355075.43929,133.68718,251.11472,-1.58940,0.01540,0.04734,-0.99794,-0.04049
1317355075.54346,132.51098,251.17922,-1.59925,0.01462,0.04652,-0.99802,-0.03961
1317355075.64770,131.30560,251.25602,-1.61361,0.01357,0.04575,-0.99813,-0.03827
1317355075.75183,130.21134,251.31241,-1.62267,0.01340,0.04582,-0.99818,-0.03681
1317355075.85598,128.92229,251.40669,-1.62312,0.01335,0.04642,-0.99820,-0.03547
1317355075.96017,127.69922,251.46837,-1.66172,0.01449,0.04853,-0.99812,-0.03441
1317355076.06444,126.69858,251.50626,-1.66224,0.01541,0.04915,-0.99812,-0.03334
1317355076.27276,124.42840,251.59445,-1.71090,0.01576,0.04876,-0.99822,-0.03065
1317355076.48123,122.08218,251.67288,-1.74005,0.01684,0.04797,-0.99830,-0.02840
1317355076.58530,121.00879,251.68954,-1.76631,0.01696,0.04771,-0.99833,-0.02790
1317355076.79368,118.71598,251.75496,-1.80879,0.01735,0.04936,-0.99828,-0.02646
1317355077.00207,116.37438,251.84257,-1.83519,0.01766,0.05133,-0.99820,-0.02531
1317355077.21039,113.95820,251.89156,-1.87557,0.01722,0.05176,-0.99820,-0.02484
1317355077.41865,111.57093,251.93137,-1.91660,0.01885,0.05087,-0.99823,-0.02428
1317355077.62689,109.19304,252.00605,-1.95942,0.01976,0.05069,-0.99825,-0.02301
1317355077.83517,107.02218,252.05771,-2.02744,0.01939,0.05183,-0.99824,-0.02117
1317355078.04340,104.70039,252.07986,-2.06471,0.02024,0.05206,-0.99824,-0.01974
1317355078.35564,101.14597,252.16002,-2.13336,0.01774,0.05426,-0.99822,-0.01729
1317355078.66828,97.64147,252.20772,-2.20691,0.02091,0.05607,-0.99807,-0.01646
1317355078.87639,95.44577,252.23375,-2.24818,0.01863,0.05588,-0.99812,-0.01705
1317355079.08465,93.30246,252.24476,-2.23135,0.01764,-0.03072,-0.99932,-0.00979
1317355079.29324,90.62577,252.24056,-2.30565,0.01668,-0.03370,-0.99919,-0.01441
1317355079.50143,88.37256,252.28590,-2.35706,0.01648,-0.03538,-0.99909,-0.01725
1317355079.70982,86.09726,252.30892,-2.37634,0.02034,-0.03679,-0.99892,-0.01972
1317355079.91803,83.85838,252.32659,-2.42686,0.02532,-0.03136,-0.99895,-0.02184
1317355080.12626,81.76789,252.36962,-2.51475,0.01777,-0.02921,-0.99916,-0.02275
1317355080.33451,79.64462,252.42066,-2.54072,0.01578,-0.03081,-0.99915,-0.02249
1317355080.43874,78.53223,252.43988,-2.56346,0.01598,-0.03085,-0.99914,-0.02264
1317355080.64705,76.29396,252.48504,-2.59343,0.02131,-0.03079,-0.99904,-0.02279
1317355080.75114,75.26490,252.50847,-2.62691,0.02269,-0.02925,-0.99905,-0.02288
1317355080.95973,73.07330,252.55357,-2.68355,0.02166,-0.02975,-0.99905,-0.02354
1317355081.06372,72.06336,252.58358,-2.68738,0.01966,-0.03201,-0.99903,-0.02318
1317355081.27194,69.87400,252.62937,-2.74710,0.02064,-0.03117,-0.99905,-0.02219
1317355081.37608,68.81025,252.65905,-2.76190,0.02153,-0.03244,-0.99902,-0.02088
1317355081.58439,66.76522,252.67245,-2.82470,0.02179,-0.03078,-0.99910,-0.01963
1317355081.68854,65.66880,252.69337,-2.86083,0.02178,-0.03042,-0.99913,-0.01856
1317355081.79270,64.58544,252.70309,-2.87661,0.02175,-0.03034,-0.99915,-0.01749
1317355081.89689,63.49783,252.70849,-2.90465,0.02157,-0.03047,-0.99916,-0.01674
1317355082.00108,62.44115,252.71611,-2.92566,0.02141,-0.03066,-0.99918,-0.01582
1317355082.10521,61.39665,252.71984,-2.93761,0.02183,-0.03021,-0.99919,-0.01503
1317355082.20942,60.31929,252.72417,-2.97142,0.02158,-0.03020,-0.99921,-0.01432
1317355082.31354,59.27239,252.71405,-2.99955,0.02190,-0.02822,-0.99926,-0.01393
1317355082.52198,57.15518,252.70083,-3.04736,0.02255,-0.02801,-0.99926,-0.01339
1317355082.73027,55.01413,252.70802,-3.10888,0.02253,-0.02764,-0.99927,-0.01339
1317355082.93870,52.84004,252.71223,-3.17480,0.02198,-0.02784,-0.99927,-0.01388
1317355083.04295,51.77957,252.71534,-3.20105,0.02219,-0.02653,-0.99930,-0.01448
1317355083.14716,50.69511,252.72286,-3.23625,0.02211,-0.02583,-0.99930,-0.01564
1317355083.25143,49.67546,252.71421,-3.25714,0.02260,-0.02519,-0.99928,-0.01714
1317355083.45990,47.54873,252.73391,-3.31141,0.02369,-0.02530,-0.99920,-0.02017
1317355083.56415,46.49671,252.76167,-3.35225,0.02346,-0.02522,-0.99918,-0.02137
1317355083.77265,44.41504,252.78778,-3.40906,0.02329,-0.02536,-0.99912,-0.02410
1317355083.98113,42.33532,252.82415,-3.45056,0.02366,-0.02422,-0.99909,-0.02598
1317355084.18946,40.28281,252.88118,-3.52547,0.02388,-0.02437,-0.99905,-0.02728
1317355084.39770,38.22689,252.94323,-3.62288,0.02181,-0.02289,-0.99908,-0.02881
1317355084.50177,37.20639,252.97908,-3.64837,0.02313,-0.02300,-0.99904,-0.02918
1317355084.71007,35.19212,253.05314,-3.71018,0.02434,-0.02492,-0.99898,-0.02867
1317355084.81415,34.36627,253.07115,-3.73052,0.02481,-0.02537,-0.99899,-0.02766
1317355084.91818,33.36412,253.10113,-3.76051,0.02433,-0.02634,-0.99903,-0.02537
1317355085.02215,32.37593,253.12298,-3.78878,0.02491,-0.02569,-0.99911,-0.02218
1317355085.12614,31.36929,253.13447,-3.82352,0.02448,-0.02621,-0.99919,-0.01840
1317355085.23016,30.36933,253.15584,-3.85947,0.02456,-0.02555,-0.99928,-0.01359
1317355085.43824,28.42422,253.15198,-3.91973,0.02538,-0.02548,-0.99935,-0.00352
1317355085.54225,27.55356,253.13832,-3.94557,0.02624,-0.02569,-0.99932,0.00192
1317355085.75016,25.53597,253.08502,-4.00241,0.02501,-0.02618,-0.99926,0.01315
1317355086.06227,22.73884,252.90542,-4.11193,0.02434,-0.02897,-0.99873,0.03340
1317355086.16632,21.75998,252.82884,-4.14149,0.02492,-0.03024,-0.99834,0.04231
1317355086.47804,18.95390,252.49731,-4.21472,0.02295,-0.03129,-0.99668,0.07154
1317355086.68616,17.31323,252.23451,-4.27889,0.02339,-0.03030,-0.99504,0.09184
1317355086.99812,14.50524,251.53496,-4.34854,0.01757,-0.01939,-0.99238,0.12042
1317355087.31005,11.64006,250.71335,-4.41369,0.01519,-0.01969,-0.98755,0.15531
1317355087.62218,8.86062,249.66444,-4.45104,0.01733,-0.01979,-0.98150,0.18967
1317355087.93448,6.16345,248.42382,-4.47799,0.01730,-0.02138,-0.97409,0.22446
1317355088.35053,2.70492,246.50982,-4.53833,0.01506,-0.01983,-0.96362,0.26611
1317355088.55889,0.91404,245.33401,-4.53876,0.01374,-0.01847,-0.95867,0.28359
1317355088.76767,-0.81481,244.11688,-4.54683,0.01308,-0.01594,-0.95480,0.29652
1317355088.97591,-2.46867,242.89249,-4.55734,0.01223,-0.01340,-0.95229,0.30466
1317355089.18441,-4.10554,241.63904,-4.55767,0.01175,-0.01397,-0.95095,0.30880
1317355089.39313,-5.83977,240.31498,-4.55762,0.01008,-0.01396,-0.95007,0.31155
1317355089.60128,-7.53961,238.99583,-4.54981,0.01002,-0.01270,-0.94961,0.31301
1317355089.81142,-9.30979,237.59396,-4.54178,0.01112,-0.01230,-0.94952,0.31328
1317355090.01818,-11.13088,236.12039,-4.53930,0.01027,-0.01006,-0.95035,0.31084
1317355090.22659,-12.97717,234.72196,-4.52186,0.01088,-0.00801,-0.95175,0.30657
1317355090.43513,-14.71579,233.37185,-4.51885,0.01121,-0.00596,-0.95379,0.30021
1317355090.74764,-17.49892,231.35277,-4.50963,0.01134,-0.00620,-0.95716,0.28927
1317355091.06038,-20.26175,229.45848,-4.49191,0.01394,-0.00909,-0.96057,0.27754
1317355091.26842,-22.15630,228.22105,-4.50293,0.01471,-0.01430,-0.96173,0.27321
1317355091.47655,-24.03068,227.01416,-4.50021,0.01623,-0.01650,-0.96220,0.27134
1317355091.68487,-25.58854,226.00317,-4.50351,0.01718,-0.01740,-0.96270,0.26946
1317355091.89292,-27.43972,224.81771,-4.50747,0.01907,-0.02139,-0.96295,0.26816
1317355092.10103,-29.25713,223.68114,-4.52460,0.01946,-0.02421,-0.96292,0.26798
1317355092.30922,-31.09190,222.51474,-4.51417,0.02025,-0.02493,-0.96306,0.26735
1317355092.51730,-32.87407,221.38828,-4.54288,0.02025,-0.02672,-0.96321,0.26665
1317355092.72549,-34.48026,220.37453,-4.53991,0.02182,-0.02702,-0.96329,0.26621
1317355092.82962,-35.37164,219.81678,-4.55388,0.02203,-0.02706,-0.96335,0.26596
1317355092.93361,-36.23689,219.28234,-4.56111,0.02239,-0.02674,-0.96321,0.26649
1317355093.03762,-37.05023,218.76096,-4.56415,0.02319,-0.02716,-0.96280,0.26785
1317355093.14156,-37.84114,218.23808,-4.56010,0.02379,-0.02703,-0.96235,0.26940
1317355093.24560,-38.53327,217.80547,-4.56350,0.02557,-0.02901,-0.96145,0.27225
1317355093.34960,-39.30357,217.30713,-4.57133,0.02572,-0.02832,-0.96060,0.27528
1317355093.55762,-40.71122,216.39863,-4.58030,0.02481,-0.03007,-0.95839,0.28279
1317355093.76567,-41.92244,215.55718,-4.57691,0.02603,-0.02862,-0.95652,0.28909
1317355093.97386,-43.15643,214.69342,-4.57946,0.02513,-0.02646,-0.95463,0.29555
1317355094.18193,-44.31328,213.85892,-4.59642,0.02422,-0.02524,-0.95286,0.30140
1317355094.39016,-45.32337,213.09090,-4.59775,0.02461,-0.02494,-0.95102,0.30713
1317355094.49428,-45.81714,212.71600,-4.59581,0.02493,-0.02489,-0.94987,0.31066
1317355094.70263,-46.75722,211.98472,-4.60423,0.02559,-0.02544,-0.94694,0.31937
1317355095.01464,-48.03438,210.89906,-4.62547,0.02421,-0.02650,-0.94073,0.33725
1317355095.22269,-48.80339,210.20287,-4.62829,0.02348,-0.02763,-0.93591,0.35037
1317355095.43141,-49.53964,209.53477,-4.63624,0.02302,-0.02890,-0.92998,0.36574
1317355095.74283,-50.48810,208.54780,-4.62628,0.02359,-0.02948,-0.91777,0.39530
1317355095.95084,-50.99717,207.93358,-4.61845,0.02234,-0.02694,-0.90737,0.41888
1317355096.47131,-51.95605,206.59393,-4.60214,-0.04237,-0.01802,-0.87147,0.48829
1317355096.78368,-52.35177,205.84064,-4.51830,-0.04363,-0.01255,-0.85214,0.52135
1317355097.09607,-52.65473,205.12482,-4.42986,-0.04506,-0.00561,-0.82919,0.55711
1317355097.72078,-53.10876,203.62781,-4.30279,-0.04789,0.00063,-0.77778,0.62671
1317355098.44955,-53.34664,201.11591,-4.11577,-0.04780,0.00141,-0.70617,0.70643
1317355098.97201,-52.97981,197.57765,-3.90459,-0.04586,0.00811,-0.65496,0.75423
1317355099.49157,-52.34389,194.60382,-3.75291,-0.04234,0.01137,-0.61131,0.79018
1317355099.90815,-51.48392,191.93292,-3.64905,-0.02768,0.01238,-0.56905,0.82174
1317355100.32493,-50.74855,190.26414,-3.62815,-0.02047,0.00240,-0.52210,0.85263
1317355100.84657,-48.51402,186.58233,-3.52409,-0.01883,0.00883,-0.48114,0.87640
1317355101.15978,-46.87369,184.22743,-3.51162,-0.02419,0.01170,-0.47233,0.88101
1317355101.57745,-44.55472,180.91928,-3.46979,-0.02639,0.00977,-0.47328,0.88046
1317355101.89033,-44.02316,180.33232,-3.44599,-0.02603,0.01316,-0.47525,0.87936
1317355101.99460,-43.64159,179.78615,-3.42228,-0.02590,0.01425,-0.47592,0.87899
1317355102.20307,-42.36450,177.99814,-3.41673,-0.02752,0.01385,-0.47810,0.87776
1317355102.30742,-41.72409,177.05740,-3.41050,-0.02906,0.01305,-0.47918,0.87714
1317355102.51592,-40.46342,175.14823,-3.38697,-0.03085,0.01455,-0.48198,0.87552
1317355102.72443,-39.00837,172.94357,-3.35791,-0.03053,0.01874,-0.48618,0.87312
1317355102.82855,-38.34744,171.92936,-3.35350,-0.03069,0.01856,-0.48879,0.87166
1317355103.03714,-37.03163,169.85999,-3.33571,-0.02959,0.01768,-0.49403,0.86876
1317355103.24542,-35.67295,167.63730,-3.31988,-0.02601,0.01784,-0.49927,0.86587
1317355103.45371,-34.57166,165.81883,-3.28867,-0.02578,0.01727,-0.50482,0.86267
1317355103.66194,-33.37818,163.82283,-3.27127,-0.02782,0.01600,-0.51128,0.85881
1317355103.87014,-31.99589,161.38471,-3.22792,-0.02659,0.01747,-0.51820,0.85467
1317355103.97420,-31.45269,160.38104,-3.19833,-0.02554,0.01749,-0.52113,0.85291
1317355104.18232,-30.32860,158.27564,-3.18122,-0.02527,0.01930,-0.52645,0.84961
1317355104.39029,-29.02100,155.81430,-3.13756,-0.02349,0.02026,-0.53003,0.84741
1317355104.59817,-27.92327,153.62014,-3.10728,-0.02272,0.01207,-0.53063,0.84722
1317355104.80625,-26.76750,151.41175,-3.06733,-0.02044,0.01369,-0.53128,0.84684
1317355105.01418,-25.64174,149.24894,-3.01412,-0.02036,0.01535,-0.53227,0.84619
1317355105.22253,-24.39828,146.83381,-2.99570,-0.02057,0.01244,-0.53267,0.84598
1317355105.43036,-23.21659,144.50918,-2.96789,-0.02069,0.00806,-0.53268,0.84602
1317355105.74242,-21.17950,140.54363,-2.87153,-0.01846,0.00879,-0.53380,0.84536
1317355106.05457,-19.16104,136.53742,-2.77574,-0.01713,0.00710,-0.53476,0.84480
1317355106.26255,-17.76359,133.73473,-2.72576,-0.01684,0.00748,-0.53512,0.84457
1317355106.47109,-16.35580,130.91758,-2.67398,-0.01477,0.01023,-0.53586,0.84412
1317355106.67882,-15.24357,128.73270,-2.63020,-0.01297,0.00827,-0.53526,0.84455
1317355106.78282,-14.40893,127.00354,-2.61176,-0.01340,0.00693,-0.53409,0.84529
1317355106.88696,-13.86002,125.91156,-2.58888,-0.01363,0.00723,-0.53335,0.84575
1317355106.99093,-13.84678,125.92730,-2.57325,-0.01277,0.00812,-0.53255,0.84626
1317355107.09510,-13.53734,125.34635,-2.55569,-0.01245,0.00885,-0.53194,0.84664
1317355107.30319,-12.83174,123.96064,-2.51772,-0.01447,0.00849,-0.53084,0.84731
1317355107.40740,-12.30043,122.89970,-2.49444,-0.01651,0.01005,-0.53126,0.84699
1317355107.61558,-11.48636,121.35997,-2.45073,-0.01811,0.01858,-0.53545,0.84417
1317355107.82392,-10.93288,120.35697,-2.43887,-0.02404,0.01679,-0.54214,0.83977
1317355108.13654,-9.17828,116.41005,-2.37001,-0.02890,0.02088,-0.55518,0.83097
1317355108.44898,-7.78542,113.18069,-2.32974,-0.02652,0.01668,-0.56643,0.82352
1317355108.86538,-6.21222,109.46137,-2.27752,-0.02466,0.01665,-0.57514,0.81751
1317355109.17757,-5.02359,106.22654,-2.18963,-0.03023,0.01556,-0.57933,0.81438
1317355109.38569,-4.55549,104.91564,-2.14290,-0.02814,0.01769,-0.58039,0.81366
1317355109.69806,-3.44401,101.79535,-2.08402,-0.03148,0.02441,-0.58227,0.81202
1317355110.21881,-1.51086,96.34488,-1.94371,-0.00319,-0.00750,-0.59785,0.80157
1317355110.42742,-0.79125,94.06058,-1.89691,0.00048,-0.00656,-0.60403,0.79694
1317355110.63583,0.01723,91.32938,-1.81691,0.00042,-0.00632,-0.61119,0.79146
1317355110.84416,0.49751,89.60995,-1.75671,0.00146,-0.00694,-0.61736,0.78665
1317355111.05239,1.09102,87.32018,-1.69470,0.00223,-0.00526,-0.62273,0.78242
1317355111.15659,1.38638,86.19142,-1.67584,0.00372,-0.00553,-0.62544,0.78025
1317355111.26057,1.66905,85.06793,-1.64860,0.00457,-0.00571,-0.62799,0.77819
1317355111.36468,1.94524,83.80854,-1.61551,0.00549,-0.00627,-0.62938,0.77705
1317355111.46880,2.21058,82.65947,-1.59092,0.00666,-0.00799,-0.63042,0.77619
1317355111.57294,2.52924,81.27286,-1.55952,0.00790,-0.00959,-0.63135,0.77540
1317355111.67693,2.77382,80.15580,-1.53810,0.00730,-0.00980,-0.63223,0.77469
1317355111.78106,3.04837,78.89771,-1.50735,0.00823,-0.00765,-0.63332,0.77381
1317355111.98934,3.54693,76.68001,-1.46007,0.01096,-0.00684,-0.63573,0.77180
1317355112.19742,3.99764,74.46612,-1.41820,0.01189,-0.00839,-0.63778,0.77008
1317355112.30148,4.19272,73.55164,-1.43964,0.01419,-0.00879,-0.63842,0.76951
1317355112.50958,4.66532,71.33438,-1.39775,0.01435,-0.00907,-0.64015,0.76806
1317355112.71768,5.12951,69.12538,-1.38142,0.01278,-0.00780,-0.64163,0.76687
1317355112.92592,5.53411,67.05113,-1.34678,0.01457,-0.00759,-0.64273,0.76591
1317355113.02968,5.75022,65.93618,-1.34266,0.01589,-0.00861,-0.64339,0.76532
1317355113.13367,5.88250,65.40453,-1.32315,0.01613,-0.00785,-0.64424,0.76462
1317355113.34167,6.27233,63.37066,-1.28950,0.01742,-0.01126,-0.64534,0.76361
1317355113.75776,7.07693,59.02422,-1.25125,0.01997,-0.00916,-0.64807,0.76126
1317355114.07014,7.68982,55.88112,-1.22879,0.01784,-0.01325,-0.65057,0.75912
1317355114.17442,7.87049,54.88329,-1.20528,0.01837,-0.01269,-0.65133,0.75847
1317355114.38185,8.25009,52.89801,-1.18705,0.01642,-0.01371,-0.65416,0.75605
1317355114.58996,8.56881,51.08410,-1.15063,0.01618,-0.01114,-0.65649,0.75408
1317355114.79801,8.92591,48.93963,-1.12527,0.01617,-0.00995,-0.65838,0.75245
1317355115.00592,9.25570,46.81624,-1.10448,0.01552,-0.01320,-0.65991,0.75107
1317355115.21407,9.56593,44.80749,-1.06815,0.01661,-0.01349,-0.66158,0.74957
1317355115.42234,9.86604,42.75951,-1.03432,0.01908,-0.01318,-0.66307,0.74819
1317355115.63110,10.16655,40.72345,-1.00360,0.02045,-0.01330,-0.66469,0.74672
1317355115.83832,10.44999,38.66004,-0.97116,0.02079,-0.01525,-0.66589,0.74560
1317355116.04633,10.72921,36.65080,-0.94480,0.02135,-0.01586,-0.66677,0.74479
1317355116.15045,10.85223,35.80573,-0.92921,0.02181,-0.01474,-0.66735,0.74427
1317355116.35853,11.10301,33.90695,-0.90829,0.02263,-0.01490,-0.66837,0.74334
1317355116.56667,11.35595,32.02208,-0.90064,0.02209,-0.01400,-0.66929,0.74254
1317355116.77482,11.55059,30.38259,-0.87246,0.02610,-0.01162,-0.66975,0.74204
1317355116.98388,11.76987,28.64698,-0.86754,0.02970,-0.00975,-0.67084,0.74095
1317355117.19109,11.98732,26.94555,-0.87204,0.02873,-0.01064,-0.67169,0.74020
1317355117.50340,12.26860,24.52291,-0.86329,0.02580,-0.01338,-0.67288,0.73918
1317355118.02396,12.75461,21.07533,-0.80140,0.02873,-0.01326,-0.67195,0.73992
1317355118.85755,13.35037,16.18935,-0.76571,0.03118,-0.01651,-0.67602,0.73604
1317355119.89932,13.79569,11.92569,-0.71984,0.02441,-0.02439,-0.67832,0.73395
1317355120.83555,14.14037,9.63158,-0.65586,0.02345,-0.02004,-0.64086,0.76704
1317355124.48380,14.31149,8.89003,-0.63497,0.02085,-0.01717,-0.62017,0.78400
1317355129.69318,14.47826,8.22096,-0.62874,0.01483,-0.02046,-0.59042,0.80670
1317355130.21256,14.81844,7.01848,-0.63678,0.01881,-0.01876,-0.52660,0.84970
1317355130.73168,15.67342,5.54192,-0.58005,0.01384,-0.01044,-0.43455,0.90048
1317355131.04318,16.40458,4.74969,-0.58600,0.01234,-0.01194,-0.36873,0.92938
1317355131.35496,17.35953,3.92249,-0.54421,0.01334,-0.00827,-0.29920,0.95406
1317355131.77119,19.16987,2.87252,-0.51033,0.01431,-0.00802,-0.20928,0.97772
1317355132.08395,20.92311,2.19670,-0.49097,0.01994,-0.00873,-0.15333,0.98793
1317355132.50081,23.60091,1.51437,-0.35894,0.02855,-0.01133,-0.08482,0.99592
1317355132.91794,26.95833,1.21585,-0.28687,0.02507,-0.01591,-0.03088,0.99908
1317355133.43993,31.41722,1.23018,-0.12643,0.01708,-0.01647,0.00013,0.99972
1317355133.85756,35.63968,1.34758,0.04271,0.01583,-0.01501,0.00337,0.99976
1317355134.17043,38.77383,1.45166,0.15956,0.01577,-0.01022,0.00424,0.99981
1317355134.37906,41.14049,1.54401,0.21571,0.01629,-0.00702,0.00503,0.99983
1317355134.69168,44.56424,1.63788,0.31728,0.01543,-0.00425,0.00810,0.99984
1317355135.21256,50.39852,1.88176,0.45797,0.01358,-0.00600,0.01175,0.99982
1317355135.52506,53.84019,2.05694,0.55233,0.01266,-0.00306,0.01344,0.99982
1317355135.73344,56.06882,2.20010,0.60068,0.01264,-0.00399,0.01332,0.99982
1317355136.04581,59.54463,2.35942,0.66323,0.01546,-0.00759,0.01325,0.99976
1317355136.25419,61.65827,2.47740,0.74156,0.01797,-0.00473,0.01328,0.99974
1317355136.46244,63.79948,2.59132,0.79767,0.01905,0.00121,0.01315,0.99973
1317355136.77469,67.06870,2.75959,0.85672,0.02311,-0.00304,0.01307,0.99964
1317355137.19131,71.32233,2.99890,0.96433,0.01731,-0.00457,0.01183,0.99977
1317355137.60782,75.80582,3.21269,1.07416,0.01857,-0.00144,0.01248,0.99975
1317355138.02431,80.01742,3.46441,1.17243,0.01979,-0.00388,0.01300,0.99971
1317355138.44094,84.20154,3.65338,1.27983,0.01557,0.00158,0.01451,0.99977
1317355138.96169,89.50818,3.94138,1.37040,0.01787,-0.00173,0.01575,0.99971
1317355139.48244,94.73580,4.24620,1.48874,0.01616,-0.00097,0.01466,0.99976
1317355139.79481,97.90591,4.38325,1.51540,0.01814,0.00013,0.01338,0.99975
1317355140.31557,103.14002,4.62995,1.57702,0.01590,-0.00531,0.00949,0.99981
1317355140.83657,108.36214,4.83785,1.70294,0.01567,0.00302,0.00138,0.99987
1317355141.25307,112.17747,4.91617,1.75107,0.01807,-0.01103,-0.00086,0.99978
1317355141.46144,114.18151,4.96595,1.82631,0.01460,-0.00859,-0.00110,0.99986
1317355141.66969,116.11369,5.04697,1.88191,0.01360,-0.00402,-0.00094,0.99990
1317355141.98207,119.25095,5.14762,1.93132,0.01456,0.00400,0.00102,0.99989
1317355142.50307,124.67830,5.32934,1.93756,0.02089,-0.00699,0.00343,0.99975
1317355142.91969,129.20860,5.48950,2.05795,0.01851,-0.00533,0.00419,0.99981
1317355143.23219,132.47863,5.58006,2.13475,0.01582,-0.00623,0.00659,0.99983
1317355143.44044,134.76019,5.69782,2.19428,0.01626,-0.00185,0.00757,0.99984
1317355143.64869,137.12493,5.77629,2.24002,0.01690,-0.00047,0.00936,0.99981
1317355143.96107,140.33724,5.90962,2.31711,0.01692,0.00033,0.01198,0.99979
1317355144.27357,143.56297,6.02377,2.40023,0.01495,0.00202,0.01259,0.99981
1317355144.58594,147.06210,6.19504,2.46118,0.01491,0.00443,0.01330,0.99979
1317355144.89832,150.54527,6.37280,2.47869,0.01678,0.00675,0.01526,0.99972
1317355145.21069,153.79063,6.57578,2.51798,0.01447,0.00378,0.01530,0.99977
1317355145.73157,159.23117,6.80483,2.55290,0.01460,0.00585,0.01187,0.99981
1317355146.14820,163.65233,7.03190,2.58661,0.01308,0.00459,0.00876,0.99987
1317355146.35657,165.78954,7.12455,2.61208,0.01057,0.00338,0.00679,0.99992
1317355146.66921,168.66752,7.22936,2.65393,0.01380,0.00350,0.00425,0.99989
1317355146.87757,170.73784,7.29012,2.67394,0.01154,0.00257,0.00341,0.99992
1317355147.18995,173.73733,7.39349,2.69847,0.00414,-0.00195,0.00354,0.99998
1317355147.39819,175.85748,7.45379,2.73076,0.00417,-0.00062,0.00599,0.99997
1317355147.60658,177.89674,7.55467,2.75989,0.00937,0.00138,0.00722,0.99993
1317355147.91907,181.08668,7.67822,2.75173,0.01470,0.01313,0.00993,0.99976
1317355148.23158,183.90371,7.80704,2.70906,0.01684,0.00560,0.01244,0.99977
1317355148.54408,186.95922,7.96960,2.70879,0.01401,0.00248,0.01128,0.99984
1317355148.96070,191.61139,8.26840,2.74154,0.01495,0.00167,0.00979,0.99984
1317355149.27320,194.99683,8.40944,2.77520,0.01098,0.00404,0.00872,0.99989
1317355149.58570,198.43615,8.53912,2.81238,0.01249,-0.00010,0.00788,0.99989
1317355149.79395,200.51071,8.64243,2.85598,0.01043,0.00387,0.00721,0.99991
1317355150.10647,203.92658,8.76057,2.87677,0.00748,0.00532,0.00685,0.99993
1317355150.41882,207.35725,8.90245,2.89223,0.00760,0.00570,0.00667,0.99993
1317355150.62708,209.64045,9.02392,2.90230,0.00624,0.00871,0.00617,0.99992
1317355150.83533,211.82315,9.09790,2.91918,0.00573,0.01099,0.00543,0.99991
1317355151.14784,215.03774,9.21243,2.92260,0.00637,0.00873,0.00366,0.99993
1317355151.46020,217.49715,9.29385,2.93539,0.00361,0.00854,0.00268,0.99995
1317355151.87695,221.47295,9.43755,2.98163,0.00279,0.00662,0.00226,0.99997
1317355152.39797,226.30936,9.52843,2.99722,0.00727,0.00756,-0.00031,0.99994
1317355152.50210,227.14946,9.55427,3.00044,0.00936,0.00717,-0.00126,0.99993
1317355152.71057,228.98789,9.59799,3.00314,0.00751,0.00686,-0.00325,0.99994
1317355152.91895,230.91801,9.60694,3.00561,0.01056,0.00413,-0.00454,0.99993
1317355153.23145,233.60965,9.65131,3.01941,0.01316,-0.00629,-0.00183,0.99989
1317355153.43970,235.48367,9.69979,3.06697,0.01134,-0.00341,0.00479,0.99992
1317355153.64796,237.41743,9.77624,3.09745,0.00809,0.00581,0.01294,0.99987
1317355153.85620,239.41655,9.85093,3.09954,0.00781,0.01139,0.02015,0.99970
1317355154.27345,243.35572,10.17806,3.06847,0.00565,0.00655,0.02035,0.99976
1317355154.58633,246.54350,10.37609,3.07842,0.01215,0.00430,0.01702,0.99977
1317355154.89908,249.56703,10.54044,3.06926,0.01161,0.00209,0.01507,0.99982
1317355155.21183,252.78074,10.70692,3.07404,0.01128,0.00669,0.01363,0.99982
1317355155.42033,255.06086,10.81172,3.07697,0.01329,0.00564,0.01293,0.99981
1317355155.62870,257.43822,10.93199,3.07694,0.01321,0.00169,0.01244,0.99983
1317355155.83708,259.85038,11.02718,3.09607,0.01013,0.00597,0.01215,0.99986
1317355156.04546,262.28277,11.12521,3.10618,0.00917,0.00941,0.01211,0.99984
1317355156.14958,263.28936,11.17332,3.10452,0.00897,0.01003,0.01195,0.99984
1317355156.25383,264.45618,11.24871,3.10608,0.00811,0.01055,0.01198,0.99984
1317355156.35796,265.63124,11.30307,3.10407,0.00658,0.00952,0.01187,0.99986
1317355156.56633,268.08075,11.45720,3.10591,0.00641,0.00679,0.01135,0.99989
1317355156.77471,270.34711,11.56333,3.11414,0.00822,0.00651,0.01082,0.99989
1317355156.98308,272.43997,11.63560,3.11804,0.00887,0.01116,0.01066,0.99984
1317355157.29558,276.04488,11.75691,3.11190,0.00238,0.00820,0.01031,0.99991
1317355157.71220,280.30578,11.97067,3.15479,0.00034,0.01203,0.01135,0.99986
1317355158.12871,284.74377,12.24224,3.03463,0.00537,0.01065,0.01356,0.99984
1317355158.75334,290.77259,12.65039,3.00194,0.00508,0.01530,0.01531,0.99975
1317355159.27422,295.58671,12.90660,2.98447,0.00388,0.01399,0.01561,0.99977
1317355159.69108,299.41851,13.09773,2.94498,-0.00163,0.00550,0.01173,0.99991
1317355160.00371,302.30149,13.21510,2.95327,-0.00653,0.00747,0.00766,0.99992
1317355160.42046,305.45144,13.36399,2.95787,-0.00331,0.00988,0.00113,0.99995
1317355161.04573,311.56759,13.45833,2.92267,-0.00229,0.00984,-0.00969,0.99990
1317355161.77509,319.04870,13.37446,2.90741,-0.00373,0.00759,-0.02361,0.99969
1317355162.19196,322.89984,13.34860,2.90134,-0.00316,0.00133,-0.03231,0.99947
1317355162.50446,326.19601,13.23053,2.92524,-0.00509,0.00758,-0.03906,0.99920
1317355162.81708,329.68455,13.02264,2.92212,-0.00138,0.00982,-0.04459,0.99896
1317355163.33771,335.64007,12.59567,2.92354,-0.00085,0.00775,-0.04693,0.99887
1317355163.85834,341.88646,12.15875,2.86669,0.00155,0.00674,-0.04680,0.99888
1317355164.37883,348.02417,11.72666,2.87682,0.00421,0.00978,-0.04502,0.99893
1317355164.79521,352.82500,11.40160,2.86505,0.00220,0.01069,-0.04234,0.99904
1317355165.21160,357.08516,11.14399,2.86104,0.00091,0.00952,-0.03950,0.99917
1317355165.62796,361.81899,10.88865,2.87121,0.00508,0.00730,-0.03513,0.99934
1317355165.94034,365.24075,10.71241,2.88070,0.00398,0.01896,-0.03349,0.99925
1317355166.25284,368.62950,10.60388,2.80060,-0.00389,0.01120,-0.03232,0.99941
1317355166.56521,371.98575,10.49710,2.79504,-0.00772,0.01530,-0.03132,0.99936
