1317617734.93904,0.27494,-0.08506,-0.04340,-0.00458,0.00079,0.00010,0.99999
1317617735.97595,7.76918,0.11131,-0.02810,-0.00694,0.00118,0.02081,0.99976
1317617736.90896,15.43650,0.55854,0.00004,-0.01250,-0.00129,0.03030,0.99946
1317617737.63487,21.62343,0.97730,0.03678,-0.01230,0.00132,0.03304,0.99938
1317617738.36032,28.23145,1.42073,0.02593,-0.01272,0.00042,0.02856,0.99951
1317617739.39698,38.10432,2.06953,0.03950,-0.00760,0.00512,0.03342,0.99940
1317617740.32990,47.01725,2.72987,0.01816,-0.01332,0.00729,0.03595,0.99924
1317617741.05558,53.67279,3.24402,0.02525,-0.01174,0.00667,0.03662,0.99924
1317617741.98874,61.99912,3.92535,-0.07414,-0.01104,0.00626,0.04161,0.99905
1317617743.33614,72.44553,4.95636,-0.17035,-0.01648,0.00350,0.05027,0.99859
1317617744.89210,81.17253,5.71087,-0.24685,-0.01860,0.00151,-0.00804,0.99979
1317617745.93176,85.45154,4.90283,-0.19317,-0.01930,-0.00577,-0.24373,0.96963
1317617746.96903,88.22261,2.27684,-0.16736,-0.00945,-0.01010,-0.52580,0.85050
1317617747.90071,89.15871,-1.11332,0.09318,-0.01083,-0.03008,-0.64144,0.76651
1317617748.62575,89.53472,-4.39888,0.30863,-0.01088,-0.02875,-0.68040,0.73220
1317617749.14396,89.73354,-7.25571,0.45996,-0.00777,-0.03272,-0.69151,0.72158
1317617750.07687,89.95431,-13.42344,0.80702,-0.00034,-0.03654,-0.68923,0.72362
1317617750.80268,90.33159,-19.02974,1.11283,-0.00885,-0.03206,-0.68195,0.73064
1317617751.94323,91.01483,-27.94577,1.66829,-0.01477,-0.01884,-0.68944,0.72395
1317617752.66925,91.57372,-33.44282,1.94335,-0.01557,-0.01790,-0.71724,0.69643
1317617753.39497,91.24119,-38.99746,2.27633,-0.01418,-0.02100,-0.74087,0.67117
1317617754.43128,90.50585,-45.70920,2.63602,-0.00698,-0.02628,-0.74307,0.66867
1317617755.46651,90.43925,-51.02275,2.99831,-0.01116,-0.01694,-0.64283,0.76574
1317617755.88055,90.94717,-52.90622,3.10053,-0.01345,-0.01159,-0.55426,0.83216
1317617756.19094,91.57440,-54.14557,3.16288,-0.01583,-0.01559,-0.46591,0.88455
1317617756.70914,93.08709,-55.78526,3.25683,-0.01597,-0.01010,-0.30679,0.95159
1317617757.85270,97.66459,-57.44905,3.32638,-0.01812,0.00379,-0.10656,0.99413
1317617758.78803,102.58928,-58.44276,3.32280,-0.03548,-0.00012,-0.11490,0.99274
1317617759.72086,108.47505,-59.81302,3.43849,-0.01598,0.00058,-0.11869,0.99280
1317617761.06827,118.50190,-62.00725,3.43722,-0.02399,0.00130,-0.10701,0.99397
1317617762.20850,127.71151,-64.02988,3.52264,-0.02882,0.00832,-0.11572,0.99283
1317617763.14132,135.13371,-65.71990,3.55887,-0.01871,0.00160,-0.11296,0.99342
1317617764.48880,145.57065,-67.86773,3.66578,-0.02278,0.00158,-0.09059,0.99563
1317617765.52571,153.64855,-69.08440,3.58723,-0.03302,-0.00136,-0.05908,0.99771
1317617766.14765,158.55677,-69.49793,3.62662,-0.03868,0.00957,-0.03525,0.99858
1317617766.97707,165.14936,-69.79960,3.55252,-0.04554,0.01092,-0.02084,0.99869
1317617767.80651,171.77949,-69.88608,3.54105,-0.02161,0.00903,0.00558,0.99971
1317617768.63617,178.51068,-69.63341,3.45408,-0.02645,0.00512,0.02561,0.99931
1317617769.46598,185.31787,-69.22874,3.34854,-0.01395,0.00173,0.03258,0.99937
1317617770.19155,191.26903,-68.76529,3.29254,-0.02309,0.00868,0.03435,0.99911
1317617770.70998,195.40566,-68.42936,3.22906,-0.02829,0.00779,0.03634,0.99891
1317617771.33226,200.05853,-68.03216,3.17206,-0.02343,0.01279,0.03911,0.99888
1317617772.36920,206.78937,-67.56449,3.06711,-0.02852,0.00383,0.01611,0.99946
1317617773.71650,215.19599,-67.45722,3.00248,-0.02878,0.00081,-0.00095,0.99958
1317617774.54577,220.63526,-67.35819,2.91485,-0.02571,0.01132,0.01357,0.99951
1317617775.47904,226.92464,-67.16662,2.84305,-0.00163,0.01676,0.01906,0.99968
1317617776.20485,231.66157,-66.96160,2.75321,0.00043,0.00861,0.01991,0.99976
1317617777.55139,238.80762,-66.28345,2.45130,0.01713,0.01039,0.10161,0.99462
1317617778.68975,243.03225,-64.20953,2.44016,-0.02602,0.00964,0.37334,0.92728
1317617779.62279,244.94026,-61.20108,2.24062,-0.02372,0.02091,0.59707,0.80157
1317617780.34972,245.39823,-58.08831,2.03662,-0.02187,0.02099,0.70106,0.71246
1317617781.28539,245.08044,-52.93245,1.73326,-0.02000,0.01951,0.72815,0.68485
1317617782.01194,244.76042,-47.79146,1.46826,-0.01689,0.01884,0.72531,0.68796
1317617782.94511,244.33603,-39.98995,1.04337,-0.01524,0.02675,0.72346,0.68967
1317617783.67044,243.95442,-33.83511,0.68423,-0.01578,0.03469,0.72953,0.68289
1317617784.29289,243.54620,-28.68382,0.37525,-0.01925,0.02466,0.73199,0.68059
1317617785.01841,243.11087,-22.75526,0.07216,-0.01484,0.03126,0.72737,0.68538
1317617785.95145,242.60274,-15.41879,-0.36533,-0.01708,0.03104,0.73190,0.68049
1317617786.46980,242.23425,-11.46851,-0.61825,-0.02402,0.02842,0.73956,0.67206
1317617786.88449,241.88414,-8.41618,-0.79250,-0.02838,0.02207,0.74234,0.66906
1317617787.81767,241.21109,-2.29068,-1.17050,-0.03449,0.01788,0.73753,0.67419
1317617788.75057,240.78412,2.65294,-1.49294,-0.03348,0.02009,0.72572,0.68688
1317617794.03712,241.10486,10.26827,-2.09681,-0.00910,0.00435,0.66507,0.74671
1317617795.59382,242.84993,14.75043,-2.12762,-0.01116,0.01047,0.38867,0.92125
1317617796.73359,247.68158,17.21284,-2.24230,-0.00761,0.00337,0.09227,0.99570
1317617797.76774,254.24410,17.86260,-2.29169,-0.00231,0.00245,0.01914,0.99981
1317617798.70028,261.45987,18.15094,-2.33766,-0.00524,-0.00114,0.02113,0.99976
1317617799.32222,266.80344,18.40531,-2.43285,0.01007,0.00290,0.02248,0.99969
1317617800.15186,274.60369,18.79624,-2.48653,0.01181,0.00757,0.02304,0.99964
1317617800.77347,280.81611,19.13029,-2.56021,0.01792,0.00839,0.02665,0.99945
1317617801.60263,289.26333,19.66243,-2.53656,-0.00078,0.00922,0.03283,0.99942
1317617802.32832,296.46762,20.17254,-2.56658,0.00068,0.00624,0.03310,0.99943
1317617802.84663,301.54155,20.53309,-2.61104,-0.00582,0.01170,0.03164,0.99941
1317617803.77957,310.67216,21.17418,-2.68812,-0.01270,0.00757,0.03117,0.99940
1317617804.50537,317.85473,21.64771,-2.74941,-0.01342,0.00711,0.02908,0.99946
1317617805.23107,325.39886,22.12517,-2.80822,-0.01216,0.01057,0.02840,0.99947
1317617806.16385,334.99083,22.70763,-2.91593,-0.00096,0.01067,0.02930,0.99951
1317617806.88929,342.13072,23.16236,-2.96900,0.00462,0.01353,0.03158,0.99940
1317617807.61476,348.74157,23.63300,-3.05650,0.00388,0.01226,0.03469,0.99932
1317617809.37707,361.66546,24.49963,-3.21324,0.00717,0.01093,0.02485,0.99961
1317617811.55038,370.90894,26.54858,-3.22978,0.00374,0.06330,0.32895,0.94222
1317617812.48261,373.17199,29.83449,-3.66078,0.03660,0.06837,0.58600,0.80659
1317617813.00160,373.61186,32.38495,-3.75275,0.02730,0.06335,0.70044,0.71037
1317617813.83464,373.14958,37.12221,-3.99440,0.02950,0.05025,0.74314,0.66660
1317617814.56171,372.57542,42.03008,-4.11193,0.02428,0.05003,0.73834,0.67213
1317617815.59848,371.88757,50.28343,-4.43568,0.01476,0.05603,0.72658,0.68463
1317617816.22043,371.54880,55.75121,-4.69589,0.01592,0.05387,0.72374,0.68778
1317617816.73851,371.26482,60.32554,-4.89857,0.01284,0.05408,0.72600,0.68544
1317617817.15311,371.01789,63.98475,-5.06724,0.01288,0.05249,0.72866,0.68274
1317617817.77518,370.55462,69.43062,-5.32654,0.00815,0.04876,0.73559,0.67562
1317617818.39723,370.02950,74.76159,-5.59116,0.00750,0.04736,0.73454,0.67687
1317617818.70842,369.77834,77.40642,-5.71065,0.00366,0.04732,0.73070,0.68105
1317617819.22664,369.45609,81.82376,-5.94239,0.00330,0.04832,0.72153,0.69068
1317617819.95200,369.23638,87.86331,-6.26331,0.00178,0.05175,0.71033,0.70196
1317617821.19672,369.10505,96.78418,-6.74034,0.01097,0.06209,0.71452,0.69677
1317617822.54360,368.32706,104.12813,-7.36070,0.00731,0.03638,0.74233,0.66900
1317617823.47682,367.59304,109.89602,-7.58674,-0.01072,0.02195,0.74830,0.66291
1317617824.20258,366.95060,114.99123,-7.85262,-0.01847,0.01919,0.74105,0.67092
1317617825.55044,366.05338,126.42625,-8.44382,-0.01891,0.01703,0.71687,0.69675
1317617826.27588,365.90561,133.37936,-8.78903,-0.01681,0.02231,0.71046,0.70319
1317617826.79408,365.78396,138.38388,-9.00905,-0.01506,0.02328,0.71584,0.69772
1317617827.41590,365.53628,144.30459,-9.33773,-0.01581,0.02185,0.72157,0.69182
1317617827.93397,365.28301,149.16680,-9.55575,-0.01823,0.02849,0.72558,0.68731
1317617828.24482,365.08894,152.04590,-9.74076,-0.01674,0.02471,0.72926,0.68358
1317617828.45217,364.95022,153.95260,-9.82157,-0.01561,0.02446,0.73103,0.68172
1317617828.97059,364.55847,158.69782,-10.08883,-0.01839,0.03154,0.73286,0.67940
1317617829.48897,364.17216,163.34398,-10.37913,-0.01639,0.02589,0.73178,0.68085
1317617830.42189,363.55087,171.33017,-10.83094,-0.02287,0.03152,0.72798,0.68449
1317617831.14743,363.19984,176.68730,-11.14662,-0.01677,0.04098,0.72818,0.68396
1317617832.18373,362.67796,182.54677,-11.55482,-0.01157,0.03038,0.74867,0.66215
1317617832.80430,361.97193,185.67193,-11.69241,-0.00740,0.03263,0.81183,0.58294
1317617833.63176,359.98804,188.98150,-11.87157,-0.01101,0.03444,0.92564,0.37668
1317617834.14967,357.88824,190.43786,-11.92287,-0.00889,0.03043,0.97696,0.21106
1317617834.66857,355.22102,191.22429,-11.99830,-0.00873,0.03581,0.99716,0.06571
1317617835.18896,352.12533,191.39425,-12.03396,-0.00589,0.03330,0.99941,0.00632
1317617835.81239,348.01960,191.26925,-12.05239,0.00255,0.03362,0.99887,-0.03336
1317617836.22746,345.03342,190.99935,-12.02233,0.00246,0.02944,0.99868,-0.04213
1317617836.64230,341.87308,190.67007,-11.96963,-0.00123,0.02817,0.99826,-0.05170
1317617836.95341,339.32625,190.36137,-11.98232,0.00371,0.02422,0.99818,-0.05508
1317617837.26463,336.68628,190.03238,-11.91013,0.00212,0.02424,0.99829,-0.05307
1317617837.57575,333.91678,189.71584,-11.90880,0.00111,0.02169,0.99853,-0.04970
1317617837.78309,332.09070,189.51902,-11.89048,-0.00134,0.01962,0.99871,-0.04686
1317617838.19779,328.35159,189.14530,-11.88844,-0.00800,0.01768,0.99890,-0.04258
1317617838.61234,324.59856,188.80801,-11.95865,-0.00254,0.01604,0.99913,-0.03836
1317617839.13032,319.95617,188.42860,-11.94895,-0.00003,0.00963,0.99937,-0.03402
1317617839.64865,315.19612,188.09325,-11.92384,-0.00221,0.01131,0.99952,-0.02886
1317617840.37421,308.51962,187.64556,-11.93311,-0.00106,0.01223,0.99948,-0.02975
1317617840.78890,304.75326,187.38921,-11.86175,-0.00156,0.01512,0.99943,-0.03015
1317617841.30725,300.08428,187.08596,-11.84221,-0.00033,0.01473,0.99961,-0.02353
1317617841.61834,297.29205,186.93288,-11.79032,-0.00407,0.01856,0.99958,-0.02211
1317617842.13654,292.65673,186.68645,-11.77722,-0.00224,0.02430,0.99935,-0.02661
1317617842.55126,288.92980,186.42225,-11.76407,-0.00124,0.02105,0.99919,-0.03437
1317617842.86236,286.09196,186.19170,-11.77722,-0.00163,0.02271,0.99911,-0.03539
1317617843.17360,283.24353,185.97443,-11.70817,0.00187,0.02330,0.99911,-0.03525
1317617843.58838,279.38055,185.67000,-11.67213,-0.00193,0.02418,0.99918,-0.03237
1317617844.00364,275.48188,185.40226,-11.64544,-0.00601,0.02755,0.99923,-0.02743
1317617844.41797,271.58343,185.15855,-11.68180,-0.00463,0.02646,0.99924,-0.02833
1317617844.72845,268.63757,184.95075,-11.64205,-0.00795,0.02639,0.99907,-0.03317
1317617845.24690,263.70695,184.56417,-11.58705,-0.00417,0.02762,0.99896,-0.03617
1317617845.66227,259.73117,184.22331,-11.63419,0.00362,0.02583,0.99882,-0.04103
1317617845.97330,256.66443,183.95914,-11.62159,0.00393,0.02769,0.99863,-0.04418
1317617846.28429,253.67789,183.66641,-11.55951,-0.00699,0.02583,0.99867,-0.04409
1317617846.69913,249.76523,183.26890,-11.66837,-0.00342,0.03646,0.99849,-0.04100
1317617847.00997,246.76488,183.02475,-11.49074,-0.00257,0.03485,0.99863,-0.03890
1317617847.42456,242.83020,182.69812,-11.37993,-0.00173,0.03692,0.99864,-0.03680
1317617847.83902,239.07390,182.41906,-11.38386,-0.00664,0.04197,0.99846,-0.03556
1317617848.35735,234.64302,182.06427,-11.43878,0.00264,0.03436,0.99882,-0.03436
1317617848.77181,231.30197,181.77404,-11.87864,-0.00135,0.03330,0.99909,-0.02651
1317617849.28989,227.45648,181.66489,-11.54393,-0.00169,0.01953,0.99961,-0.01991
1317617849.80784,224.06205,181.58139,-11.51538,0.00467,0.02856,0.99942,-0.01796
1317617850.84337,219.65279,181.05617,-11.59352,0.01269,0.03746,0.99565,-0.08431
1317617851.67079,216.51365,179.95164,-11.50690,0.02287,0.02326,0.96303,-0.26743
1317617852.29198,214.36957,178.14618,-11.30354,0.01475,0.02467,0.90467,-0.42515
1317617853.43251,212.10337,172.49574,-10.96094,0.02328,0.00798,0.74487,-0.66676
1317617854.99051,211.98935,161.55086,-10.54450,0.01878,0.00672,0.69789,-0.71592
1317617855.92341,212.29877,153.87688,-10.03108,0.01405,0.01245,0.69182,-0.72183
1317617856.64884,212.68786,147.56845,-9.77601,0.00847,0.01372,0.68013,-0.73291
1317617857.47839,213.41282,140.43315,-9.43222,0.01647,0.00634,0.66846,-0.74354
1317617858.10060,214.02110,135.18286,-9.21160,0.02643,0.00151,0.67109,-0.74090
1317617858.41142,214.29192,132.67332,-9.07646,0.02927,0.00059,0.67344,-0.73866
1317617858.61878,214.46419,131.05961,-9.01467,0.02903,0.00026,0.67536,-0.73692
1317617858.92976,214.69365,128.77102,-8.88261,0.03318,-0.00194,0.67977,-0.73267
1317617859.34459,214.89955,126.01836,-8.74573,0.03174,0.00046,0.68844,-0.72460
1317617859.75933,215.04147,123.52654,-8.59650,0.03074,0.00876,0.69653,-0.71682
1317617860.17389,215.14339,121.09850,-8.44330,0.03171,0.00764,0.70273,-0.71071
1317617860.89932,215.22827,116.93854,-8.21261,0.01712,0.00395,0.69662,-0.71723
1317617861.52052,216.41796,113.89785,-8.42062,0.01627,0.02225,0.65531,-0.75486
1317617862.03822,216.99694,111.19755,-8.25168,0.01348,0.01257,0.58154,-0.81331
1317617862.55579,218.13841,108.79265,-8.15005,0.01580,0.01518,0.47288,-0.88085
1317617863.90341,223.32787,104.79494,-7.88006,0.01746,0.00657,0.16408,-0.98627
1317617865.46330,230.64818,103.14478,-7.76320,0.03393,-0.00093,0.16235,-0.98615
1317617866.39981,233.82909,101.35919,-7.64499,0.01925,0.00873,0.38817,-0.92135
1317617867.43609,235.75840,98.09791,-7.46482,0.01152,0.01271,0.60164,-0.79858
1317617868.78150,236.76298,91.53985,-7.14649,0.01000,0.02089,0.67507,-0.73739
1317617869.40341,237.11215,87.59966,-7.01240,0.01317,0.01978,0.68025,-0.73259
1317617870.02524,237.45449,83.07260,-6.73240,0.01642,0.01715,0.68560,-0.72759
1317617870.43982,237.64744,79.88910,-6.59625,0.01355,0.01639,0.68836,-0.72506
1317617871.16550,237.95711,74.02591,-6.31718,0.01789,0.01744,0.69214,-0.72134
1317617871.89108,238.27820,67.83327,-5.97352,0.01261,0.01960,0.68532,-0.72786
1317617872.30590,238.52985,64.32975,-5.80406,0.01361,0.01688,0.68313,-0.72998
1317617873.03171,238.98014,58.30174,-5.52461,0.01433,0.01837,0.67970,-0.73312
1317617873.65340,239.38489,53.29880,-5.25980,0.00938,0.01699,0.67856,-0.73429
1317617874.58619,240.01164,46.12413,-4.93052,0.00932,0.01646,0.67528,-0.73732
1317617875.51898,240.66602,39.71369,-4.61830,0.01812,0.00855,0.67412,-0.73835
1317617876.34847,241.14439,34.52437,-4.37284,0.01589,0.01126,0.67961,-0.73331
1317617877.69590,241.52723,27.94925,-4.24176,0.02274,0.01982,0.72050,-0.69280
1317617879.76939,241.06543,23.65671,-3.94331,0.01807,0.03184,0.80631,-0.59037
1317617880.70338,240.11698,21.47569,-3.77842,0.02099,0.03766,0.88564,-0.46237
1317617881.42981,238.13157,19.39712,-3.59957,0.02170,0.04136,0.95709,-0.28601
1317617882.77556,230.57082,17.34889,-3.29592,0.00739,0.04897,0.99815,-0.03536
1317617883.49975,224.98787,17.08791,-3.26451,0.00324,0.05938,0.99815,-0.01234
1317617884.01745,220.46314,16.95405,-3.24432,0.00379,0.06680,0.99765,-0.01508
1317617884.53552,215.52175,16.76757,-3.15031,0.00603,0.06565,0.99759,-0.02166
1317617884.95014,211.31149,16.52503,-3.08545,0.00568,0.06302,0.99757,-0.02927
1317617885.36469,206.91967,16.24415,-2.98937,0.00435,0.06351,0.99738,-0.03434
1317617885.88278,201.27890,15.81526,-2.87807,0.00361,0.05976,0.99746,-0.03854
1317617886.29736,196.70750,15.44509,-2.77248,0.00306,0.05719,0.99759,-0.03914
1317617886.60834,193.23120,15.14376,-2.74647,0.00149,0.06029,0.99744,-0.03839
1317617887.12654,187.28790,14.67750,-2.60595,0.00061,0.05429,0.99794,-0.03420
1317617887.54113,182.41464,14.33445,-2.57069,0.00087,0.05388,0.99807,-0.03096
1317617887.95571,177.47325,14.01960,-2.54602,0.00254,0.06214,0.99765,-0.02866
1317617888.47391,171.12189,13.64321,-2.44237,0.00029,0.05814,0.99795,-0.02673
1317617888.88855,165.96622,13.35209,-2.34357,0.00241,0.05298,0.99821,-0.02750
1317617889.19937,162.04928,13.11725,-2.30256,0.00047,0.05739,0.99795,-0.02826
1317617889.61368,156.84850,12.79583,-2.22689,0.00061,0.05719,0.99792,-0.02962
1317617890.13151,150.28721,12.36536,-2.14899,-0.00199,0.05553,0.99795,-0.03190
1317617890.54585,145.10169,11.99900,-2.07060,-0.00108,0.05729,0.99780,-0.03346
1317617891.06405,138.69432,11.53010,-1.92524,-0.00289,0.05159,0.99804,-0.03518
1317617891.58226,132.33293,11.04586,-1.90732,-0.00213,0.05842,0.99760,-0.03698
1317617891.99685,127.46141,10.65350,-1.83553,-0.00165,0.06014,0.99747,-0.03784
1317617892.41143,122.68980,10.27496,-1.77424,-0.00069,0.05668,0.99773,-0.03632
1317617892.92962,117.11531,9.86500,-1.66862,-0.00028,0.05512,0.99790,-0.03389
1317617893.55170,111.05291,9.44238,-1.56077,-0.00127,0.05793,0.99785,-0.03066
1317617894.17364,105.86595,9.11967,-1.46634,-0.00490,0.05751,0.99794,-0.02796
1317617895.31223,97.90293,7.56895,-1.02514,-0.00199,0.06846,0.98885,-0.13222
1317617895.72612,96.01982,6.84845,-1.05809,0.00040,0.04834,0.97372,-0.22254
1317617896.14048,94.23397,5.73303,-1.04178,-0.00022,0.02231,0.94499,-0.32632
1317617896.76198,92.17917,3.49565,-0.89394,0.00589,0.02537,0.87122,-0.49021
1317617898.11128,90.70469,-2.65803,-0.63220,0.02017,0.02335,0.72007,-0.69322
1317617898.73472,90.67597,-6.08180,-0.40218,0.01411,0.02411,0.71332,-0.70029
1317617899.56439,90.58265,-11.49004,-0.09293,0.00529,0.03111,0.71148,-0.70199
1317617900.70441,90.79854,-20.87744,0.47704,0.01781,0.01510,0.67798,-0.73471
1317617901.63783,91.39891,-28.56776,0.83969,0.02580,0.00241,0.70150,-0.71220
1317617902.25978,91.34465,-33.63501,1.11885,0.02295,0.00305,0.72555,-0.68778
1317617902.88134,91.03614,-38.76781,1.37321,0.02142,0.01225,0.73221,-0.68063
1317617903.71052,90.61327,-45.88028,1.71206,0.02134,0.00570,0.72920,-0.68394
1317617904.33283,90.16587,-51.24056,1.92330,0.03565,0.00405,0.75707,-0.65235
1317617904.95502,89.13528,-56.35641,2.27679,0.02184,0.00700,0.79636,-0.60438
1317617905.47298,87.83348,-60.54456,2.53251,0.01364,0.00912,0.81547,-0.57856
1317617906.09417,86.06949,-65.59677,2.76270,0.02078,0.01701,0.81720,-0.57573
1317617906.71630,84.17233,-70.75140,3.04923,0.01625,0.01435,0.83101,-0.55584
1317617907.33781,81.79049,-76.02580,3.44120,0.02008,0.02074,0.84991,-0.52613
1317617907.85576,79.59323,-80.44362,3.73930,0.01954,0.01770,0.85203,-0.52282
1317617908.37396,77.41385,-84.85106,4.02213,0.02294,0.00808,0.85854,-0.51217
1317617908.99616,74.32473,-90.18143,4.17231,0.01758,0.02681,0.87794,-0.47769
1317617909.51438,71.75697,-93.93082,4.50462,0.00851,0.03470,0.89484,-0.44496
1317617910.03241,68.84949,-97.62755,4.77199,0.00410,0.03926,0.90327,-0.42725
1317617910.86098,64.71988,-102.75938,5.09903,0.00189,0.04356,0.89602,-0.44186
1317617911.79415,61.01735,-107.68931,5.47965,-0.00099,0.04528,0.89719,-0.43932
1317617912.83055,56.73188,-113.05543,5.76578,0.00330,0.04069,0.90307,-0.42754
1317617913.45224,53.96426,-116.64795,5.96744,-0.00106,0.03201,0.89332,-0.44827
1317617913.97070,51.65960,-119.98077,6.08957,0.01559,0.01971,0.88976,-0.45574
1317617914.38541,49.69869,-122.78705,6.24856,0.01231,0.02083,0.88873,-0.45778
1317617914.80014,47.63138,-125.77665,6.48227,0.01262,0.01998,0.89077,-0.45384
1317617915.21458,45.43625,-128.79990,6.61464,0.01193,0.01358,0.89191,-0.45185
1317617915.93977,41.49346,-134.26057,6.85780,0.01762,0.00141,0.89188,-0.45192
1317617916.35410,39.25335,-137.32175,6.98713,0.00455,0.02473,0.88826,-0.45865
1317617916.76881,37.16119,-140.37966,7.16778,0.01004,0.01050,0.88884,-0.45798
1317617917.07991,35.54464,-142.71660,7.28611,0.00870,0.00957,0.89053,-0.45475
1317617917.28716,34.49890,-144.19545,7.29523,0.01540,0.00451,0.89157,-0.45260
1317617917.80551,31.81565,-147.90476,7.47351,0.01213,0.00501,0.89340,-0.44907
1317617918.42742,28.66924,-152.29083,7.72732,0.01059,0.00541,0.89257,-0.45074
1317617918.84204,26.67094,-155.01029,7.87712,0.01546,0.01658,0.89491,-0.44568
1317617919.15311,25.28201,-156.87208,7.99559,0.00337,0.01216,0.89853,-0.43874
1317617919.56781,23.56474,-159.04547,8.09172,0.01082,0.02042,0.90120,-0.43278
1317617920.39522,20.71842,-162.93970,8.32881,-0.00040,0.03925,0.85233,-0.52152
1317617921.43113,19.23966,-168.36718,8.67396,0.00369,0.03006,0.73049,-0.68225
1317617922.05432,19.24084,-172.09207,8.84769,0.01795,0.01647,0.70776,-0.70604
1317617922.78114,19.22557,-176.80639,9.07524,0.02132,0.02364,0.72001,-0.69324
1317617923.40309,19.02961,-181.11406,9.31536,0.01824,0.01730,0.73136,-0.68153
1317617923.81768,18.81723,-184.07181,9.55567,0.02009,0.01617,0.73195,-0.68087
1317617924.12864,18.66899,-186.34377,9.68797,0.02074,0.01308,0.73081,-0.68214
1317617924.33609,18.59105,-187.87757,9.78353,0.01841,0.01122,0.73028,-0.68280
1317617924.54335,18.49367,-189.42019,9.84569,0.01917,0.01132,0.72963,-0.68348
1317617925.06182,18.23832,-193.34053,10.04257,0.01761,0.01540,0.73000,-0.68305
1317617925.26929,18.13976,-194.92746,10.12577,0.02004,0.01823,0.73102,-0.68182
1317617925.89148,17.80090,-199.82052,10.42990,0.01711,0.02017,0.73558,-0.67692
1317617926.51332,17.78094,-204.92849,10.70202,-0.00381,0.04023,0.73756,-0.67408
1317617926.92800,17.52310,-208.32974,10.84537,0.01590,0.02181,0.73448,-0.67809
1317617927.34247,17.29182,-211.70851,11.10027,0.01177,0.01538,0.73369,-0.67921
1317617927.96441,16.95260,-216.84904,11.36814,0.02339,0.00428,0.73621,-0.67633
1317617928.58648,16.53078,-222.03892,11.64032,0.01221,0.02070,0.73401,-0.67872
1317617929.41554,16.05727,-229.15075,11.94893,0.01827,0.00806,0.73662,-0.67601
1317617930.03783,15.61009,-234.56031,12.26996,0.01219,0.01037,0.73937,-0.67310
1317617930.45267,15.30597,-238.09991,12.40632,0.02134,0.01347,0.73988,-0.67227
1317617930.97116,14.94552,-242.49463,12.61789,0.02435,0.01126,0.73637,-0.67605
1317617931.49002,14.64012,-246.79605,12.88986,0.02278,0.01373,0.73296,-0.67975
1317617932.11215,14.31145,-251.86553,13.16161,0.01701,0.01254,0.72904,-0.68415
1317617932.52686,14.18224,-254.95856,13.41674,0.02015,-0.00032,0.72850,-0.68475
1317617932.94120,14.02700,-257.83687,13.53111,0.02163,0.01062,0.72993,-0.68310
1317617933.35594,13.86131,-260.59307,13.75777,0.01599,0.01456,0.73821,-0.67423
1317617933.87401,13.46825,-263.79346,13.74881,0.01030,0.01686,0.75722,-0.65286
1317617934.39195,13.02205,-266.53696,13.97616,0.00330,0.02271,0.77495,-0.63161
1317617935.11713,12.41579,-269.47228,14.11682,-0.00260,0.02942,0.78452,-0.61940
1317617936.25590,11.86827,-272.43711,14.25117,0.00194,0.02775,0.71077,-0.70287
1317617937.08457,12.17344,-274.38788,14.36374,0.00827,0.01609,0.56623,-0.82405
1317617937.70502,13.15082,-275.95335,14.40478,0.01635,0.01589,0.40111,-0.91575
1317617939.15775,18.84767,-278.57928,14.55688,0.03089,0.00590,0.10455,-0.99402
1317617940.50676,28.22794,-279.33677,14.67931,0.03636,0.00549,0.02374,-0.99904
1317617941.02523,32.77127,-279.53618,14.78133,0.02846,0.00147,0.02842,-0.99919
1317617941.33606,35.58796,-279.69051,14.77539,0.02567,0.00366,0.03248,-0.99914
1317617941.64716,38.47569,-279.85952,14.82171,0.02499,0.00788,0.03591,-0.99901
1317617942.16523,43.42914,-280.18940,14.88790,0.01999,0.00553,0.03725,-0.99909
1317617942.78705,49.60159,-280.58270,15.01117,0.02694,-0.00119,0.03542,-0.99901
1317617943.20165,53.71713,-280.82113,14.99638,0.03045,-0.00362,0.03290,-0.99899
1317617943.51261,56.79456,-280.97672,14.99981,0.03171,0.00304,0.03249,-0.99896
1317617943.92732,60.87068,-281.19994,15.05461,0.03090,-0.00271,0.03478,-0.99891
1317617944.65263,67.95291,-281.67830,15.05051,0.02780,-0.00219,0.04011,-0.99881
1317617945.37796,75.08608,-282.12734,15.06754,0.03282,0.00103,0.03076,-0.99899
1317617945.99988,81.16993,-282.39776,15.08644,0.03710,-0.00084,0.03143,-0.99882
1317617946.62183,87.18750,-282.75198,15.07321,0.03041,0.00061,0.03361,-0.99897
1317617947.14016,92.14913,-283.04280,15.11264,0.03295,0.00504,0.03829,-0.99871
1317617947.45112,95.13916,-283.25515,15.15699,0.03049,-0.00838,0.04333,-0.99856
1317617948.07308,101.16116,-283.79321,15.14794,0.02669,-0.00446,0.05775,-0.99796
1317617948.69501,107.18975,-284.53830,15.14671,0.02169,-0.00788,0.07292,-0.99707
1317617949.21334,111.99898,-285.21961,15.12966,0.02303,-0.00700,0.07715,-0.99673
1317617949.62779,115.83932,-285.75409,15.12087,0.01632,-0.00971,0.07058,-0.99733
1317617950.04259,119.65689,-286.24023,15.11427,0.01294,-0.00442,0.06583,-0.99774
1317617950.45722,123.36837,-286.70278,15.09914,-0.00199,-0.01374,0.06321,-0.99790
1317617951.18305,129.25573,-287.44230,15.03310,-0.00239,-0.01282,0.07652,-0.99698
1317617952.84126,139.35209,-289.50723,15.03757,0.01355,0.00951,0.12629,-0.99186
1317617954.08239,145.63474,-290.40975,15.17988,0.00456,0.00605,-0.04194,-0.99909
1317617954.90944,149.70995,-289.18951,15.18973,0.01255,-0.01294,-0.27247,-0.96200
1317617956.36243,155.01281,-282.23989,14.80868,0.03412,-0.01380,-0.52954,-0.84749
1317617957.50520,158.89324,-274.25719,14.44103,0.04123,-0.00088,-0.51824,-0.85424
1317617958.43798,162.88272,-266.55465,14.07976,0.03199,-0.00560,-0.51127,-0.85881
1317617959.37129,167.18992,-259.01206,13.72703,0.03130,-0.00608,-0.47785,-0.87786
1317617960.30350,172.08364,-251.77691,13.40081,0.01470,-0.02113,-0.46709,-0.88383
1317617961.13249,176.31228,-245.13428,13.08672,0.00516,-0.03045,-0.49535,-0.86815
1317617961.85817,179.71848,-239.01660,12.74258,-0.00309,-0.03412,-0.51558,-0.85616
1317617962.48039,182.38284,-233.71561,12.37985,-0.00014,-0.03170,-0.52140,-0.85273
1317617962.99869,184.58459,-229.32742,12.18336,0.00091,-0.02535,-0.51642,-0.85596
1317617963.72425,187.67351,-223.44494,11.90665,0.00336,-0.03162,-0.51425,-0.85705
1317617964.34632,190.18652,-218.61829,11.65035,0.00671,-0.03542,-0.51771,-0.85480
1317617965.17569,193.12072,-212.82742,11.33370,0.00211,-0.03288,-0.52400,-0.85108
1317617966.41963,196.35635,-206.15502,10.98852,0.00717,-0.03295,-0.52216,-0.85218
1317617969.52926,201.70238,-198.48533,10.41037,0.00151,-0.01566,-0.42885,-0.90324
1317617970.56513,205.08747,-193.83373,10.10174,0.00051,-0.02942,-0.47302,-0.88056
1317617971.29105,207.61299,-189.62559,9.88762,-0.01252,-0.03900,-0.50463,-0.86236
1317617972.22434,210.99804,-183.30420,9.44932,-0.00991,-0.03495,-0.51130,-0.85863
1317617973.26087,215.09375,-175.63576,9.03357,-0.00581,-0.03653,-0.51043,-0.85912
1317617974.09005,218.36693,-169.54545,8.67956,-0.01183,-0.03700,-0.51196,-0.85813
1317617974.81562,221.06774,-164.43408,8.41926,-0.01188,-0.04040,-0.51533,-0.85596
1317617975.85190,223.06072,-158.84531,7.99745,-0.01042,-0.02913,-0.54210,-0.83975
1317617976.67994,224.44987,-154.50701,7.90925,0.00361,-0.02805,-0.64513,-0.76355
1317617977.40588,224.62023,-150.60541,7.73476,0.01669,-0.02319,-0.72035,-0.69302
1317617978.23680,224.17037,-145.17430,7.40824,0.01672,-0.03091,-0.73544,-0.67667
1317617979.16985,223.53374,-137.99820,6.96281,0.00256,-0.03022,-0.73031,-0.68245
1317617979.79197,223.20842,-132.48210,6.68423,0.00046,-0.03907,-0.72183,-0.69097
1317617980.51736,222.87066,-125.47911,6.36848,0.00539,-0.04406,-0.72156,-0.69092
1317617981.03554,222.59515,-120.37329,6.12588,-0.00505,-0.03899,-0.72631,-0.68624
1317617981.34651,222.38857,-117.33250,6.00698,0.00341,-0.04506,-0.72795,-0.68414
1317617981.76131,222.09579,-113.30491,5.80857,-0.00253,-0.04144,-0.72935,-0.68288
1317617981.96870,221.96255,-111.30565,5.69745,0.00317,-0.04366,-0.72922,-0.68288
1317617982.17593,221.81788,-109.33483,5.62036,-0.00004,-0.04555,-0.72875,-0.68326
1317617982.48690,221.61196,-106.45433,5.43706,-0.00640,-0.04000,-0.72751,-0.68490
1317617982.79788,221.43932,-103.48578,5.30451,-0.00541,-0.04573,-0.72580,-0.68636
1317617983.21246,221.21018,-99.65338,5.13799,-0.00790,-0.04850,-0.72584,-0.68611
1317617983.62704,220.99995,-95.91408,4.96431,-0.00711,-0.05166,-0.72740,-0.68423
1317617983.93790,220.77872,-93.13631,4.85338,-0.00536,-0.05359,-0.73082,-0.68044
1317617984.35248,220.47879,-89.61654,4.65770,-0.00434,-0.05140,-0.73476,-0.67636
1317617984.55985,220.33022,-87.94939,4.55515,-0.00438,-0.04568,-0.73564,-0.67581
1317617985.07817,219.97264,-84.14497,4.39190,0.00098,-0.04858,-0.73355,-0.67790
1317617986.11588,219.34809,-77.57531,4.16601,0.01212,-0.05248,-0.66574,-0.74424
1317617987.25785,221.33633,-71.62832,3.65404,0.02762,-0.03026,-0.44366,-0.89526
1317617988.19053,225.61082,-68.19051,3.33725,0.02145,-0.01047,-0.20573,-0.97832
1317617989.53527,235.37480,-66.47014,3.22936,0.00436,-0.00943,-0.02261,-0.99969
1317617990.36331,241.75108,-66.17987,3.12847,-0.00858,0.00097,-0.02267,-0.99971
1317617990.98511,246.87387,-65.91049,3.20763,-0.01286,-0.00952,-0.02928,-0.99944
1317617991.71070,253.21895,-65.46708,3.15003,-0.00410,-0.00209,-0.03081,-0.99951
1317617992.33250,259.11020,-65.08029,3.07072,0.00195,-0.00023,-0.02781,-0.99961
1317617992.85058,264.24617,-64.76996,3.03712,0.00020,-0.00802,-0.03017,-0.99951
1317617993.47239,270.60746,-64.35189,2.95618,0.00240,-0.00930,-0.03255,-0.99942
1317617993.99060,275.88067,-63.98291,2.90021,0.00272,-0.00477,-0.03381,-0.99941
1317617994.50880,281.19575,-63.57355,2.96924,-0.00131,-0.00987,-0.03663,-0.99928
1317617995.13062,287.40752,-63.10196,2.86591,0.00805,-0.00559,-0.03416,-0.99937
1317617995.75263,293.57516,-62.64791,2.82992,0.01388,-0.00653,-0.03357,-0.99932
1317617996.37440,299.66147,-62.19818,2.83051,0.00781,-0.00523,-0.03661,-0.99929
1317617996.99638,305.73408,-61.67801,2.71105,0.00721,-0.00841,-0.04514,-0.99892
1317617997.51452,310.68418,-61.17542,2.65421,0.00649,-0.00355,-0.05671,-0.99836
1317617998.13647,316.55269,-60.38192,2.61838,0.01697,-0.01036,-0.06961,-0.99738
1317617998.75869,322.37882,-59.49630,2.50124,0.03536,-0.00700,-0.06513,-0.99723
1317617999.27686,327.29815,-58.85066,2.41229,0.04205,-0.01052,-0.05039,-0.99779
1317618000.10591,335.43394,-58.12570,2.30919,0.03480,-0.00773,-0.03391,-0.99879
1317618001.14257,345.54447,-57.45003,2.20342,0.03617,-0.01002,-0.02824,-0.99890
1317618001.97186,353.24046,-56.98914,2.09785,0.02641,-0.00976,-0.02563,-0.99927
1317618003.00840,361.69033,-56.65524,2.04004,0.02851,-0.01588,-0.00155,-0.99947
1317618004.45914,371.21213,-56.47861,1.72023,0.00319,-0.00454,-0.03004,-0.99953
1317618005.59978,379.03126,-55.35340,1.62305,0.02010,-0.00663,-0.07248,-0.99715
1317618006.63681,387.72659,-54.38710,1.50355,0.01746,0.00363,-0.02357,-0.99956
1317618007.36189,394.66605,-54.16308,1.45002,0.01936,-0.00500,-0.01071,-0.99974
1317618007.88007,399.95844,-53.98018,1.48249,0.00382,-0.00625,-0.01758,-0.99982
1317618008.81311,409.65287,-53.43271,1.44916,0.00372,-0.00782,-0.03099,-0.99948
1317618009.53880,417.06162,-52.93061,1.39222,0.01024,-0.01227,-0.03166,-0.99937
1317618010.16074,423.29684,-52.49948,1.31772,0.00795,-0.00243,-0.02992,-0.99952
1317618010.88630,430.15951,-52.05721,1.28974,0.01510,-0.00588,-0.03075,-0.99940
1317618011.61158,436.21680,-51.52788,1.28847,0.01057,-0.01262,-0.05269,-0.99848
1317618012.75186,444.04785,-50.48913,0.81948,0.03408,0.00349,-0.09141,-0.99522
1317618014.00027,450.18827,-50.09229,0.97348,0.03949,0.01571,0.14371,-0.98871
1317618014.62398,452.64487,-51.27849,1.13155,0.02176,0.01985,0.35113,-0.93586
1317618015.24585,454.26282,-53.24763,1.33963,0.00601,0.02140,0.53019,-0.84758
1317618016.07374,455.26034,-57.03387,1.52096,0.00613,0.03481,0.67512,-0.73686
1317618017.41781,455.76997,-65.20607,1.98502,0.00360,0.03939,0.68182,-0.73045
1317618018.35075,456.36112,-72.37966,2.39703,-0.00026,0.03100,0.67652,-0.73577
1317618018.86920,456.75554,-76.76146,2.68576,0.00948,0.03487,0.67816,-0.73403
1317618019.38751,457.12234,-81.43130,2.92126,0.00181,0.03256,0.68222,-0.73042
1317618019.80197,457.42039,-85.27504,3.14486,0.00383,0.02975,0.68197,-0.73076
1317618020.32042,457.79480,-90.14160,3.41408,0.00766,0.02873,0.68123,-0.73147
1317618020.83890,458.15142,-95.02117,3.69341,0.00200,0.02315,0.68184,-0.73114
1317618021.35695,458.49734,-99.86521,3.92030,0.00059,0.02803,0.68455,-0.72842
1317618021.97879,458.89278,-105.57564,4.21462,0.01052,0.03140,0.68322,-0.72946
1317618022.60084,459.29794,-111.18388,4.53864,0.00109,0.02943,0.68229,-0.73049
1317618023.22280,459.71772,-116.59100,4.85883,0.00753,0.02802,0.67802,-0.73447
1317618023.74085,460.15013,-121.00731,5.07345,-0.00107,0.02374,0.66127,-0.74977
1317618024.25919,460.93512,-125.46585,5.26863,0.01649,0.01614,0.64138,-0.76687
1317618024.88138,461.97549,-130.55593,5.54532,0.01568,0.01252,0.62308,-0.78190
1317618025.29586,462.81695,-133.87389,5.73934,0.02004,0.01456,0.60790,-0.79363
1317618025.81434,464.03248,-137.93382,5.95715,0.01154,0.02218,0.58485,-0.81076
1317618026.53986,466.02764,-143.33676,6.32217,0.01248,0.01539,0.56288,-0.82630
1317618027.26554,468.29546,-148.61557,6.58272,0.01607,0.02165,0.54056,-0.84088
1317618027.99084,470.81875,-153.64011,6.90538,0.01988,0.01478,0.51272,-0.85820
1317618028.71653,473.53979,-158.27091,7.20743,0.01725,0.00930,0.48433,-0.87466
1317618029.96078,478.17421,-164.91191,7.59989,0.02254,0.00951,0.45519,-0.89006
1317618031.30969,481.20372,-169.72706,7.86499,0.01869,0.01298,0.55296,-0.83290
1317618032.55458,482.01520,-174.27031,8.08772,0.01326,0.01924,0.75282,-0.65781
1317618033.17674,481.25798,-176.93394,8.22442,0.01119,0.01154,0.85406,-0.51992
1317618033.79768,479.49390,-180.06367,8.36154,0.01399,0.01201,0.91944,-0.39280
1317618034.52112,475.67622,-183.64753,8.60900,0.01358,0.01836,0.93997,-0.34050
1317618035.03833,472.29221,-186.44780,8.76805,0.01365,0.02253,0.94259,-0.33291
1317618035.45254,469.25391,-188.93221,8.88010,0.00871,0.02070,0.94430,-0.32831
1317618035.76328,466.90928,-190.80634,8.99384,0.00803,0.02619,0.94415,-0.32839
1317618036.07398,464.54292,-192.71387,9.11778,0.00751,0.02688,0.94333,-0.33069
1317618036.59222,460.60195,-195.93878,9.34320,0.00522,0.02828,0.94184,-0.33483
1317618037.11041,456.70140,-199.18042,9.52458,0.00609,0.02586,0.94089,-0.33768
1317618037.62871,452.81449,-202.42619,9.73031,0.00588,0.02459,0.94097,-0.33753
1317618038.14704,448.95726,-205.62760,9.89097,0.00753,0.02277,0.94180,-0.33533
1317618038.76898,444.45667,-209.37531,10.09205,0.00318,0.01890,0.94080,-0.33841
1317618039.28706,440.67957,-212.58263,10.25237,0.00762,0.01900,0.93879,-0.34389
1317618039.80539,436.80386,-215.95137,10.41853,0.01084,0.01733,0.93872,-0.34408
1317618040.22010,433.59978,-218.71763,10.56706,0.00694,0.01525,0.93926,-0.34280
1317618040.63469,430.38178,-221.46578,10.71060,0.00614,0.01799,0.93907,-0.34319
1317618041.04923,427.19385,-224.20818,10.84747,0.00681,0.01769,0.93784,-0.34655
1317618041.56735,423.29821,-227.61780,11.03114,0.00797,0.01555,0.93680,-0.34943
1317618041.98196,420.31743,-230.27478,11.17773,0.00448,0.01288,0.93703,-0.34899
1317618042.70764,415.59381,-234.42433,11.37200,0.00358,0.01228,0.94186,-0.33575
1317618043.74596,409.93228,-238.66398,12.09939,-0.01363,0.01786,0.98064,-0.19454
1317618044.37022,406.53220,-239.58048,12.05439,-0.02195,0.01599,0.99961,0.00646
1317618045.09690,402.56175,-238.75333,11.89244,-0.02644,0.01691,0.96666,0.25415
1317618045.71787,399.61890,-236.60423,11.66425,-0.03185,0.01256,0.91751,0.39624
1317618046.44265,396.82877,-232.92020,11.37400,-0.03662,0.00032,0.86114,0.50705
1317618047.16783,394.68684,-227.80974,11.06258,-0.02436,0.01407,0.80932,0.58670
1317618047.89302,393.11267,-221.71542,10.68910,-0.01935,0.02520,0.77231,0.63445
1317618048.72131,391.81113,-213.56712,10.25974,-0.01108,0.02778,0.75135,0.65922
1317618049.34301,390.96943,-207.09662,9.91927,-0.01213,0.02691,0.74585,0.66546
1317618050.06832,390.09160,-199.30683,9.53075,-0.01740,0.02343,0.73956,0.67246
1317618050.48304,389.63513,-194.75476,9.16390,-0.01649,0.01703,0.73569,0.67691
1317618051.00191,389.14470,-189.18835,9.01061,-0.02306,0.01923,0.73235,0.68026
1317618051.51937,388.71327,-183.70349,8.73691,-0.02602,0.02137,0.72987,0.68275
1317618052.14126,388.24778,-177.21464,8.36938,-0.02335,0.02336,0.72819,0.68457
1317618052.86681,387.71814,-169.75000,7.95176,-0.02460,0.02517,0.72810,0.68457
1317618053.48850,387.28644,-163.53541,7.56821,-0.02145,0.02603,0.72567,0.68722
1317618053.90309,387.05120,-159.51639,7.36253,-0.02022,0.02782,0.72193,0.69111
1317618054.93952,386.72957,-150.62981,6.85895,-0.01449,0.03442,0.71683,0.69624
1317618055.87115,386.63020,-144.82093,6.40715,-0.00740,0.04501,0.76115,0.64697
1317618057.11130,383.90616,-139.67858,6.21442,0.00044,0.04829,0.94595,0.32070
1317618057.52591,382.31213,-138.76168,6.18411,-0.00814,0.04197,0.98145,0.18690
1317618058.35706,378.21758,-137.96619,6.11169,-0.00425,0.02937,0.99896,0.03468
1317618059.08424,373.74474,-137.90130,6.11982,0.00070,0.02951,0.99956,0.00098
1317618059.70670,369.28723,-137.95785,6.23289,0.00562,0.04100,0.99906,-0.01287
1317618060.74296,360.35866,-138.40163,6.37356,0.00075,0.03880,0.99879,-0.03007
1317618061.26144,355.30999,-138.74421,6.39180,0.00313,0.03382,0.99896,-0.03028
1317618061.67600,351.13835,-139.02249,6.44132,0.00165,0.03279,0.99903,-0.02936
1317618062.19421,345.81406,-139.37488,6.52185,0.00444,0.03089,0.99894,-0.03381
1317618062.50505,342.62580,-139.62345,6.63079,0.00290,0.03376,0.99885,-0.03398
1317618063.12712,336.24705,-140.07291,6.71038,0.00033,0.03865,0.99872,-0.03267
1317618063.54158,331.93792,-140.38774,6.76974,-0.00262,0.03357,0.99896,-0.03078
1317618063.85255,328.73336,-140.60504,6.76794,0.00203,0.03689,0.99886,-0.03024
1317618064.16340,325.50614,-140.82442,6.80090,-0.00110,0.04659,0.99846,-0.03002
1317618064.88885,317.72512,-141.30963,6.85722,0.00317,0.05472,0.99803,-0.03051
1317618065.40705,312.00615,-141.69604,6.89632,-0.00471,0.05105,0.99823,-0.03018
1317618065.92499,306.08485,-142.07941,6.93482,-0.00029,0.05310,0.99816,-0.02930
1317618066.44306,300.11392,-142.46817,7.01650,-0.00341,0.05156,0.99814,-0.03238
1317618066.96090,294.23963,-142.89141,7.09018,0.00451,0.04816,0.99819,-0.03580
1317618067.37523,289.62108,-143.25413,7.15822,-0.00357,0.04471,0.99834,-0.03617
1317618067.99745,282.64838,-143.78084,7.24968,0.00158,0.03980,0.99865,-0.03344
1317618068.41157,278.06096,-144.12835,7.26016,-0.00959,0.03770,0.99874,-0.03172
1317618068.92973,272.42936,-144.49652,7.31740,-0.00238,0.04231,0.99860,-0.03154
1317618069.24074,269.06635,-144.73693,7.34966,-0.01299,0.04051,0.99860,-0.03131
1317618069.75888,263.60266,-145.12382,7.30251,0.00176,0.03834,0.99880,-0.03047
1317618070.17366,259.33428,-145.40391,7.38431,-0.01078,0.03781,0.99880,-0.02932
1317618070.48450,256.16241,-145.61954,7.34107,-0.00749,0.03063,0.99907,-0.02933
1317618070.69168,254.17337,-145.74571,7.34504,-0.00073,0.03188,0.99902,-0.03080
1317618070.89925,252.24625,-145.87982,7.37540,-0.00334,0.03719,0.99875,-0.03325
1317618071.31364,248.62341,-146.15246,7.43269,0.00038,0.04249,0.99846,-0.03570
1317618071.72834,245.29755,-146.42939,7.46333,-0.00150,0.03421,0.99866,-0.03875
1317618072.03930,242.99339,-146.64880,7.50111,-0.00957,0.02970,0.99862,-0.04213
1317618072.35040,240.90703,-146.87026,7.49812,-0.00446,0.03013,0.99846,-0.04630
1317618072.76511,238.44958,-147.13016,7.51573,-0.01133,0.02335,0.99852,-0.04775
1317618073.28368,236.07525,-147.40716,7.55481,0.00312,0.01976,0.99959,-0.02054
1317618073.69890,234.14277,-147.50587,7.57319,-0.00052,0.01999,0.99932,0.03084
1317618074.11459,232.39099,-147.29632,7.54876,0.00376,0.03344,0.99339,0.10978
1317618074.42618,231.15464,-146.96006,7.59026,0.00441,0.03938,0.98391,0.17424
1317618074.84117,229.59080,-146.27683,7.54557,0.00143,0.04433,0.96137,0.27166
1317618075.35962,227.69765,-144.79463,7.50808,-0.00345,0.04177,0.91317,0.40542
1317618076.39552,224.99292,-139.80614,7.20965,-0.00422,0.03486,0.78808,0.61458
1317618077.63679,223.87934,-131.10791,6.73407,0.00571,0.04473,0.72515,0.68711
1317618078.36161,223.57887,-124.83073,6.39855,-0.00029,0.04848,0.72096,0.69128
1317618078.87974,223.35415,-119.91119,6.13306,0.00930,0.04797,0.72136,0.69084
1317618079.19054,223.19665,-116.92186,5.98834,0.00370,0.05313,0.72361,0.68815
1317618079.60498,222.93879,-112.94254,5.76273,0.00799,0.05054,0.72796,0.68371
1317618079.91583,222.72446,-109.95513,5.56794,0.00288,0.05374,0.73085,0.68041
1317618080.22668,222.48507,-107.01081,5.42782,0.00924,0.05211,0.73129,0.68001
1317618080.53765,222.26188,-104.11458,5.27109,0.01048,0.05108,0.73028,0.68115
1317618080.74500,222.12004,-102.15375,5.18552,0.00820,0.05582,0.72932,0.68184
1317618081.15959,221.84612,-98.26605,5.02028,0.01392,0.05777,0.72776,0.68325
1317618081.57418,221.58355,-94.51818,4.81247,0.01132,0.06141,0.72910,0.68155
1317618081.88514,221.36801,-91.73918,4.66014,0.00823,0.06146,0.73008,0.68054
1317618082.29961,221.08217,-88.25577,4.45693,0.00877,0.05816,0.73077,0.68009
1317618082.61075,220.90028,-85.86274,4.32534,0.00696,0.05866,0.73094,0.67988
1317618083.02536,220.66964,-83.02515,4.18137,0.00434,0.05964,0.72804,0.68293
1317618084.16628,220.54034,-76.98381,3.32025,-0.00876,0.04324,0.68687,0.72544
1317618085.41084,221.87282,-71.74055,2.86578,-0.01682,0.02141,0.49081,0.87084
1317618086.44775,225.35483,-68.18166,2.64393,-0.01315,0.00618,0.25362,0.96720
1317618088.61965,236.37134,-65.88877,2.67697,0.00348,0.00248,0.04315,0.99906
1317618089.75675,241.84256,-64.54610,2.65263,-0.01338,0.00242,0.23929,0.97085
1317618090.48010,244.34939,-62.44699,2.58183,-0.04187,0.01932,0.44527,0.89421
1317618091.20536,245.71134,-59.52783,2.35312,-0.03045,0.02720,0.63026,0.77531
1317618091.93271,245.93055,-56.09591,2.10429,-0.03039,0.01662,0.71358,0.69971
1317618092.97175,245.60239,-49.59526,1.67910,-0.02328,0.01987,0.72364,0.68949
1317618093.90491,245.20913,-42.18584,1.22385,-0.01998,0.02988,0.72570,0.68707
1317618094.83787,244.58675,-33.26240,0.62365,-0.01738,0.03341,0.73123,0.68109
1317618095.35629,244.10798,-27.92869,0.28925,-0.02059,0.02803,0.72993,0.68263
1317618095.87455,243.74073,-22.53463,-0.04446,-0.01754,0.03485,0.72991,0.68243
1317618096.49648,243.22905,-16.13210,-0.48285,-0.02094,0.03440,0.73505,0.67681
1317618096.91098,242.83097,-12.02709,-0.74841,-0.02627,0.03193,0.73693,0.67470
1317618097.42884,242.31590,-7.16504,-1.09089,-0.03369,0.02501,0.73821,0.67327
1317618098.36165,241.55429,0.37647,-1.60528,-0.03683,0.02348,0.73763,0.67379
1317618100.22783,241.63841,9.38871,-2.37604,-0.01574,0.00916,0.69112,0.72251
1317618102.50962,243.68073,15.46341,-2.52582,-0.00940,0.01338,0.37519,0.92681
1317618103.54565,248.52131,17.89280,-2.59846,-0.00798,0.00286,0.08439,0.99640
1317618104.57845,256.12980,18.38307,-2.68226,0.00189,0.00350,0.01262,0.99991
1317618105.51010,264.74411,18.73185,-2.89887,0.02094,0.00757,0.02093,0.99953
1317618106.02830,270.25178,19.00047,-2.88948,0.01221,-0.00023,0.02342,0.99965
1317618106.65024,277.18534,19.36590,-2.96477,0.01424,0.00648,0.02550,0.99955
1317618107.27231,284.48604,19.78883,-3.05687,0.01938,0.00479,0.02815,0.99940
1317618107.89425,291.83433,20.24029,-3.04160,0.00470,0.00984,0.02653,0.99959
1317618108.51607,299.19991,20.64915,-3.12951,0.00354,0.00767,0.02363,0.99969
1317618109.24177,307.99990,21.11647,-3.26975,-0.00505,0.00490,0.02310,0.99971
1317618109.75998,314.29868,21.44982,-3.31069,-0.00615,0.01012,0.02448,0.99963
1317618110.48564,323.00087,21.94480,-3.40931,-0.00970,0.00933,0.02604,0.99957
1317618111.21120,331.68416,22.43737,-3.52960,-0.00302,0.00904,0.02550,0.99963
1317618111.83304,338.96707,22.84686,-3.61273,0.00347,0.01083,0.02812,0.99954
1317618112.55871,346.86895,23.34223,-3.72153,0.01113,0.01253,0.02950,0.99942
1317618113.80258,358.49943,23.97196,-3.83195,0.00651,0.01675,0.01743,0.99969
1317618115.66603,370.28801,25.08343,-4.60147,0.00114,-0.03146,0.12966,0.99106
1317618116.80238,374.27944,28.03173,-4.43083,-0.02237,0.00132,0.50612,0.86217
1317618117.42413,375.14911,30.83802,-4.48369,-0.01476,0.00335,0.69249,0.72127
1317618117.94466,374.90009,33.56714,-4.56248,-0.02904,0.00349,0.75924,0.65015
1317618118.88162,373.76656,39.54107,-4.88698,-0.02564,0.00229,0.76567,0.64272
1317618119.50469,372.93728,44.40436,-5.11212,-0.03707,-0.00765,0.74921,0.66125
1317618120.33411,372.19447,51.95243,-5.46534,-0.04135,-0.00118,0.73273,0.67926
1317618120.85244,371.79277,57.09173,-5.76535,-0.04012,-0.00787,0.73118,0.68096
1317618121.16329,371.55411,60.28460,-5.89661,-0.04411,-0.00885,0.72901,0.68302
1317618121.47413,371.31761,63.57819,-6.04491,-0.04347,-0.00884,0.72773,0.68442
1317618121.99222,370.93403,69.06086,-6.31142,-0.04770,-0.00817,0.72804,0.68383
1317618122.40679,370.60154,73.39093,-6.51944,-0.04542,-0.00588,0.73012,0.68179
1317618122.71777,370.36578,76.60164,-6.67795,-0.04621,-0.00781,0.73100,0.68077
1317618123.13248,370.03976,80.88271,-6.89274,-0.04904,-0.00511,0.72818,0.68361
1317618123.85818,369.60070,88.19568,-7.25497,-0.05285,-0.00650,0.71895,0.69302
1317618124.89456,369.31292,97.56068,-7.69385,-0.03849,0.00065,0.71669,0.69633
1317618125.61952,368.83484,103.61061,-8.40929,-0.03797,-0.01110,0.74385,0.66718
1317618126.44919,367.92387,110.79770,-8.73269,-0.01184,0.02061,0.74713,0.66425
1317618126.86401,367.43178,114.70119,-8.95314,-0.01956,0.01518,0.73976,0.67241
1317618127.58969,366.75802,122.08440,-9.37768,-0.02432,0.01360,0.72841,0.68457
1317618128.41913,366.31743,131.35336,-9.76191,-0.02022,0.01859,0.71405,0.69955
1317618129.04056,366.15216,138.40678,-10.14447,-0.01261,0.02035,0.71327,0.70048
1317618129.55828,365.94581,144.16386,-10.35922,-0.01286,0.02409,0.72424,0.68901
1317618129.97291,365.64372,148.75684,-10.51958,-0.01405,0.02301,0.72802,0.68502
1317618130.28382,365.39621,152.18047,-10.69621,-0.01667,0.02263,0.72943,0.68348
1317618130.49105,365.22126,154.44740,-10.80905,-0.01129,0.01994,0.72979,0.68329
1317618130.90579,364.88516,158.96113,-10.99810,-0.01514,0.02891,0.73320,0.67923
1317618131.42399,364.38299,164.52050,-11.24098,-0.01480,0.02089,0.73703,0.67538
1317618132.04600,363.74125,171.09775,-11.57165,-0.01896,0.02330,0.73823,0.67388
1317618132.56423,363.21070,176.43282,-11.82095,-0.01263,0.02516,0.73807,0.67414
1317618132.97882,362.76310,180.64508,-11.99985,-0.01750,0.01597,0.73603,0.67654
1317618133.60065,362.22633,187.06789,-12.29957,-0.01447,0.01945,0.72769,0.68548
1317618134.01511,361.94604,191.38116,-12.45101,-0.01427,0.03058,0.72305,0.68997
1317618134.42971,361.69371,195.82680,-12.71830,-0.01660,0.02670,0.72015,0.69311
1317618135.25886,361.38517,204.94255,-13.24638,-0.02288,0.02354,0.71054,0.70289
1317618135.88075,361.27083,211.84646,-13.66588,-0.02278,0.02436,0.70629,0.70714
1317618136.29541,361.27135,216.32199,-13.90438,-0.02192,0.02404,0.70365,0.70980
1317618136.71010,359.65454,220.92645,-14.13065,0.01154,0.06017,0.68802,0.72310
1317618137.22845,359.94015,226.10106,-14.58476,-0.01004,0.03656,0.67799,0.73410
1317618137.74653,360.31894,230.92963,-14.83848,-0.00564,0.04050,0.67373,0.73784
1317618138.26496,360.69710,235.28789,-15.05548,-0.01536,0.03834,0.66462,0.74604
1317618139.19839,361.72773,241.82673,-15.46013,-0.00125,0.04723,0.61712,0.78545
1317618140.13055,362.94251,246.58654,-15.71407,0.00637,0.05373,0.61765,0.78459
1317618141.06271,363.56140,250.30160,-15.92237,0.00642,0.05052,0.68005,0.73139
1317618141.68503,363.60326,252.64777,-16.04472,-0.00069,0.04074,0.70872,0.70431
1317618144.37947,364.21735,262.73139,-16.64166,-0.00501,0.03232,0.66913,0.74243
1317618145.51668,363.94325,266.36623,-16.78316,-0.01168,0.02434,0.81009,0.58568
1317618146.24098,362.43562,269.13117,-16.88985,-0.00169,0.02950,0.91330,0.40622
1317618146.75906,360.41737,270.90446,-16.90059,0.00144,0.03615,0.96440,0.26197
1317618147.17427,356.56795,271.19000,-16.98595,-0.00410,0.04743,0.98244,0.18040
1317618147.69323,353.28804,272.27219,-17.02366,0.00539,0.05511,0.99333,0.10111
1317618148.21218,349.07999,272.88814,-17.02512,0.00261,0.05935,0.99703,0.04909
1317618148.73141,344.21787,273.24353,-17.03179,0.00345,0.05572,0.99753,0.04258
1317618149.04248,341.08449,273.49525,-17.01345,0.00165,0.05351,0.99774,0.04049
1317618149.45681,336.71178,273.78395,-17.00584,-0.00090,0.05400,0.99786,0.03683
1317618149.76766,333.30618,273.98236,-17.01209,0.00081,0.05411,0.99800,0.03276
1317618150.07845,329.78904,274.23875,-16.97559,-0.00764,0.05535,0.99809,0.02617
1317618150.49287,325.08137,274.42916,-17.04530,0.00677,0.05528,0.99823,0.02109
1317618150.80382,321.52007,274.53557,-16.98189,-0.00282,0.05251,0.99850,0.01552
1317618151.32189,315.66352,274.63566,-16.95106,-0.00443,0.05221,0.99862,0.00194
1317618151.63263,312.22946,274.58484,-16.94099,-0.00514,0.05299,0.99856,-0.00616
1317618151.94351,308.79481,274.51327,-16.92913,-0.00381,0.05336,0.99846,-0.01474
1317618152.25431,305.37279,274.37180,-16.89892,-0.00149,0.05638,0.99817,-0.02176
1317618152.56515,301.98150,274.16743,-16.85974,-0.00295,0.06061,0.99771,-0.02986
1317618152.77238,299.72843,273.99864,-16.85565,-0.00357,0.06253,0.99743,-0.03483
1317618152.97973,297.46797,273.82550,-16.81024,-0.00359,0.06107,0.99738,-0.03866
1317618153.29059,294.08526,273.52716,-16.77417,-0.00168,0.06069,0.99721,-0.04348
1317618153.49784,291.78587,273.30012,-16.75147,-0.00167,0.06142,0.99702,-0.04662
1317618153.80868,288.37618,272.94961,-16.71121,-0.00076,0.06133,0.99680,-0.05135
1317618154.11957,284.95268,272.53480,-16.66227,-0.00132,0.06158,0.99654,-0.05578
1317618154.43035,281.47730,272.12469,-16.61889,-0.00096,0.05941,0.99633,-0.06166
1317618154.74108,278.01119,271.64976,-16.57741,-0.00281,0.06017,0.99597,-0.06643
1317618155.05192,274.51089,271.13065,-16.52902,-0.00033,0.05804,0.99575,-0.07149
1317618155.36277,271.00282,270.55316,-16.47702,-0.00370,0.05750,0.99534,-0.07729
1317618155.57000,268.60461,270.17039,-16.39212,-0.00066,0.05461,0.99512,-0.08217
1317618155.88072,265.07769,269.54439,-16.37547,-0.00319,0.05462,0.99450,-0.08936
1317618156.08783,262.70612,269.09925,-16.30743,-0.00370,0.05110,0.99419,-0.09468
1317618156.29508,260.32654,268.62139,-16.28081,-0.00216,0.05005,0.99366,-0.10067
1317618156.39872,259.14531,268.36675,-16.26739,-0.00047,0.04896,0.99345,-0.10329
1317618156.60578,256.75807,267.84738,-16.22713,-0.00128,0.05300,0.99261,-0.10919
1317618156.81313,254.34009,267.29313,-16.19352,-0.00306,0.05056,0.99205,-0.11524
1317618157.12398,249.35898,264.99242,-16.07056,-0.00275,0.05177,0.99159,-0.11856
1317618157.33121,247.49438,264.59326,-16.03615,-0.00248,0.05161,0.99069,-0.12595
1317618157.53919,245.11689,263.96244,-15.98789,-0.00346,0.05283,0.98986,-0.13179
1317618157.74568,242.73423,263.30382,-15.93301,-0.00527,0.05244,0.98916,-0.13707
1317618157.95293,240.37053,262.61599,-15.88915,-0.00067,0.05524,0.98852,-0.14061
1317618158.47111,234.49298,260.84162,-15.76618,-0.00491,0.05692,0.98710,-0.14960
1317618158.78196,230.93422,259.71005,-15.65568,-0.00126,0.05317,0.98641,-0.15544
1317618158.98919,228.60291,258.92685,-15.60903,-0.00065,0.05756,0.98522,-0.16133
1317618159.19642,226.25305,258.10439,-15.56036,-0.00075,0.05961,0.98419,-0.16678
1317618159.40371,223.93143,257.26388,-15.46159,-0.00550,0.06083,0.98322,-0.17187
1317618159.81815,219.30137,255.52425,-15.32737,-0.00192,0.06106,0.98177,-0.17998
1317618160.12896,215.86675,254.18565,-15.20143,-0.00213,0.05782,0.98123,-0.18397
1317618160.54355,211.37438,252.38464,-15.05289,-0.00084,0.05499,0.98059,-0.18821
1317618160.75078,209.11627,251.43542,-14.95461,-0.00355,0.05806,0.97968,-0.19193
1317618160.95801,206.85869,250.46275,-14.91869,-0.00019,0.05872,0.97882,-0.19614
1317618161.26873,203.52373,249.03597,-14.76392,-0.00062,0.05722,0.97795,-0.20083
1317618161.57945,200.16045,247.55648,-14.65703,-0.00333,0.05651,0.97661,-0.20745
1317618161.78668,197.95484,246.54675,-14.58063,-0.00123,0.05292,0.97599,-0.21127
1317618161.99403,195.73283,245.50899,-14.57307,0.00360,0.04864,0.97531,-0.21540
1317618162.20127,193.56212,244.48597,-14.46361,-0.00260,0.05046,0.97409,-0.22046
1317618162.30495,192.46047,243.96461,-14.43545,-0.00152,0.04677,0.97364,-0.22326
1317618162.61594,189.22904,242.34289,-14.32659,-0.00339,0.04914,0.97162,-0.23135
1317618162.92669,186.04467,240.71499,-14.15683,0.00185,0.04192,0.97049,-0.23748
1317618163.23767,182.94170,239.00341,-14.10980,-0.00166,0.04617,0.96877,-0.24363
1317618163.65213,178.81692,236.74137,-13.94457,-0.00439,0.05065,0.96650,-0.25157
1317618163.96288,175.79488,235.05143,-13.83711,-0.00315,0.05318,0.96461,-0.25825
1317618164.37732,171.73792,232.64421,-13.71399,-0.00228,0.05046,0.96253,-0.26644
1317618164.68804,168.72919,230.80419,-13.65749,0.00183,0.05051,0.96068,-0.27304
1317618164.99889,165.66940,228.88473,-13.54191,-0.00031,0.05818,0.95819,-0.28015
1317618165.30973,161.13671,225.09689,-13.10479,-0.00572,0.06716,0.95669,-0.28318
1317618165.62070,158.61321,223.48174,-13.03668,-0.00964,0.06821,0.95412,-0.29140
1317618165.82808,156.60402,222.09671,-12.97418,-0.00642,0.06582,0.95305,-0.29550
1317618165.93180,155.61195,221.40286,-12.91834,-0.00709,0.06401,0.95263,-0.29724
1317618166.13903,153.66305,220.03466,-12.84371,-0.00860,0.06476,0.95128,-0.30132
1317618166.34641,151.68835,218.62498,-12.76866,-0.00925,0.06373,0.95010,-0.30522
1317618166.76085,147.80618,215.75678,-12.62157,-0.01008,0.06053,0.94788,-0.31266
1317618167.07170,144.91711,213.57399,-12.52057,-0.00526,0.06391,0.94589,-0.31809
1317618167.27895,143.01288,212.11199,-12.38671,-0.00652,0.06331,0.94493,-0.32101
1317618167.38254,142.07081,211.38451,-12.32968,-0.00834,0.06080,0.94434,-0.32320
1317618167.58967,140.22450,209.92353,-12.24783,-0.00665,0.06351,0.94244,-0.32821
1317618167.79677,138.33411,208.40020,-12.12242,-0.00787,0.06167,0.94140,-0.33153
1317618168.10760,135.55567,206.13527,-11.97275,-0.00961,0.06620,0.93878,-0.33797
1317618168.52206,131.88111,203.02875,-11.83364,-0.01045,0.06517,0.93483,-0.34891
1317618168.93666,128.23978,199.82230,-11.65617,-0.00930,0.07001,0.93131,-0.35732
1317618169.14388,126.43521,198.17939,-11.56258,-0.00996,0.06863,0.93001,-0.36092
1317618169.35123,124.64125,196.53892,-11.45765,-0.00969,0.06732,0.92866,-0.36465
1317618169.66222,122.04070,194.08400,-11.31503,-0.00552,0.06761,0.92596,-0.37149
1317618170.18053,117.77340,189.93243,-11.05480,-0.00556,0.06421,0.92199,-0.38181
1317618170.59512,114.25624,186.34511,-10.80515,-0.00718,0.06314,0.91838,-0.39056
1317618170.90611,111.64521,183.56352,-10.67989,-0.00431,0.07014,0.91501,-0.39726
1317618171.42404,107.36917,178.88133,-10.34043,-0.00494,0.06189,0.91154,-0.40650
1317618171.73501,104.79589,175.97191,-10.11830,-0.00323,0.05888,0.91006,-0.41026
1317618172.04600,102.24530,173.04076,-9.93130,-0.00621,0.06277,0.90881,-0.41242
1317618172.56432,97.98480,168.14037,-9.55306,0.00159,0.04584,0.90870,-0.41492
1317618172.97902,94.59683,164.15722,-9.34272,-0.00325,0.04697,0.90889,-0.41438
1317618173.39336,91.17618,160.17717,-9.11553,-0.00947,0.06441,0.90823,-0.41338
1317618173.80786,87.80288,156.31025,-8.85807,-0.00892,0.06034,0.91016,-0.40975
1317618174.32603,83.57618,151.35152,-8.60924,-0.00246,0.06391,0.91083,-0.40781
1317618174.63704,81.05369,148.38816,-8.36718,-0.01206,0.07277,0.90922,-0.40973
1317618174.94797,78.52124,145.47024,-8.14470,-0.01036,0.07009,0.90923,-0.41023
1317618175.25882,76.02408,142.52072,-7.97460,-0.01009,0.06454,0.90940,-0.41076
1317618175.67327,72.63716,138.60548,-7.73785,-0.00847,0.06546,0.90961,-0.41020
1317618175.88053,70.97265,136.67932,-7.58131,-0.00972,0.06325,0.90982,-0.41004
1317618176.29485,67.49570,132.76386,-7.34634,-0.00538,0.06219,0.90989,-0.41013
1317618176.70931,63.49246,127.75206,-7.26318,0.00192,0.04276,0.91186,-0.40826
1317618177.02015,61.07230,125.02422,-7.08224,0.00073,0.03997,0.91176,-0.40878
1317618177.12379,60.23936,124.03621,-7.08872,-0.00150,0.05007,0.91155,-0.40813
1317618177.33099,58.48125,122.06744,-6.95350,0.00453,0.04262,0.91182,-0.40834
1317618177.84895,54.24565,117.19985,-6.65922,-0.00301,0.04908,0.91080,-0.40991
1317618178.15980,51.64929,114.28309,-6.39700,0.00466,0.04262,0.91108,-0.41001
1317618178.47064,49.11221,111.36091,-6.26258,-0.00310,0.05221,0.91039,-0.41043
1317618178.67802,47.39661,109.43490,-6.10009,-0.00271,0.04737,0.91072,-0.41029
1317618178.98891,44.82263,106.50467,-5.89347,0.00109,0.04277,0.91051,-0.41126
1317618179.19608,43.16827,104.56973,-5.85756,-0.00851,0.05330,0.91075,-0.40941
1317618179.61067,39.77069,100.68602,-5.60158,-0.00204,0.05898,0.91147,-0.40711
1317618180.02527,36.24837,96.72811,-5.30054,0.00020,0.05369,0.91143,-0.40794
1317618180.23260,34.49116,94.74003,-5.23892,-0.00014,0.05720,0.91067,-0.40915
1317618180.54345,31.86948,91.75413,-4.96152,-0.00200,0.04736,0.91085,-0.41001
1317618180.85442,29.27205,88.77046,-4.83632,0.00269,0.04976,0.91027,-0.41101
1317618181.26877,25.80941,84.78682,-4.51609,-0.00034,0.04922,0.90852,-0.41493
1317618181.57973,23.62768,81.47190,-4.43654,-0.00076,0.06050,0.90852,-0.41344
1317618181.78696,21.91482,79.51340,-4.17006,0.00042,0.04424,0.90955,-0.41323
1317618181.99432,20.21119,77.55270,-4.04550,-0.00142,0.04002,0.90959,-0.41357
1317618182.30519,17.67051,74.58918,-3.83881,0.00114,0.03721,0.90989,-0.41317
1317618182.82336,13.41085,69.70386,-3.58480,-0.00116,0.04669,0.91001,-0.41195
1317618183.13436,10.87186,66.79940,-3.37815,-0.00484,0.04578,0.91063,-0.41065
1317618183.44519,8.32626,63.92417,-3.26763,-0.00154,0.05282,0.91138,-0.40816
1317618183.65242,6.66153,62.07756,-3.07639,0.00056,0.04986,0.91196,-0.40725
1317618183.96335,4.17787,59.29545,-2.92817,-0.00369,0.05219,0.91215,-0.40651
1317618184.27423,1.71384,56.53561,-2.73254,-0.00488,0.04839,0.91222,-0.40680
1317618184.68886,-1.40136,53.01699,-2.52047,-0.00524,0.04401,0.91149,-0.40893
1317618185.10341,-4.27224,49.75647,-2.36994,-0.00594,0.05354,0.90898,-0.41335
1317618185.51787,-7.04032,46.57134,-2.14850,-0.00481,0.04825,0.90744,-0.41737
1317618185.82896,-8.98540,44.27575,-1.99225,-0.00557,0.04847,0.90643,-0.41952
1317618186.13981,-10.77906,42.10659,-1.86426,-0.00705,0.04546,0.90391,-0.42524
1317618186.34712,-11.90512,40.72826,-1.78169,-0.00801,0.04556,0.90125,-0.43083
1317618186.76169,-13.92431,38.11676,-1.66372,-0.00480,0.04551,0.89046,-0.45276
1317618187.17559,-15.63100,34.98118,-1.41331,0.00068,0.03723,0.87165,-0.48872
1317618187.58973,-16.95465,32.40135,-1.29859,0.00253,0.03528,0.83491,-0.54925
1317618188.00389,-17.81607,29.79324,-1.14817,0.00897,0.02363,0.78212,-0.62262
1317618188.41822,-18.17317,27.12501,-1.01908,0.00963,0.01842,0.71176,-0.70211
1317618188.83320,-17.85395,24.61871,-0.90195,0.01313,0.01940,0.63395,-0.77302
1317618189.14418,-17.28801,22.80601,-0.80065,0.01856,0.01072,0.57227,-0.81978
1317618189.66312,-15.73173,20.12427,-0.68132,0.02808,0.00763,0.48910,-0.87174
1317618190.18281,-14.02636,17.48366,-0.53812,0.03019,0.00747,0.46752,-0.88343
1317618190.90932,-11.66499,13.97371,-0.32200,0.02323,0.00880,0.48042,-0.87669
1317618192.15266,-8.67451,8.95919,-0.01452,0.01275,0.01114,0.51195,-0.85885
1317618194.22387,-6.01552,4.39386,0.24141,0.02029,0.02530,0.42516,-0.90454
1317618195.67356,-1.82414,1.23793,0.43624,0.01159,0.00568,0.20120,-0.97947
1317618196.91757,5.36665,-0.09661,0.49721,-0.00313,0.00026,0.00064,-0.99999
1317618197.74763,11.88484,0.17224,0.45125,0.00431,-0.00166,-0.02468,-0.99968
1317618198.47319,18.33157,0.55480,0.44694,0.00520,-0.00274,-0.03033,-0.99952
1317618198.99139,23.26334,0.91443,0.41280,0.00531,-0.00411,-0.03973,-0.99919
1317618199.71707,30.74339,1.58693,0.38721,0.00336,-0.00732,-0.04627,-0.99890
1317618200.33889,37.20080,2.22645,0.34743,0.00815,-0.00636,-0.04340,-0.99900
1317618201.37516,48.37728,3.19861,0.28833,0.02006,-0.00379,-0.03649,-0.99913
1317618202.30771,58.73369,3.97696,0.19495,0.00880,-0.01093,-0.03402,-0.99932
1317618203.13700,68.16204,4.67528,0.06728,0.01005,-0.00986,-0.03315,-0.99935
1317618204.17316,79.88372,5.59715,0.00163,0.00705,-0.01067,-0.03368,-0.99935
1317618204.79522,86.86898,6.21061,-0.16921,0.01597,-0.00371,-0.03194,-0.99936
1317618205.31330,92.52302,6.64933,-0.26930,0.00483,-0.00864,-0.02946,-0.99952
